<?xml version="1.0" encoding="UTF-8" ?>
<pageDefinition xmlns="http://xmlns.oracle.com/adfm/uimodel"
                version="11.1.1.50.31" id="account_basicEmployeeInfoPageDef"
                Package="oracle.fodemo.storefront.pageDefs">
  <parameters/>
  <executables>
    <page path="oracle.fodemo.storefront.pageDefs.templates_StoreFrontTemplatePageDef"
          id="pageTemplateBinding"/>
    <iterator Binds="CustomerRegistration" RangeSize="25"
              DataControl="StoreServiceAMDataControl"
              id="CustomerRegistrationIterator"/>
  </executables>
  <bindings>
    <attributeValues IterBinding="CustomerRegistrationIterator"
                     id="PrincipalName">
      <AttrNames>
        <Item Value="PrincipalName"/>
      </AttrNames>
    </attributeValues>
    <attributeValues IterBinding="CustomerRegistrationIterator" id="FirstName">
      <AttrNames>
        <Item Value="FirstName"/>
      </AttrNames>
    </attributeValues>
    <attributeValues IterBinding="CustomerRegistrationIterator" id="LastName">
      <AttrNames>
        <Item Value="LastName"/>
      </AttrNames>
    </attributeValues>
    <attributeValues IterBinding="CustomerRegistrationIterator"
                     id="ProvisionedFlag">
      <AttrNames>
        <Item Value="ProvisionedFlag"/>
      </AttrNames>
    </attributeValues>
    <attributeValues IterBinding="CustomerRegistrationIterator"
                     id="PrimaryAddressId">
      <AttrNames>
        <Item Value="PrimaryAddressId"/>
      </AttrNames>
    </attributeValues>
    <attributeValues IterBinding="CustomerRegistrationIterator"
                     id="RegisteredDate">
      <AttrNames>
        <Item Value="RegisteredDate"/>
      </AttrNames>
    </attributeValues>
    <attributeValues IterBinding="CustomerRegistrationIterator"
                     id="MembershipId">
      <AttrNames>
        <Item Value="MembershipId"/>
      </AttrNames>
    </attributeValues>
    <attributeValues IterBinding="CustomerRegistrationIterator" id="Email">
      <AttrNames>
        <Item Value="Email"/>
      </AttrNames>
    </attributeValues>
    <attributeValues IterBinding="CustomerRegistrationIterator"
                     id="ConfirmedEmail" ApplyValidation="true">
      <AttrNames>
        <Item Value="ConfirmedEmail"/>
      </AttrNames>
    </attributeValues>
    <attributeValues IterBinding="CustomerRegistrationIterator"
                     id="PhoneNumber">
      <AttrNames>
        <Item Value="PhoneNumber"/>
      </AttrNames>
    </attributeValues>
    <attributeValues IterBinding="CustomerRegistrationIterator"
                     id="MobilePhoneNumber">
      <AttrNames>
        <Item Value="MobilePhoneNumber"/>
      </AttrNames>
    </attributeValues>
    <attributeValues IterBinding="CustomerRegistrationIterator"
                     id="CreditLimit">
      <AttrNames>
        <Item Value="CreditLimit"/>
      </AttrNames>
    </attributeValues>
    <attributeValues IterBinding="CustomerRegistrationIterator"
                     id="DateOfBirth">
      <AttrNames>
        <Item Value="DateOfBirth"/>
      </AttrNames>
    </attributeValues>
    <attributeValues IterBinding="CustomerRegistrationIterator"
                     id="ChildrenUnder18">
      <AttrNames>
        <Item Value="ChildrenUnder18"/>
      </AttrNames>
    </attributeValues>
    <attributeValues IterBinding="CustomerRegistrationIterator"
                     id="ApproximateIncome">
      <AttrNames>
        <Item Value="ApproximateIncome"/>
      </AttrNames>
    </attributeValues>
    <attributeValues IterBinding="CustomerRegistrationIterator"
                     id="ContactableFlag">
      <AttrNames>
        <Item Value="ContactableFlag"/>
      </AttrNames>
    </attributeValues>
    <attributeValues IterBinding="CustomerRegistrationIterator"
                     id="ContactByAffilliatesFlag">
      <AttrNames>
        <Item Value="ContactByAffilliatesFlag"/>
      </AttrNames>
    </attributeValues>
    <attributeValues IterBinding="CustomerRegistrationIterator"
                     id="ObjectVersionId">
      <AttrNames>
        <Item Value="ObjectVersionId"/>
      </AttrNames>
    </attributeValues>
    <attributeValues IterBinding="CustomerRegistrationIterator"
                     id="ContactableCheckBox">
      <AttrNames>
        <Item Value="ContactableCheckBox"/>
      </AttrNames>
    </attributeValues>
    <attributeValues IterBinding="CustomerRegistrationIterator"
                     id="ContactByAffiliatesCheckBox">
      <AttrNames>
        <Item Value="ContactByAffiliatesCheckBox"/>
      </AttrNames>
    </attributeValues>
    <list IterBinding="CustomerRegistrationIterator" id="Title" Uses="TitleLOV"
          StaticList="false"/>
    <list IterBinding="CustomerRegistrationIterator" id="PersonTypeCode"
          Uses="PersonTypeCodeLOV" StaticList="false"/>
    <list IterBinding="CustomerRegistrationIterator" id="Gender"
          Uses="GenderLOV" StaticList="false"/>
    <list IterBinding="CustomerRegistrationIterator" id="MaritalStatusCode"
          Uses="MaritalStatusCodeLOV" StaticList="false"/>
    <list IterBinding="CustomerRegistrationIterator" id="ContactMethodCode"
          Uses="ContactMethodCodeLOV" StaticList="false"/>
  </bindings>
  <ResourceBundle>
    <PropertiesBundle xmlns="http://xmlns.oracle.com/adfm/resourcebundle"
                      PropertiesFile="oracle.fodemo.storefront.StoreFrontUIBundle"/>
  </ResourceBundle>
</pageDefinition>

