<?xml version="1.0" encoding="UTF-8" ?>
<pageDefinition xmlns="http://xmlns.oracle.com/adfm/uimodel"
                version="11.1.1.45.87" id="account_paymentOptionsPageDef"
                Package="oracle.fodemo.storefront.pageDefs">
  <parameters/>
  <executables>
    <page path="oracle.fodemo.storefront.pageDefs.templates_StoreFrontTemplatePageDef"
          id="pageTemplateBinding"/>
    <iterator Binds="CustomerPaymentOption" RangeSize="25"
              DataControl="StoreServiceAMDataControl"
              id="CustomerPaymentOptionIterator"/>
  </executables>
  <bindings>
    <tree IterBinding="CustomerPaymentOptionIterator"
          id="CustomerPaymentOption">
      <nodeDefinition DefName="oracle.fodemo.storefront.account.queries.CustomerPaymentOptionVO">
        <AttrNames>
          <Item Value="PaymentOptionId"/>
          <Item Value="PaymentTypeCode"/>
          <Item Value="BillingAddressId"/>
          <Item Value="AccountNumber"/>
          <Item Value="CardTypeCode"/>
          <Item Value="ExpireDate"/>
          <Item Value="CheckDigits"/>
          <Item Value="RoutingIdentifier"/>
          <Item Value="InstitutionName"/>
          <Item Value="ValidFromDate"/>
          <Item Value="ValidToDate"/>
        </AttrNames>
      </nodeDefinition>
    </tree>
  </bindings>
</pageDefinition>
