<?xml version="1.0" encoding="UTF-8" ?>
<pageDefinition xmlns="http://xmlns.oracle.com/adfm/uimodel"
                version="11.1.1.45.87" id="account_defineAddressesPageDef"
                Package="oracle.fodemo.storefront.pageDefs">
  <parameters/>
  <executables>
    <page path="oracle.fodemo.storefront.pageDefs.templates_StoreFrontTemplatePageDef"
          id="pageTemplateBinding"/>
    <iterator Binds="CustomerAddress" RangeSize="25"
              DataControl="StoreServiceAMDataControl"
              id="CustomerAddressIterator"/>
  </executables>
  <bindings>
    <tree IterBinding="CustomerAddressIterator" id="CustomerAddress">
      <nodeDefinition DefName="oracle.fodemo.storefront.account.queries.CustomerAddressVO">
        <AttrNames>
          <Item Value="AddressId"/>
          <Item Value="Address1"/>
          <Item Value="City"/>
          <Item Value="PostalCode"/>
          <Item Value="StateProvince"/>
          <Item Value="AddressLabel"/>
        </AttrNames>
      </nodeDefinition>
    </tree>
    <attributeValues IterBinding="CustomerAddressIterator" id="AddressLabel">
      <AttrNames>
        <Item Value="AddressLabel"/>
      </AttrNames>
    </attributeValues>
    <methodAction IterBinding="CustomerAddressIterator"
                  id="discardAddressChanges" RequiresUpdateModel="true"
                  Action="invokeMethod" MethodName="refreshRemoveNewCurrentRow"
                  IsViewObjectMethod="true"
                  DataControl="StoreServiceAMDataControl"
                  InstanceName="StoreServiceAMDataControl.CustomerAddress"/>
  </bindings>
</pageDefinition>
