<?xml version="1.0" encoding="UTF-8" ?>
<pageDefinition xmlns="http://xmlns.oracle.com/adfm/uimodel"
                version="11.1.1.44.87" id="cart_sidebarCartSummaryPageDef"
                Package="oracle.fodemo.storefront.pageDefs"
                EnableTokenValidation="false">
  <parameters/>
  <executables>
    <page path="oracle.fodemo.storefront.pageDefs.templates_StoreFrontTemplatePageDef"
          id="pageTemplate"/>
    <iterator id="AuthenticatedUserIterator" Binds="AuthenticatedUser"
              RangeSize="25" DataControl="StoreServiceAMDataControl"/>
    <iterator id="ShoppingCartItemsIterator" Binds="ShoppingCartItems"
              RangeSize="-1" DataControl="StoreServiceAMDataControl"/>
    <iterator Binds="DragAndDropProducts" RangeSize="25"
              DataControl="ShoppingCartStoreServiceAMDataControl" id="DragAndDropProductsIterator"/>
  </executables>
  <bindings>
    <methodAction id="syncShoppingCartForAuthenticatedUser"
                  InstanceName="StoreServiceAMDataControl.dataProvider"
                  DataControl="StoreServiceAMDataControl"
                  RequiresUpdateModel="true" Action="invokeMethod"
                  MethodName="syncShoppingCartForAuthenticatedUser"
                  IsViewObjectMethod="false">
      <NamedData NDName="productIdsAndQuantities" 
                 NDType="java.util.Map"/>
    </methodAction>
    <methodAction id="removeAllShoppingCartItems"
                  InstanceName="StoreServiceAMDataControl.dataProvider"
                  DataControl="StoreServiceAMDataControl"
                  RequiresUpdateModel="true" Action="invokeMethod"
                  MethodName="removeAllShoppingCartItems"
                  IsViewObjectMethod="false"/>
    <methodAction id="removeShoppingCartItem"
                  InstanceName="StoreServiceAMDataControl.dataProvider"
                  DataControl="StoreServiceAMDataControl"
                  RequiresUpdateModel="true" Action="invokeMethod"
                  MethodName="removeShoppingCartItem"
                  IsViewObjectMethod="false">
      <NamedData NDName="productId" NDType="java.lang.Integer"/>
    </methodAction>
    <methodAction id="addShoppingCartItem"
                  InstanceName="StoreServiceAMDataControl.dataProvider"
                  DataControl="StoreServiceAMDataControl"
                  RequiresUpdateModel="true" Action="invokeMethod"
                  MethodName="addShoppingCartItem" IsViewObjectMethod="false">
      <NamedData NDName="productId" NDType="java.lang.Integer"/>
      <NamedData NDName="quantity" NDType="java.lang.Integer"/>
    </methodAction>
    <methodAction id="updateShoppingCartItem"
                  InstanceName="StoreServiceAMDataControl.dataProvider"
                  DataControl="StoreServiceAMDataControl"
                  RequiresUpdateModel="true" Action="invokeMethod"
                  MethodName="updateShoppingCartItem"
                  IsViewObjectMethod="false">
      <NamedData NDName="productId" NDType="java.lang.Integer"/>
      <NamedData NDName="quantity" NDType="java.lang.Integer"/>
    </methodAction>
    <tree IterBinding="ShoppingCartItemsIterator" id="ShoppingCartItems">
      <nodeDefinition DefName="oracle.fodemo.storefront.store.queries.OrderItemsVO">
        <AttrNames>
          <Item Value="AdditionalInfo"/>
          <Item Value="CategoryDescription"/>
          <Item Value="CategoryId"/>
          <Item Value="CategoryId1"/>
          <Item Value="CategoryName"/>
          <Item Value="CostPrice"/>
          <Item Value="CreatedBy2"/>
          <Item Value="CreationDate2"/>
          <Item Value="DefaultViewFlag"/>
          <Item Value="Description"/>
          <Item Value="DetailImageId"/>
          <Item Value="Language"/>
          <Item Value="Language1"/>
          <Item Value="LastUpdateDate2"/>
          <Item Value="LastUpdatedBy2"/>
          <Item Value="LineItemId"/>
          <Item Value="LineItemTotal"/>
          <Item Value="ListPrice"/>
          <Item Value="ListPrice1_1"/>
          <Item Value="MinPrice"/>
          <Item Value="ObjectVersionId2"/>
          <Item Value="OrderId"/>
          <Item Value="ProductId"/>
          <Item Value="ProductId1"/>
          <Item Value="ProductId2"/>
          <Item Value="ProductId3"/>
          <Item Value="ProductImageId"/>
          <Item Value="ProductName"/>
          <Item Value="Quantity"/>
          <Item Value="QuantityOnHand"/>
          <Item Value="ShippingClassCode"/>
          <Item Value="ShippingCost"/>
          <Item Value="SourceLang"/>
          <Item Value="SupplierId"/>
          <Item Value="UnitPrice"/>
          <Item Value="WarrantyPeriodMonths"/>
        </AttrNames>
      </nodeDefinition>
    </tree>
    <action IterBinding="AuthenticatedUserIterator" id="ExecuteWithParamsAuthenticatedUser"
            InstanceName="StoreServiceAMDataControl.AuthenticatedUser"
            DataControl="StoreServiceAMDataControl" RequiresUpdateModel="true"
            Action="executeWithParams">
      <NamedData NDName="personid" NDType="oracle.jbo.domain.Number"/>
      <NamedData NDName="userPrincipal" NDType="java.lang.String"/>
    </action>
    <methodAction id="setSelectedShoppingCartItem"
                  InstanceName="GlobalShoppingCartContextHandler.dataProvider"
                  DataControl="GlobalShoppingCartContextHandler"
                  RequiresUpdateModel="true" Action="invokeMethod"
                  MethodName="setSelectedShoppingCartItem"
                  IsViewObjectMethod="false">
      <NamedData NDName="item" NDType="java.util.HashMap"/>
    </methodAction>
    <action IterBinding="DragAndDropProductsIterator" id="FindProductExecuteWithParams"
            InstanceName="StoreServiceAMDataControl.DragAndDropProducts"
            DataControl="StoreServiceAMDataControl" RequiresUpdateModel="true"
            Action="executeWithParams">
      <NamedData NDName="productid" NDValue=""
                 NDType="oracle.jbo.domain.Number"/>
    </action>
  </bindings>
</pageDefinition>
