<?xml version="1.0" encoding="UTF-8" ?>
<pageDefinition xmlns="http://xmlns.oracle.com/adfm/uimodel"
                version="11.1.1.44.87" id="categories_categoriesTreePageDef"
                Package="oracle.fodemo.storefront.pageDefs">
  <parameters/>
  <executables>
    <iterator Binds="ParentProductCategories" RangeSize="25"
              DataControl="StoreServiceAMDataControl"
              id="ParentProductCategoriesIterator"/>
  </executables>
  <bindings>
    <tree IterBinding="ParentProductCategoriesIterator"
          id="ParentProductCategories">
      <nodeDefinition DefName="oracle.fodemo.storefront.store.queries.ProductCategoriesVO">
        <AttrNames>
          <Item Value="CategoryId"/>
          <Item Value="CategoryName"/>
          <Item Value="ParentCategoryId"/>
        </AttrNames>
        <Accessors>
          <Item Value="ProductCategoriesVO"/>
        </Accessors>
      </nodeDefinition>
      <nodeDefinition DefName="oracle.fodemo.storefront.store.queries.ProductCategoriesVO">
        <AttrNames>
          <Item Value="CategoryId"/>
          <Item Value="CategoryName"/>
          <Item Value="ParentCategoryId"/>
        </AttrNames>
      </nodeDefinition>
    </tree>
    <methodAction id="setSelectedProductCategory"
                  InstanceName="CategoriesContextHandler.dataProvider"
                  DataControl="CategoriesContextHandler"
                  RequiresUpdateModel="true" Action="invokeMethod"
                  MethodName="setSelectedProductCategory"
                  IsViewObjectMethod="false"
                  ReturnName="CategoriesContextHandler.methodResults.CategoriesContextHandler_dataProvider_setSelectedProductCategory_result">
      <NamedData NDName="categoryName" NDType="java.lang.String"/>
      <NamedData NDName="categoryId" NDType="oracle.jbo.domain.Number"/>
      <events xmlns="http://xmlns.oracle.com/adfm/contextualEvent">
        <event name="selectCategory"/>
      </events>
    </methodAction>
  </bindings>
</pageDefinition>
