<?xml version="1.0" encoding="UTF-8" ?>
<pageDefinition xmlns="http://xmlns.oracle.com/adfm/uimodel"
                version="11.1.1.46.3"
                id="customer_registration_task_flow_userRegistrationCreate"
                Package="oracle.fodemo.storefront.pageDefs">
  <parameters/>
  <executables>
    <variableIterator id="variables"/>
  </executables>
  <bindings>
    <methodAction id="userRegistrationCreate"
                  InstanceName="StoreServiceAMDataControl.dataProvider"
                  DataControl="StoreServiceAMDataControl"
                  RequiresUpdateModel="true" Action="invokeMethod"
                  MethodName="userRegistrationCreate"
                  IsViewObjectMethod="false">
      <NamedData NDName="userType" NDValue="CUST" NDType="java.lang.String"/>
    </methodAction>
  </bindings>
</pageDefinition>
