<?xml version="1.0" encoding="windows-1252" ?>
<adfc-config xmlns="http://xmlns.oracle.com/adf/controller" version="1.0">
  <task-flow-definition id="customer-registration-task-flow">
    <default-activity>userRegistrationCreate</default-activity>
    <transaction>
      <new-transaction/>
    </transaction>
    <managed-bean>
      <managed-bean-name>custRegBasicInformationBean</managed-bean-name>
      <managed-bean-class>oracle.fodemo.storefront.account.view.managed.CustRegBasicInformationBean</managed-bean-class>
      <managed-bean-scope>pageFlow</managed-bean-scope>
      <managed-property>
      <property-name>allItemsIteratorName</property-name>
      <value>AvailableCategoriesShuttleListIterator</value>
    </managed-property>
    <managed-property>
      <property-name>allItemsValueAttrName</property-name>
      <value>CategoryId</value>
    </managed-property>    <managed-property>
      <property-name>allItemsDisplayAttrName</property-name>
      <value>CategoryName</value>
    </managed-property>
    <managed-property>
      <property-name>allItemsDescriptionAttrName</property-name>
      <value>CategoryDescription</value>
    </managed-property>
    <managed-property>
      <property-name>selectedValuesIteratorName</property-name>
      <value>SelectedCategoriesShuttleListIterator</value>
    </managed-property>
    <managed-property>
      <property-name>selectedValuesValueAttrName</property-name>
      <value>CategoryId</value>
    </managed-property>
    </managed-bean>
    <managed-bean>
      <managed-bean-name>custRegDefineAddressesBean</managed-bean-name>
      <managed-bean-class>oracle.fodemo.storefront.account.view.managed.CustRegDefineAddressesBean</managed-bean-class>
      <managed-bean-scope>pageFlow</managed-bean-scope>
    </managed-bean>
    <exception-handler>errorPage</exception-handler>
    <view id="basicInformation">
      <display-name>Basic Information</display-name>
      <page>/account/basicInformation.jsff</page>
      <train-stop>
        <display-name>Basic Information</display-name>
      </train-stop>
    </view>
    <view id="defineAddresses">
      <display-name>Address</display-name>
      <page>/account/defineAddresses.jsff</page>
      <train-stop>
        <display-name>Address</display-name>
      </train-stop>
    </view>
    <view id="paymentOptions">
      <display-name>Payment options</display-name>
      <page>/account/paymentOptions.jsff</page>
      <train-stop>
        <display-name>Payment options</display-name>
      </train-stop>
    </view>
    <view id="reviewCustomerInfo">
      <display-name>Review</display-name>
      <page>/account/reviewCustomerInfo.jsff</page>
      <train-stop>
        <display-name>Review</display-name>
      </train-stop>
    </view>
    <view id="errorPage">
      <page>/account/errorPage.jsff</page>
    </view>
    <task-flow-return id="commitReturn">
      <outcome>
        <name>summaryUserRegistration</name>
        <commit/>
      </outcome>
    </task-flow-return>
    <task-flow-return id="rollbackReturn">
      <outcome>
        <name>cancelled</name>
        <rollback/>
      </outcome>
    </task-flow-return>
    <method-call id="userRegistrationCreate">
      <method>#{bindings.userRegistrationCreate.execute}</method>
      <outcome>
        <fixed-outcome>editBasicInfo</fixed-outcome>
      </outcome>
    </method-call>
    <method-call id="createAddress">
      <method>#{bindings.CreateInsert.execute}</method>
      <outcome>
        <fixed-outcome>editAddress</fixed-outcome>
      </outcome>
    </method-call>
    <view id="addressDetails">
      <page>/account/addressDetails.jsff</page>
    </view>
    <method-call id="createPaymentOption">
      <method>#{bindings.CreateInsert.execute}</method>
      <outcome>
        <fixed-outcome>editPaymentOption</fixed-outcome>
      </outcome>
    </method-call>
    <view id="paymentOptionDetails">
      <page>/account/paymentOptionDetails.jsff</page>
    </view>
    <train/>
    <control-flow-rule>
      <from-activity-id>defineAddresses</from-activity-id>
      <control-flow-case>
        <from-outcome>goCreateAddress</from-outcome>
        <to-activity-id>createAddress</to-activity-id>
      </control-flow-case>
      <control-flow-case>
        <from-outcome>goAddressDetails</from-outcome>
        <to-activity-id>addressDetails</to-activity-id>
      </control-flow-case>
    </control-flow-rule>
    <control-flow-rule>
      <from-activity-id>reviewCustomerInfo</from-activity-id>
      <control-flow-case>
        <from-outcome>commitData</from-outcome>
        <to-activity-id>commitReturn</to-activity-id>
      </control-flow-case>
      <control-flow-case>
        <from-outcome>goBack</from-outcome>
        <to-activity-id>paymentOptions</to-activity-id>
      </control-flow-case>
      <control-flow-case>
        <from-outcome>goBasicInfo</from-outcome>
        <to-activity-id>basicInformation</to-activity-id>
      </control-flow-case>
      <control-flow-case>
        <from-outcome>goDefineAddresses</from-outcome>
        <to-activity-id>defineAddresses</to-activity-id>
      </control-flow-case>
      <control-flow-case>
        <from-outcome>goPaymentOptions</from-outcome>
        <to-activity-id>paymentOptions</to-activity-id>
      </control-flow-case>
    </control-flow-rule>
    <control-flow-rule>
      <from-activity-id>*</from-activity-id>
      <control-flow-case>
        <from-outcome>cancelRegistration</from-outcome>
        <to-activity-id>rollbackReturn</to-activity-id>
      </control-flow-case>
    </control-flow-rule>
    <control-flow-rule>
      <from-activity-id>userRegistrationCreate</from-activity-id>
      <control-flow-case>
        <from-outcome>editBasicInfo</from-outcome>
        <to-activity-id>basicInformation</to-activity-id>
      </control-flow-case>
    </control-flow-rule>
    <control-flow-rule>
      <from-activity-id>errorPage</from-activity-id>
      <control-flow-case>
        <from-outcome>goReview</from-outcome>
        <to-activity-id>reviewCustomerInfo</to-activity-id>
      </control-flow-case>
    </control-flow-rule>
    <control-flow-rule>
      <from-activity-id>createAddress</from-activity-id>
      <control-flow-case>
        <from-outcome>editAddress</from-outcome>
        <to-activity-id>addressDetails</to-activity-id>
      </control-flow-case>
    </control-flow-rule>
    <control-flow-rule>
      <from-activity-id>basicInformation</from-activity-id>
      <control-flow-case>
        <from-outcome>goNext</from-outcome>
        <to-activity-id>defineAddresses</to-activity-id>
      </control-flow-case>
    </control-flow-rule>
    <control-flow-rule>
      <from-activity-id>addressDetails</from-activity-id>
      <control-flow-case>
        <from-outcome>goDefineAddresses</from-outcome>
        <to-activity-id>defineAddresses</to-activity-id>
      </control-flow-case>
      <control-flow-case>
        <from-outcome>goCreateAddress</from-outcome>
        <to-activity-id>createAddress</to-activity-id>
      </control-flow-case>
    </control-flow-rule>
    <control-flow-rule>
      <from-activity-id>paymentOptions</from-activity-id>
      <control-flow-case>
        <from-outcome>goCreatePaymentOption</from-outcome>
        <to-activity-id>createPaymentOption</to-activity-id>
      </control-flow-case>
      <control-flow-case>
        <from-outcome>goPaymentOptionDetails</from-outcome>
        <to-activity-id>paymentOptionDetails</to-activity-id>
      </control-flow-case>
    </control-flow-rule>
    <control-flow-rule>
      <from-activity-id>createPaymentOption</from-activity-id>
      <control-flow-case>
        <from-outcome>editPaymentOption</from-outcome>
        <to-activity-id>paymentOptionDetails</to-activity-id>
      </control-flow-case>
    </control-flow-rule>
    <control-flow-rule>
      <from-activity-id>paymentOptionDetails</from-activity-id>
      <control-flow-case>
        <from-outcome>goCreatePaymentOption</from-outcome>
        <to-activity-id>createPaymentOption</to-activity-id>
      </control-flow-case>
      <control-flow-case>
        <from-outcome>goDefinePaymentOptions</from-outcome>
        <to-activity-id>paymentOptions</to-activity-id>
      </control-flow-case>
    </control-flow-rule>
    <use-page-fragments/>
  </task-flow-definition>
</adfc-config>
