<?xml version="1.0" encoding="windows-1252"?>
<faces-config version="1.2" xmlns="http://java.sun.com/xml/ns/javaee">
  <application>
    <default-render-kit-id>oracle.adf.rich</default-render-kit-id>
    <message-bundle>oracle.fodemo.storefront.resources.UIStrings</message-bundle>
    <locale-config>
      <default-locale>en</default-locale>
    </locale-config>
   <resource-bundle>
      <base-name>oracle.fodemo.storefront.StoreFrontUIBundle</base-name>
      <var>res</var>
    </resource-bundle>
  </application>
</faces-config>