<?xml version="1.0" encoding="windows-1252" ?>
<adfc-config xmlns="http://xmlns.oracle.com/adf/controller" version="1.0">
  <task-flow-definition id="user-registration-task-flow">
    <default-activity>welcomeUserRegistration</default-activity>
    <managed-bean>
      <managed-bean-name>welcomeUserRegistrationBean</managed-bean-name>
      <managed-bean-class>oracle.fodemo.storefront.account.view.managed.WelcomeUserRegistrationBean</managed-bean-class>
      <managed-bean-scope>pageFlow</managed-bean-scope>
    </managed-bean>
    <managed-bean>
      <managed-bean-name>routingRulesBean</managed-bean-name>
      <managed-bean-class>oracle.fodemo.storefront.account.view.managed.RoutingRulesBean</managed-bean-class>
      <managed-bean-scope>request</managed-bean-scope>
      <managed-property>
        <property-name>userPrincipalName</property-name>
        <value></value>
      </managed-property>
    </managed-bean>
    <task-flow-call id="customer-registration-task-flow">
      <task-flow-reference>
        <document>/WEB-INF/customer-registration-task-flow.xml</document>
        <id>customer-registration-task-flow</id>
      </task-flow-reference>
      
    </task-flow-call>
    <task-flow-call id="employee-registration-task-flow">
      <task-flow-reference>
        <document>/WEB-INF/employee-registration-task-flow.xml</document>
        <id>employee-registration-task-flow</id>
      </task-flow-reference>
  
    </task-flow-call>
    <router id="isCreateEmployee">
      <case>
        <expression>#{(pageFlowScope.welcomeUserRegistrationBean.userSelection
                    eq 'Customer') or (userInfoBean.principalName != 'SKING')}</expression>
        <outcome>newCustomer</outcome>
      </case>
      <default-outcome>newEmployee</default-outcome>
    </router>
    <view id="welcomeUserRegistration">
      <page>/account/welcomeUserRegistration.jsff</page>
    </view>
    <control-flow-rule>
      <from-activity-id>isCreateEmployee</from-activity-id>
      <control-flow-case>
        <from-outcome>newCustomer</from-outcome>
        <to-activity-id>customer-registration-task-flow</to-activity-id>
      </control-flow-case>
      <control-flow-case>
        <from-outcome>newEmployee</from-outcome>
        <to-activity-id>employee-registration-task-flow</to-activity-id>
      </control-flow-case>
    </control-flow-rule>
    <control-flow-rule>
      <from-activity-id>welcomeUserRegistration</from-activity-id>
      <control-flow-case>
        <from-outcome>goRoute</from-outcome>
        <to-activity-id>isCreateEmployee</to-activity-id>
      </control-flow-case>
    </control-flow-rule>
    
    <use-page-fragments/>
  </task-flow-definition>
</adfc-config>
