<?xml version = '1.0' encoding = 'windows-1252'?>
<weblogic-web-app xmlns:xsi="http://www.w3.org/2001/XMLSchema-instance" xsi:schemaLocation="http://www.bea.com/ns/weblogic/weblogic-web-app.xsd" xmlns="http://www.bea.com/ns/weblogic/weblogic-web-app">
<security-role-assignment>
      <role-name>fod-users</role-name>
      <principal-name>users</principal-name>
      </security-role-assignment>
       <resource-description>
     <res-ref-name>jdbc/FODDS</res-ref-name>
     <jndi-name>jdbc/FODDS</jndi-name>
  </resource-description> 
</weblogic-web-app>