<?xml version="1.0" encoding="windows-1252" ?>
<!DOCTYPE ViewObject SYSTEM "jbo_03_01.dtd">
<!---->
<ViewObject
  xmlns="http://xmlns.oracle.com/bc4j"
  Name="AddressesLookupVO"
  BindingStyle="OracleName"
  CustomQuery="true"
  PageIterMode="Full"
  UseGlueCode="false">
  <SQLQuery>
    <![CDATA[SELECT A.ADDRESS_ID
, AU.ASSOCIATED_OWNER_ID
, AU.OWNER_TYPE_CODE
, A.ADDRESS1
, A.ADDRESS2
, A.CITY
, A.POSTAL_CODE
, A.STATE_PROVINCE
, L.MEANING
, L2.MEANING MEANING2
, AU.USAGE_TYPE_CODE
, C.COUNTRY_NAME
FROM ADDRESSES A, ADDRESS_USAGES AU, COUNTRY_CODES C, LOOKUP_CODES L, LOOKUP_CODES L2
WHERE A.ADDRESS_ID = AU.ADDRESS_ID
AND C.ISO_COUNTRY_CODE = A.COUNTRY_ID
AND L.LOOKUP_TYPE = 'USAGE_TYPE_CODE'
AND L.LOOKUP_CODE = AU.USAGE_TYPE_CODE
AND L2.LOOKUP_TYPE = 'OWNER_TYPE_CODE'
AND L2.LOOKUP_CODE = AU.OWNER_TYPE_CODE
AND C.LANGUAGE = SYS_CONTEXT('USERENV','LANG')
AND L.LANGUAGE = SYS_CONTEXT('USERENV','LANG')
AND L2.LANGUAGE = SYS_CONTEXT('USERENV','LANG')
ORDER BY A.ADDRESS1, A.CITY, A.STATE_PROVINCE]]>
  </SQLQuery>
  <DesignTime>
    <Attr Name="_codeGenFlag2" Value="Access|VarAccess"/>
    <Attr Name="_isExpertMode" Value="true"/>
    <Attr Name="_version" Value="11.1.1.44.55"/>
  </DesignTime>
  <Variable
    Name="paramCustomerId"
    Kind="viewcriteria"
    Type="oracle.jbo.domain.Number"
    IsUpdateable="true"/>
  <ViewAttribute
    Name="AddressId"
    IsUpdateable="false"
    AttrLoad="Each"
    IsPersistent="false"
    IsNotNull="true"
    PrecisionRule="true"
    Type="oracle.jbo.domain.Number"
    ColumnType="NUMBER"
    AliasName="ADDRESS_ID"
    Expression="ADDRESS_ID"
    SQLType="NUMERIC">
    <DesignTime>
      <Attr Name="_DisplaySize" Value="22"/>
    </DesignTime>
    <Properties>
      <SchemaBasedProperties>
        <LABEL
          ResId="AddressId_LABEL"/>
      </SchemaBasedProperties>
    </Properties>
  </ViewAttribute>
  <ViewAttribute
    Name="AssociatedOwnerId"
    IsUpdateable="false"
    AttrLoad="Each"
    IsPersistent="false"
    IsNotNull="true"
    PrecisionRule="true"
    Precision="15"
    Scale="0"
    Type="oracle.jbo.domain.Number"
    ColumnType="NUMBER"
    AliasName="ASSOCIATED_OWNER_ID"
    Expression="ASSOCIATED_OWNER_ID"
    SQLType="NUMERIC">
    <DesignTime>
      <Attr Name="_DisplaySize" Value="22"/>
    </DesignTime>
    <Properties>
      <SchemaBasedProperties>
        <LABEL
          ResId="AssociatedOwnerId_LABEL"/>
      </SchemaBasedProperties>
    </Properties>
  </ViewAttribute>
  <ViewAttribute
    Name="OwnerTypeCode"
    IsUpdateable="false"
    AttrLoad="Each"
    IsPersistent="false"
    IsNotNull="true"
    PrecisionRule="true"
    Precision="30"
    Type="java.lang.String"
    ColumnType="VARCHAR2"
    AliasName="OWNER_TYPE_CODE"
    Expression="OWNER_TYPE_CODE"
    SQLType="VARCHAR">
    <DesignTime>
      <Attr Name="_DisplaySize" Value="30"/>
    </DesignTime>
    <Properties>
      <SchemaBasedProperties>
        <LABEL
          ResId="OwnerTypeCode_LABEL"/>
      </SchemaBasedProperties>
    </Properties>
  </ViewAttribute>
  <ViewAttribute
    Name="AddressLabel"
    IsUpdateable="false"
    AttrLoad="Each"
    IsSelected="false"
    IsPersistent="false"
    PrecisionRule="true"
    Type="java.lang.String"
    ColumnType="VARCHAR2"
    AliasName="VIEW_ATTR"
    SQLType="VARCHAR">
    <RecalcCondition>
      <![CDATA[true]]>
    </RecalcCondition>
    <TransientExpression>
      <![CDATA[Address1+", "+City+", "+StateProvince+", "+PostalCode+" -  "+CountryName]]>
    </TransientExpression>
    <Properties>
      <SchemaBasedProperties>
        <LABEL
          ResId="AddressLabel_LABEL"/>
      </SchemaBasedProperties>
    </Properties>
  </ViewAttribute>
  <ViewAttribute
    Name="Address1"
    IsUpdateable="false"
    AttrLoad="Each"
    IsPersistent="false"
    IsNotNull="true"
    PrecisionRule="true"
    Precision="40"
    Type="java.lang.String"
    ColumnType="VARCHAR2"
    AliasName="ADDRESS1"
    Expression="ADDRESS1"
    SQLType="VARCHAR">
    <DesignTime>
      <Attr Name="_DisplaySize" Value="40"/>
    </DesignTime>
    <Properties>
      <SchemaBasedProperties>
        <LABEL
          ResId="Address1_LABEL"/>
      </SchemaBasedProperties>
    </Properties>
  </ViewAttribute>
  <ViewAttribute
    Name="Address2"
    IsUpdateable="false"
    AttrLoad="Each"
    IsPersistent="false"
    PrecisionRule="true"
    Precision="40"
    Type="java.lang.String"
    ColumnType="VARCHAR2"
    AliasName="ADDRESS2"
    Expression="ADDRESS2"
    SQLType="VARCHAR">
    <DesignTime>
      <Attr Name="_DisplaySize" Value="40"/>
    </DesignTime>
    <Properties>
      <SchemaBasedProperties>
        <LABEL
          ResId="Address2_LABEL"/>
      </SchemaBasedProperties>
    </Properties>
  </ViewAttribute>
  <ViewAttribute
    Name="City"
    IsUpdateable="false"
    AttrLoad="Each"
    IsPersistent="false"
    IsNotNull="true"
    PrecisionRule="true"
    Precision="40"
    Type="java.lang.String"
    ColumnType="VARCHAR2"
    AliasName="CITY"
    Expression="CITY"
    SQLType="VARCHAR">
    <DesignTime>
      <Attr Name="_DisplaySize" Value="40"/>
    </DesignTime>
    <Properties>
      <SchemaBasedProperties>
        <LABEL
          ResId="City_LABEL"/>
      </SchemaBasedProperties>
    </Properties>
  </ViewAttribute>
  <ViewAttribute
    Name="PostalCode"
    IsUpdateable="false"
    AttrLoad="Each"
    IsPersistent="false"
    PrecisionRule="true"
    Precision="12"
    Type="java.lang.String"
    ColumnType="VARCHAR2"
    AliasName="POSTAL_CODE"
    Expression="POSTAL_CODE"
    SQLType="VARCHAR">
    <DesignTime>
      <Attr Name="_DisplaySize" Value="12"/>
    </DesignTime>
    <Properties>
      <SchemaBasedProperties>
        <LABEL
          ResId="PostalCode_LABEL"/>
      </SchemaBasedProperties>
    </Properties>
  </ViewAttribute>
  <ViewAttribute
    Name="StateProvince"
    IsUpdateable="false"
    AttrLoad="Each"
    IsPersistent="false"
    IsNotNull="true"
    PrecisionRule="true"
    Precision="40"
    Type="java.lang.String"
    ColumnType="VARCHAR2"
    AliasName="STATE_PROVINCE"
    Expression="STATE_PROVINCE"
    SQLType="VARCHAR">
    <DesignTime>
      <Attr Name="_DisplaySize" Value="40"/>
    </DesignTime>
    <Properties>
      <SchemaBasedProperties>
        <LABEL
          ResId="StateProvince_LABEL"/>
      </SchemaBasedProperties>
    </Properties>
  </ViewAttribute>
  <ViewAttribute
    Name="AddressUsageDescription"
    IsUpdateable="false"
    AttrLoad="Each"
    IsPersistent="false"
    IsNotNull="true"
    PrecisionRule="true"
    Precision="80"
    Type="java.lang.String"
    ColumnType="VARCHAR2"
    AliasName="MEANING"
    Expression="MEANING"
    SQLType="VARCHAR">
    <DesignTime>
      <Attr Name="_DisplaySize" Value="80"/>
    </DesignTime>
    <Properties>
      <SchemaBasedProperties>
        <LABEL
          ResId="AddressUsageDescription_LABEL"/>
      </SchemaBasedProperties>
    </Properties>
  </ViewAttribute>
  <ViewAttribute
    Name="OwnerTypeDescription"
    IsUpdateable="false"
    AttrLoad="Each"
    IsPersistent="false"
    IsNotNull="true"
    PrecisionRule="true"
    Precision="80"
    Type="java.lang.String"
    ColumnType="VARCHAR2"
    AliasName="MEANING2"
    Expression="MEANING2"
    SQLType="VARCHAR">
    <DesignTime>
      <Attr Name="_DisplaySize" Value="80"/>
    </DesignTime>
    <Properties>
      <SchemaBasedProperties>
        <LABEL
          ResId="OwnerTypeDescription_LABEL"/>
      </SchemaBasedProperties>
    </Properties>
  </ViewAttribute>
  <ViewAttribute
    Name="UsageTypeCode"
    IsUpdateable="false"
    AttrLoad="Each"
    IsPersistent="false"
    IsNotNull="true"
    PrecisionRule="true"
    Precision="30"
    Type="java.lang.String"
    ColumnType="VARCHAR2"
    AliasName="USAGE_TYPE_CODE"
    Expression="USAGE_TYPE_CODE"
    SQLType="VARCHAR">
    <DesignTime>
      <Attr Name="_DisplaySize" Value="30"/>
    </DesignTime>
    <Properties>
      <SchemaBasedProperties>
        <LABEL
          ResId="UsageTypeCode_LABEL"/>
      </SchemaBasedProperties>
    </Properties>
  </ViewAttribute>
  <ViewAttribute
    Name="CountryName"
    IsUpdateable="false"
    AttrLoad="Each"
    IsPersistent="false"
    PrecisionRule="true"
    Precision="100"
    Type="java.lang.String"
    ColumnType="VARCHAR2"
    AliasName="COUNTRY_NAME"
    Expression="COUNTRY_NAME"
    SQLType="VARCHAR">
    <DesignTime>
      <Attr Name="_DisplaySize" Value="100"/>
    </DesignTime>
    <Properties>
      <SchemaBasedProperties>
        <LABEL
          ResId="CountryName_LABEL"/>
      </SchemaBasedProperties>
    </Properties>
  </ViewAttribute>
  <ViewCriteria
    Name="listBillingAddresses"
    ViewObjectName="oracle.fodemo.storefront.lookups.AddressesLookupVO"
    Conjunction="AND"
    Mode="3"
    AppliedIfJoinSatisfied="false">
    <Properties>
      <Property Name="autoExecute" Value="false"/>
      <Property Name="showInList" Value="true"/>
      <Property Name="mode" Value="Basic"/>
    </Properties>
    <ViewCriteriaRow
      Name="vcrow75">
      <ViewCriteriaItem
        Name="UsageTypeCode"
        ViewAttribute="UsageTypeCode"
        Operator="="
        Conjunction="AND"
        Value="IN"
        Required="Optional"/>
    </ViewCriteriaRow>
  </ViewCriteria>
  <ViewCriteria
    Name="listShippingAddresses"
    ViewObjectName="oracle.fodemo.storefront.lookups.AddressesLookupVO"
    Conjunction="AND"
    Mode="3"
    AppliedIfJoinSatisfied="false">
    <Properties>
      <Property Name="autoExecute" Value="false"/>
      <Property Name="showInList" Value="true"/>
      <Property Name="mode" Value="Basic"/>
    </Properties>
    <ViewCriteriaRow
      Name="vcrow78">
      <ViewCriteriaItem
        Name="UsageTypeCode"
        ViewAttribute="UsageTypeCode"
        Operator="="
        Conjunction="AND"
        Value="SH"
        Required="Optional"/>
    </ViewCriteriaRow>
  </ViewCriteria>
  <ViewCriteria
    Name="listCustomerAddresses"
    ViewObjectName="oracle.fodemo.storefront.lookups.AddressesLookupVO"
    Conjunction="AND"
    Mode="3"
    AppliedIfJoinSatisfied="false">
    <Properties>
      <Property Name="autoExecute" Value="false"/>
      <Property Name="showInList" Value="true"/>
      <Property Name="mode" Value="Basic"/>
    </Properties>
    <ViewCriteriaRow
      Name="vcrow79">
      <ViewCriteriaItem
        Name="AssociatedOwnerId"
        ViewAttribute="AssociatedOwnerId"
        Operator="="
        Conjunction="AND"
        Value=":paramCustomerId"
        IsBindVarValue="true"
        Required="Optional"/>
    </ViewCriteriaRow>
  </ViewCriteria>
  <LOVUIHints
    ListType="105"
    MRUCount="0"
    NullValueFlag="0">
    <AttrArray Name="ListDisplayAttrNames">
      <Item Value="AddressLabel"/>
    </AttrArray>
  </LOVUIHints>
  <ResourceBundle>
    <PropertiesBundle
      PropertiesFile="oracle.fodemo.storefront.lookups.common.AddressesLookupVOMsgBundle"/>
  </ResourceBundle>
</ViewObject>
