<?xml version="1.0" encoding="windows-1252" ?>
<!DOCTYPE ViewObject SYSTEM "jbo_03_01.dtd">
<!---->
<ViewObject
  xmlns="http://xmlns.oracle.com/bc4j"
  Name="CountriesVO"
  BindingStyle="OracleName"
  CustomQuery="true"
  FetchMode="FETCH_AS_NEEDED"
  FetchSize="500"
  Passivate="None"
  PageIterMode="Partial"
  UseGlueCode="false"
  Version="11.1.1.51.47">
  <SQLQuery>
    <![CDATA[SELECT C.ISO_COUNTRY_CODE
,C.COUNTRY_NAME
FROM COUNTRY_CODES C
WHERE LANGUAGE = SYS_CONTEXT('USERENV','LANG')
ORDER BY C.COUNTRY_NAME]]>
  </SQLQuery>
  <DesignTime>
    <Attr Name="_codeGenFlag2" Value="Access|VarAccess"/>
    <Attr Name="_isExpertMode" Value="true"/>
  </DesignTime>
  <ViewAttribute
    Name="Value"
    IsUpdateable="false"
    IsPersistent="false"
    IsNotNull="true"
    PrecisionRule="true"
    Precision="255"
    Type="java.lang.String"
    ColumnType="VARCHAR2"
    AliasName="ISO_COUNTRY_CODE"
    Expression="ISO_COUNTRY_CODE"
    SQLType="VARCHAR">
    <DesignTime>
      <Attr Name="_DisplaySize" Value="2"/>
    </DesignTime>
    <Properties>
      <SchemaBasedProperties>
        <LABEL
          ResId="Value_LABEL"/>
      </SchemaBasedProperties>
    </Properties>
  </ViewAttribute>
  <ViewAttribute
    Name="Name"
    IsUpdateable="false"
    IsPersistent="false"
    PrecisionRule="true"
    Precision="100"
    Type="java.lang.String"
    ColumnType="VARCHAR2"
    AliasName="COUNTRY_NAME"
    Expression="COUNTRY_NAME"
    SQLType="VARCHAR">
    <DesignTime>
      <Attr Name="_DisplaySize" Value="100"/>
    </DesignTime>
    <Properties>
      <SchemaBasedProperties>
        <LABEL
          ResId="Name_LABEL"/>
      </SchemaBasedProperties>
    </Properties>
  </ViewAttribute>
  <LOVUIHints
    ListType="105"
    MRUCount="0"
    NullValueFlag="none">
    <AttrArray Name="ListDisplayAttrNames">
      <Item Value="Name"/>
    </AttrArray>
    <DisplayCriteria
      Hint="showAndExecute"/>
  </LOVUIHints>
  <ResourceBundle>
    <PropertiesBundle
      PropertiesFile="oracle.fodemo.storefront.lookups.common.CountriesVOMsgBundle"/>
  </ResourceBundle>
</ViewObject>
