<?xml version="1.0" encoding="windows-1252" ?>
<!DOCTYPE AppModule SYSTEM "jbo_03_01.dtd">
<!---->
<AppModule
  xmlns="http://xmlns.oracle.com/bc4j"
  Name="LookupServiceAM"
  ClearCacheOnRollback="true">
  <DesignTime>
    <Attr Name="_deployType" Value="0"/>
    <Attr Name="_version" Value="11.1.1.44.55"/>
  </DesignTime>
  <ViewUsage
    Name="AddressOwnerTypes"
    ViewObjectName="oracle.fodemo.storefront.lookups.LookupsBaseVO">
    <ViewCriteriaUsage
      Name="listAddressOwnerTypes"
      FullName="oracle.fodemo.storefront.lookups.LookupsBaseVO.listAddressOwnerTypes"/>
  </ViewUsage>
  <ViewUsage
    Name="AddressUsageTypes"
    ViewObjectName="oracle.fodemo.storefront.lookups.LookupsBaseVO">
    <ViewCriteriaUsage
      Name="listAddressUsageTypes"
      FullName="oracle.fodemo.storefront.lookups.LookupsBaseVO.listAddressUsageTypes"/>
  </ViewUsage>
  <ViewUsage
    Name="ContactMethodTypes"
    ViewObjectName="oracle.fodemo.storefront.lookups.LookupsBaseVO">
    <ViewCriteriaUsage
      Name="listContactMethodTypes"
      FullName="oracle.fodemo.storefront.lookups.LookupsBaseVO.listContactMethodTypes"/>
  </ViewUsage>
  <ViewUsage
    Name="CreditCardTypes"
    ViewObjectName="oracle.fodemo.storefront.lookups.LookupsBaseVO">
    <ViewCriteriaUsage
      Name="listCreditCardTypes"
      FullName="oracle.fodemo.storefront.lookups.LookupsBaseVO.listCreditCardTypes"/>
  </ViewUsage>
  <ViewUsage
    Name="DiscountTypes"
    ViewObjectName="oracle.fodemo.storefront.lookups.LookupsBaseVO">
    <ViewCriteriaUsage
      Name="listDiscountTypes"
      FullName="oracle.fodemo.storefront.lookups.LookupsBaseVO.listDiscountTypes"/>
  </ViewUsage>
  <ViewUsage
    Name="GenderTypes"
    ViewObjectName="oracle.fodemo.storefront.lookups.LookupsBaseVO">
    <ViewCriteriaUsage
      Name="listGenderTypes"
      FullName="oracle.fodemo.storefront.lookups.LookupsBaseVO.listGenderTypes"/>
  </ViewUsage>
  <ViewUsage
    Name="IdentificationTypes"
    ViewObjectName="oracle.fodemo.storefront.lookups.LookupsBaseVO">
    <ViewCriteriaUsage
      Name="listIdentificationTypes"
      FullName="oracle.fodemo.storefront.lookups.LookupsBaseVO.listIdentificationTypes"/>
  </ViewUsage>
  <ViewUsage
    Name="MaritalStatusTypes"
    ViewObjectName="oracle.fodemo.storefront.lookups.LookupsBaseVO">
    <ViewCriteriaUsage
      Name="listMaritalStatusTypes"
      FullName="oracle.fodemo.storefront.lookups.LookupsBaseVO.listMaritalStatusTypes"/>
  </ViewUsage>
  <ViewUsage
    Name="MembershipTypes"
    ViewObjectName="oracle.fodemo.storefront.lookups.LookupsBaseVO">
    <ViewCriteriaUsage
      Name="listMembershipTypes"
      FullName="oracle.fodemo.storefront.lookups.LookupsBaseVO.listMembershipTypes"/>
  </ViewUsage>
  <ViewUsage
    Name="OrderStatusTypes"
    ViewObjectName="oracle.fodemo.storefront.lookups.LookupsBaseVO">
    <ViewCriteriaUsage
      Name="listOrderStatusTypes"
      FullName="oracle.fodemo.storefront.lookups.LookupsBaseVO.listOrderStatusTypes"/>
  </ViewUsage>
  <ViewUsage
    Name="PaymentTypes"
    ViewObjectName="oracle.fodemo.storefront.lookups.LookupsBaseVO">
    <ViewCriteriaUsage
      Name="listPaymentTypes"
      FullName="oracle.fodemo.storefront.lookups.LookupsBaseVO.listPaymentTypes"/>
  </ViewUsage>
  <ViewUsage
    Name="PersonTitleTypes"
    ViewObjectName="oracle.fodemo.storefront.lookups.LookupsBaseVO">
    <ViewCriteriaUsage
      Name="listPersonTitleTypes"
      FullName="oracle.fodemo.storefront.lookups.LookupsBaseVO.listPersonTitleTypes"/>
  </ViewUsage>
  <ViewUsage
    Name="PersonTypes"
    ViewObjectName="oracle.fodemo.storefront.lookups.LookupsBaseVO">
    <ViewCriteriaUsage
      Name="listPersonTypes"
      FullName="oracle.fodemo.storefront.lookups.LookupsBaseVO.listPersonTypes"/>
  </ViewUsage>
  <ViewUsage
    Name="ShippingClassTypes"
    ViewObjectName="oracle.fodemo.storefront.lookups.LookupsBaseVO">
    <ViewCriteriaUsage
      Name="listShippingClassTypes"
      FullName="oracle.fodemo.storefront.lookups.LookupsBaseVO.listShippingClassTypes"/>
  </ViewUsage>
  <ViewUsage
    Name="VerificationTypes"
    ViewObjectName="oracle.fodemo.storefront.lookups.LookupsBaseVO">
    <ViewCriteriaUsage
      Name="listVerificationTypes"
      FullName="oracle.fodemo.storefront.lookups.LookupsBaseVO.listVerificationTypes"/>
  </ViewUsage>
  <ViewUsage
    Name="AllAddresses"
    ViewObjectName="oracle.fodemo.storefront.lookups.AddressesLookupVO"/>
  <ViewUsage
    Name="BillingAddresses"
    ViewObjectName="oracle.fodemo.storefront.lookups.AddressesLookupVO">
    <ViewCriteriaUsage
      Name="listBillingAddresses"
      FullName="oracle.fodemo.storefront.lookups.AddressesLookupVO.listBillingAddresses"/>
  </ViewUsage>
  <ViewUsage
    Name="ShippingAddresses"
    ViewObjectName="oracle.fodemo.storefront.lookups.AddressesLookupVO">
    <ViewCriteriaUsage
      Name="listShippingAddresses"
      FullName="oracle.fodemo.storefront.lookups.AddressesLookupVO.listShippingAddresses"/>
  </ViewUsage>
  <ViewUsage
    Name="Countries"
    ViewObjectName="oracle.fodemo.storefront.lookups.CountriesVO"/>
</AppModule>
