<?xml version="1.0" encoding="windows-1252" ?>
<!DOCTYPE Association SYSTEM "jbo_03_01.dtd">
<!---->
<Association
  xmlns="http://xmlns.oracle.com/bc4j"
  Name="AddressUsagesAddressesFkAssoc"
  Version="11.1.1.48.45">
  <DesignTime>
    <Attr Name="_isCodegen" Value="true"/>
  </DesignTime>
  <AssociationEnd
    Name="Addresses"
    Cardinality="1"
    Source="true"
    Owner="devguige.model.eo.Addresses">
    <AttrArray Name="Attributes">
      <Item Value="devguige.model.eo.Addresses.AddressId"/>
    </AttrArray>
    <DesignTime>
      <Attr Name="_foreignKey" Value="devguige.model.eo.Addresses.AddressesPk"/>
      <Attr Name="_minCardinality" Value="1"/>
      <Attr Name="_isUpdateable" Value="true"/>
      <Attr Name="_finderName" Value="Addresses"/>
      <Attr Name="_aggregation" Value="0"/>
    </DesignTime>
  </AssociationEnd>
  <AssociationEnd
    Name="AddressUsages"
    Cardinality="-1"
    Owner="devguige.model.eo.AddressUsages">
    <AttrArray Name="Attributes">
      <Item Value="devguige.model.eo.AddressUsages.AddressId"/>
    </AttrArray>
    <DesignTime>
      <Attr Name="_foreignKey"
        Value="devguige.model.eo.AddressUsages.AddressUsagesAddressesFk"/>
      <Attr Name="_isUpdateable" Value="true"/>
      <Attr Name="_finderName" Value="AddressUsages"/>
      <Attr Name="_aggregation" Value="0"/>
    </DesignTime>
  </AssociationEnd>
</Association>
