<?xml version="1.0" encoding="windows-1252" ?>
<!DOCTYPE Entity SYSTEM "jbo_03_01.dtd">
<!---->
<Entity
  xmlns="http://xmlns.oracle.com/bc4j"
  Name="AddressUsages"
  Version="11.1.1.48.45"
  DBObjectType="table"
  DBObjectName="ADDRESS_USAGES"
  AliasName="AddressUsages"
  BindingStyle="OracleName"
  UseGlueCode="false">
  <DesignTime>
    <AttrArray Name="_publishEvents"/>
    <Attr Name="_codeGenFlag2" Value="Access"/>
  </DesignTime>
  <Attribute
    Name="AddressUsagesId"
    IsNotNull="true"
    ColumnName="ADDRESS_USAGES_ID"
    Type="oracle.jbo.domain.Number"
    ColumnType="NUMBER"
    SQLType="NUMERIC"
    TableName="ADDRESS_USAGES"
    PrimaryKey="true">
    <DesignTime>
      <Attr Name="_DisplaySize" Value="22"/>
    </DesignTime>
  </Attribute>
  <Attribute
    Name="AssociatedOwnerId"
    IsNotNull="true"
    Precision="15"
    Scale="0"
    ColumnName="ASSOCIATED_OWNER_ID"
    Type="oracle.jbo.domain.Number"
    ColumnType="NUMBER"
    SQLType="NUMERIC"
    TableName="ADDRESS_USAGES">
    <DesignTime>
      <Attr Name="_DisplaySize" Value="22"/>
    </DesignTime>
  </Attribute>
  <Attribute
    Name="OwnerTypeCode"
    IsNotNull="true"
    Precision="30"
    ColumnName="OWNER_TYPE_CODE"
    Type="java.lang.String"
    ColumnType="VARCHAR2"
    SQLType="VARCHAR"
    TableName="ADDRESS_USAGES">
    <DesignTime>
      <Attr Name="_DisplaySize" Value="30"/>
    </DesignTime>
  </Attribute>
  <Attribute
    Name="AddressId"
    IsNotNull="true"
    Precision="15"
    Scale="0"
    ColumnName="ADDRESS_ID"
    Type="oracle.jbo.domain.Number"
    ColumnType="NUMBER"
    SQLType="NUMERIC"
    TableName="ADDRESS_USAGES">
    <DesignTime>
      <Attr Name="_DisplaySize" Value="22"/>
    </DesignTime>
  </Attribute>
  <Attribute
    Name="UsageTypeCode"
    IsNotNull="true"
    Precision="30"
    ColumnName="USAGE_TYPE_CODE"
    Type="java.lang.String"
    ColumnType="VARCHAR2"
    SQLType="VARCHAR"
    TableName="ADDRESS_USAGES">
    <DesignTime>
      <Attr Name="_DisplaySize" Value="30"/>
    </DesignTime>
  </Attribute>
  <Attribute
    Name="ExpiredFlag"
    IsNotNull="true"
    Precision="1"
    ColumnName="EXPIRED_FLAG"
    Type="java.lang.String"
    ColumnType="VARCHAR2"
    SQLType="VARCHAR"
    TableName="ADDRESS_USAGES">
    <DesignTime>
      <Attr Name="_DisplaySize" Value="1"/>
    </DesignTime>
  </Attribute>
  <Attribute
    Name="CreatedBy"
    IsNotNull="true"
    Precision="60"
    ColumnName="CREATED_BY"
    Type="java.lang.String"
    ColumnType="VARCHAR2"
    SQLType="VARCHAR"
    TableName="ADDRESS_USAGES">
    <DesignTime>
      <Attr Name="_DisplaySize" Value="60"/>
    </DesignTime>
  </Attribute>
  <Attribute
    Name="CreationDate"
    IsNotNull="true"
    ColumnName="CREATION_DATE"
    Type="oracle.jbo.domain.Date"
    ColumnType="DATE"
    SQLType="TIMESTAMP"
    TableName="ADDRESS_USAGES">
    <DesignTime>
      <Attr Name="_DisplaySize" Value="7"/>
    </DesignTime>
  </Attribute>
  <Attribute
    Name="LastUpdatedBy"
    IsNotNull="true"
    Precision="60"
    ColumnName="LAST_UPDATED_BY"
    Type="java.lang.String"
    ColumnType="VARCHAR2"
    SQLType="VARCHAR"
    TableName="ADDRESS_USAGES">
    <DesignTime>
      <Attr Name="_DisplaySize" Value="60"/>
    </DesignTime>
  </Attribute>
  <Attribute
    Name="LastUpdateDate"
    IsNotNull="true"
    ColumnName="LAST_UPDATE_DATE"
    Type="oracle.jbo.domain.Date"
    ColumnType="DATE"
    SQLType="TIMESTAMP"
    TableName="ADDRESS_USAGES">
    <DesignTime>
      <Attr Name="_DisplaySize" Value="7"/>
    </DesignTime>
  </Attribute>
  <Attribute
    Name="ObjectVersionId"
    IsNotNull="true"
    Precision="15"
    Scale="0"
    ColumnName="OBJECT_VERSION_ID"
    Type="oracle.jbo.domain.Number"
    ColumnType="NUMBER"
    SQLType="NUMERIC"
    TableName="ADDRESS_USAGES">
    <DesignTime>
      <Attr Name="_DisplaySize" Value="22"/>
    </DesignTime>
  </Attribute>
  <AccessorAttribute
    Name="Addresses"
    Association="devguige.model.eo.AddressUsagesAddressesFkAssoc"
    AssociationEnd="devguige.model.eo.AddressUsagesAddressesFkAssoc.Addresses"
    AssociationOtherEnd="devguige.model.eo.AddressUsagesAddressesFkAssoc.AddressUsages"
    Type="oracle.jbo.server.EntityImpl"
    IsUpdateable="true"/>
  <Key
    Name="AddressUsagesChkExpired">
    <DesignTime>
      <Attr Name="_DBObjectName" Value="ADDRESS_USAGES_CHK_EXPIRED"/>
      <Attr Name="_isCheck" Value="true"/>
      <Attr Name="_checkCondition" Value="EXPIRED_FLAG in ('Y','N')"/>
    </DesignTime>
    <AttrArray Name="Attributes">
      <Item Value="devguige.model.eo.AddressUsages.ExpiredFlag"/>
    </AttrArray>
  </Key>
  <Key
    Name="AddressUsagesPk"
    PrimaryKey="true">
    <DesignTime>
      <Attr Name="_DBObjectName" Value="ADDRESS_USAGES_PK"/>
    </DesignTime>
    <AttrArray Name="Attributes">
      <Item Value="devguige.model.eo.AddressUsages.AddressUsagesId"/>
    </AttrArray>
  </Key>
  <Key
    Name="SysC004875">
    <DesignTime>
      <Attr Name="_DBObjectName" Value="SYS_C004875"/>
      <Attr Name="_isCheck" Value="true"/>
      <Attr Name="_checkCondition" Value='"ADDRESS_USAGES_ID" IS NOT NULL'/>
    </DesignTime>
    <AttrArray Name="Attributes">
      <Item Value="devguige.model.eo.AddressUsages.AddressUsagesId"/>
    </AttrArray>
  </Key>
  <Key
    Name="SysC004876">
    <DesignTime>
      <Attr Name="_DBObjectName" Value="SYS_C004876"/>
      <Attr Name="_isCheck" Value="true"/>
      <Attr Name="_checkCondition" Value='"ASSOCIATED_OWNER_ID" IS NOT NULL'/>
    </DesignTime>
    <AttrArray Name="Attributes">
      <Item Value="devguige.model.eo.AddressUsages.AssociatedOwnerId"/>
    </AttrArray>
  </Key>
  <Key
    Name="SysC004877">
    <DesignTime>
      <Attr Name="_DBObjectName" Value="SYS_C004877"/>
      <Attr Name="_isCheck" Value="true"/>
      <Attr Name="_checkCondition" Value='"OWNER_TYPE_CODE" IS NOT NULL'/>
    </DesignTime>
    <AttrArray Name="Attributes">
      <Item Value="devguige.model.eo.AddressUsages.OwnerTypeCode"/>
    </AttrArray>
  </Key>
  <Key
    Name="SysC004878">
    <DesignTime>
      <Attr Name="_DBObjectName" Value="SYS_C004878"/>
      <Attr Name="_isCheck" Value="true"/>
      <Attr Name="_checkCondition" Value='"ADDRESS_ID" IS NOT NULL'/>
    </DesignTime>
    <AttrArray Name="Attributes">
      <Item Value="devguige.model.eo.AddressUsages.AddressId"/>
    </AttrArray>
  </Key>
  <Key
    Name="SysC004879">
    <DesignTime>
      <Attr Name="_DBObjectName" Value="SYS_C004879"/>
      <Attr Name="_isCheck" Value="true"/>
      <Attr Name="_checkCondition" Value='"USAGE_TYPE_CODE" IS NOT NULL'/>
    </DesignTime>
    <AttrArray Name="Attributes">
      <Item Value="devguige.model.eo.AddressUsages.UsageTypeCode"/>
    </AttrArray>
  </Key>
  <Key
    Name="SysC004880">
    <DesignTime>
      <Attr Name="_DBObjectName" Value="SYS_C004880"/>
      <Attr Name="_isCheck" Value="true"/>
      <Attr Name="_checkCondition" Value='"EXPIRED_FLAG" IS NOT NULL'/>
    </DesignTime>
    <AttrArray Name="Attributes">
      <Item Value="devguige.model.eo.AddressUsages.ExpiredFlag"/>
    </AttrArray>
  </Key>
  <Key
    Name="SysC004881">
    <DesignTime>
      <Attr Name="_DBObjectName" Value="SYS_C004881"/>
      <Attr Name="_isCheck" Value="true"/>
      <Attr Name="_checkCondition" Value='"CREATED_BY" IS NOT NULL'/>
    </DesignTime>
    <AttrArray Name="Attributes">
      <Item Value="devguige.model.eo.AddressUsages.CreatedBy"/>
    </AttrArray>
  </Key>
  <Key
    Name="SysC004882">
    <DesignTime>
      <Attr Name="_DBObjectName" Value="SYS_C004882"/>
      <Attr Name="_isCheck" Value="true"/>
      <Attr Name="_checkCondition" Value='"CREATION_DATE" IS NOT NULL'/>
    </DesignTime>
    <AttrArray Name="Attributes">
      <Item Value="devguige.model.eo.AddressUsages.CreationDate"/>
    </AttrArray>
  </Key>
  <Key
    Name="SysC004883">
    <DesignTime>
      <Attr Name="_DBObjectName" Value="SYS_C004883"/>
      <Attr Name="_isCheck" Value="true"/>
      <Attr Name="_checkCondition" Value='"LAST_UPDATED_BY" IS NOT NULL'/>
    </DesignTime>
    <AttrArray Name="Attributes">
      <Item Value="devguige.model.eo.AddressUsages.LastUpdatedBy"/>
    </AttrArray>
  </Key>
  <Key
    Name="SysC004884">
    <DesignTime>
      <Attr Name="_DBObjectName" Value="SYS_C004884"/>
      <Attr Name="_isCheck" Value="true"/>
      <Attr Name="_checkCondition" Value='"LAST_UPDATE_DATE" IS NOT NULL'/>
    </DesignTime>
    <AttrArray Name="Attributes">
      <Item Value="devguige.model.eo.AddressUsages.LastUpdateDate"/>
    </AttrArray>
  </Key>
  <Key
    Name="SysC004885">
    <DesignTime>
      <Attr Name="_DBObjectName" Value="SYS_C004885"/>
      <Attr Name="_isCheck" Value="true"/>
      <Attr Name="_checkCondition" Value='"OBJECT_VERSION_ID" IS NOT NULL'/>
    </DesignTime>
    <AttrArray Name="Attributes">
      <Item Value="devguige.model.eo.AddressUsages.ObjectVersionId"/>
    </AttrArray>
  </Key>
  <Key
    Name="AddressUsagesAddressesFk">
    <DesignTime>
      <Attr Name="_DBObjectName" Value="ADDRESS_USAGES_ADDRESSES_FK"/>
      <Attr Name="_isForeign" Value="true"/>
      <Attr Name="_referencedKey" Value="ADDRESSES_PK"/>
    </DesignTime>
    <AttrArray Name="Attributes">
      <Item Value="devguige.model.eo.AddressUsages.AddressId"/>
    </AttrArray>
  </Key>
  <Key
    Name="AddressUsagesPersonsFk">
    <DesignTime>
      <Attr Name="_DBObjectName" Value="ADDRESS_USAGES_PERSONS_FK"/>
      <Attr Name="_isForeign" Value="true"/>
      <Attr Name="_referencedKey" Value="PERSONS_PK"/>
    </DesignTime>
    <AttrArray Name="Attributes">
      <Item Value="devguige.model.eo.AddressUsages.AssociatedOwnerId"/>
    </AttrArray>
  </Key>
</Entity>
