<?xml version="1.0" encoding="windows-1252" ?>
<!DOCTYPE Entity SYSTEM "jbo_03_01.dtd">
<!---->
<Entity
  xmlns="http://xmlns.oracle.com/bc4j"
  Name="Addresses"
  Version="11.1.1.48.45"
  DBObjectType="table"
  DBObjectName="ADDRESSES"
  AliasName="Addresses"
  BindingStyle="OracleName"
  UseGlueCode="false">
  <DesignTime>
    <AttrArray Name="_publishEvents"/>
    <Attr Name="_codeGenFlag2" Value="Access"/>
  </DesignTime>
  <Attribute
    Name="AddressId"
    IsNotNull="true"
    Precision="15"
    Scale="0"
    ColumnName="ADDRESS_ID"
    Type="oracle.jbo.domain.Number"
    ColumnType="NUMBER"
    SQLType="NUMERIC"
    TableName="ADDRESSES"
    PrimaryKey="true">
    <DesignTime>
      <Attr Name="_DisplaySize" Value="22"/>
    </DesignTime>
  </Attribute>
  <Attribute
    Name="Address1"
    IsNotNull="true"
    Precision="40"
    ColumnName="ADDRESS1"
    Type="java.lang.String"
    ColumnType="VARCHAR2"
    SQLType="VARCHAR"
    TableName="ADDRESSES">
    <DesignTime>
      <Attr Name="_DisplaySize" Value="40"/>
    </DesignTime>
  </Attribute>
  <Attribute
    Name="Address2"
    Precision="40"
    ColumnName="ADDRESS2"
    Type="java.lang.String"
    ColumnType="VARCHAR2"
    SQLType="VARCHAR"
    TableName="ADDRESSES">
    <DesignTime>
      <Attr Name="_DisplaySize" Value="40"/>
    </DesignTime>
  </Attribute>
  <Attribute
    Name="City"
    IsNotNull="true"
    Precision="40"
    ColumnName="CITY"
    Type="java.lang.String"
    ColumnType="VARCHAR2"
    SQLType="VARCHAR"
    TableName="ADDRESSES">
    <DesignTime>
      <Attr Name="_DisplaySize" Value="40"/>
    </DesignTime>
  </Attribute>
  <Attribute
    Name="PostalCode"
    Precision="12"
    ColumnName="POSTAL_CODE"
    Type="java.lang.String"
    ColumnType="VARCHAR2"
    SQLType="VARCHAR"
    TableName="ADDRESSES">
    <DesignTime>
      <Attr Name="_DisplaySize" Value="12"/>
    </DesignTime>
  </Attribute>
  <Attribute
    Name="StateProvince"
    IsNotNull="true"
    Precision="40"
    ColumnName="STATE_PROVINCE"
    Type="java.lang.String"
    ColumnType="VARCHAR2"
    SQLType="VARCHAR"
    TableName="ADDRESSES">
    <DesignTime>
      <Attr Name="_DisplaySize" Value="40"/>
    </DesignTime>
  </Attribute>
  <Attribute
    Name="CountryId"
    IsNotNull="true"
    Precision="2"
    ColumnName="COUNTRY_ID"
    Type="java.lang.String"
    ColumnType="CHAR"
    SQLType="CHAR"
    TableName="ADDRESSES"
    RetrievedOnUpdate="true"
    RetrievedOnInsert="true">
    <DesignTime>
      <Attr Name="_DisplaySize" Value="2"/>
    </DesignTime>
  </Attribute>
  <Attribute
    Name="Longitude"
    ColumnName="LONGITUDE"
    Type="oracle.jbo.domain.Number"
    ColumnType="NUMBER"
    SQLType="NUMERIC"
    TableName="ADDRESSES">
    <DesignTime>
      <Attr Name="_DisplaySize" Value="22"/>
    </DesignTime>
  </Attribute>
  <Attribute
    Name="Latitude"
    ColumnName="LATITUDE"
    Type="oracle.jbo.domain.Number"
    ColumnType="NUMBER"
    SQLType="NUMERIC"
    TableName="ADDRESSES">
    <DesignTime>
      <Attr Name="_DisplaySize" Value="22"/>
    </DesignTime>
  </Attribute>
  <Attribute
    Name="CreatedBy"
    IsNotNull="true"
    Precision="60"
    ColumnName="CREATED_BY"
    Type="java.lang.String"
    ColumnType="VARCHAR2"
    SQLType="VARCHAR"
    TableName="ADDRESSES">
    <DesignTime>
      <Attr Name="_DisplaySize" Value="60"/>
    </DesignTime>
  </Attribute>
  <Attribute
    Name="CreationDate"
    IsNotNull="true"
    ColumnName="CREATION_DATE"
    Type="oracle.jbo.domain.Date"
    ColumnType="DATE"
    SQLType="TIMESTAMP"
    TableName="ADDRESSES">
    <DesignTime>
      <Attr Name="_DisplaySize" Value="7"/>
    </DesignTime>
  </Attribute>
  <Attribute
    Name="LastUpdatedBy"
    IsNotNull="true"
    Precision="60"
    ColumnName="LAST_UPDATED_BY"
    Type="java.lang.String"
    ColumnType="VARCHAR2"
    SQLType="VARCHAR"
    TableName="ADDRESSES">
    <DesignTime>
      <Attr Name="_DisplaySize" Value="60"/>
    </DesignTime>
  </Attribute>
  <Attribute
    Name="LastUpdateDate"
    IsNotNull="true"
    ColumnName="LAST_UPDATE_DATE"
    Type="oracle.jbo.domain.Date"
    ColumnType="DATE"
    SQLType="TIMESTAMP"
    TableName="ADDRESSES">
    <DesignTime>
      <Attr Name="_DisplaySize" Value="7"/>
    </DesignTime>
  </Attribute>
  <Attribute
    Name="ObjectVersionId"
    IsNotNull="true"
    Precision="15"
    Scale="0"
    ColumnName="OBJECT_VERSION_ID"
    Type="oracle.jbo.domain.Number"
    ColumnType="NUMBER"
    SQLType="NUMERIC"
    TableName="ADDRESSES">
    <DesignTime>
      <Attr Name="_DisplaySize" Value="22"/>
    </DesignTime>
  </Attribute>
  <AccessorAttribute
    Name="AddressUsages"
    Association="devguige.model.eo.AddressUsagesAddressesFkAssoc"
    AssociationEnd="devguige.model.eo.AddressUsagesAddressesFkAssoc.AddressUsages"
    AssociationOtherEnd="devguige.model.eo.AddressUsagesAddressesFkAssoc.Addresses"
    Type="oracle.jbo.RowIterator"
    IsUpdateable="false"/>
  <AccessorAttribute
    Name="Orders"
    Association="devguige.model.eo.OrdersAddressesFkAssoc"
    AssociationEnd="devguige.model.eo.OrdersAddressesFkAssoc.Orders"
    AssociationOtherEnd="devguige.model.eo.OrdersAddressesFkAssoc.Addresses"
    Type="oracle.jbo.RowIterator"
    IsUpdateable="false"/>
  <Key
    Name="AddressesPk"
    PrimaryKey="true">
    <DesignTime>
      <Attr Name="_DBObjectName" Value="ADDRESSES_PK"/>
    </DesignTime>
    <AttrArray Name="Attributes">
      <Item Value="devguige.model.eo.Addresses.AddressId"/>
    </AttrArray>
  </Key>
  <Key
    Name="SysC004865">
    <DesignTime>
      <Attr Name="_DBObjectName" Value="SYS_C004865"/>
      <Attr Name="_isCheck" Value="true"/>
      <Attr Name="_checkCondition" Value='"ADDRESS_ID" IS NOT NULL'/>
    </DesignTime>
    <AttrArray Name="Attributes">
      <Item Value="devguige.model.eo.Addresses.AddressId"/>
    </AttrArray>
  </Key>
  <Key
    Name="SysC004866">
    <DesignTime>
      <Attr Name="_DBObjectName" Value="SYS_C004866"/>
      <Attr Name="_isCheck" Value="true"/>
      <Attr Name="_checkCondition" Value='"ADDRESS1" IS NOT NULL'/>
    </DesignTime>
    <AttrArray Name="Attributes">
      <Item Value="devguige.model.eo.Addresses.Address1"/>
    </AttrArray>
  </Key>
  <Key
    Name="SysC004867">
    <DesignTime>
      <Attr Name="_DBObjectName" Value="SYS_C004867"/>
      <Attr Name="_isCheck" Value="true"/>
      <Attr Name="_checkCondition" Value='"CITY" IS NOT NULL'/>
    </DesignTime>
    <AttrArray Name="Attributes">
      <Item Value="devguige.model.eo.Addresses.City"/>
    </AttrArray>
  </Key>
  <Key
    Name="SysC004868">
    <DesignTime>
      <Attr Name="_DBObjectName" Value="SYS_C004868"/>
      <Attr Name="_isCheck" Value="true"/>
      <Attr Name="_checkCondition" Value='"STATE_PROVINCE" IS NOT NULL'/>
    </DesignTime>
    <AttrArray Name="Attributes">
      <Item Value="devguige.model.eo.Addresses.StateProvince"/>
    </AttrArray>
  </Key>
  <Key
    Name="SysC004869">
    <DesignTime>
      <Attr Name="_DBObjectName" Value="SYS_C004869"/>
      <Attr Name="_isCheck" Value="true"/>
      <Attr Name="_checkCondition" Value='"COUNTRY_ID" IS NOT NULL'/>
    </DesignTime>
    <AttrArray Name="Attributes">
      <Item Value="devguige.model.eo.Addresses.CountryId"/>
    </AttrArray>
  </Key>
  <Key
    Name="SysC004870">
    <DesignTime>
      <Attr Name="_DBObjectName" Value="SYS_C004870"/>
      <Attr Name="_isCheck" Value="true"/>
      <Attr Name="_checkCondition" Value='"CREATED_BY" IS NOT NULL'/>
    </DesignTime>
    <AttrArray Name="Attributes">
      <Item Value="devguige.model.eo.Addresses.CreatedBy"/>
    </AttrArray>
  </Key>
  <Key
    Name="SysC004871">
    <DesignTime>
      <Attr Name="_DBObjectName" Value="SYS_C004871"/>
      <Attr Name="_isCheck" Value="true"/>
      <Attr Name="_checkCondition" Value='"CREATION_DATE" IS NOT NULL'/>
    </DesignTime>
    <AttrArray Name="Attributes">
      <Item Value="devguige.model.eo.Addresses.CreationDate"/>
    </AttrArray>
  </Key>
  <Key
    Name="SysC004872">
    <DesignTime>
      <Attr Name="_DBObjectName" Value="SYS_C004872"/>
      <Attr Name="_isCheck" Value="true"/>
      <Attr Name="_checkCondition" Value='"LAST_UPDATED_BY" IS NOT NULL'/>
    </DesignTime>
    <AttrArray Name="Attributes">
      <Item Value="devguige.model.eo.Addresses.LastUpdatedBy"/>
    </AttrArray>
  </Key>
  <Key
    Name="SysC004873">
    <DesignTime>
      <Attr Name="_DBObjectName" Value="SYS_C004873"/>
      <Attr Name="_isCheck" Value="true"/>
      <Attr Name="_checkCondition" Value='"LAST_UPDATE_DATE" IS NOT NULL'/>
    </DesignTime>
    <AttrArray Name="Attributes">
      <Item Value="devguige.model.eo.Addresses.LastUpdateDate"/>
    </AttrArray>
  </Key>
  <Key
    Name="SysC004874">
    <DesignTime>
      <Attr Name="_DBObjectName" Value="SYS_C004874"/>
      <Attr Name="_isCheck" Value="true"/>
      <Attr Name="_checkCondition" Value='"OBJECT_VERSION_ID" IS NOT NULL'/>
    </DesignTime>
    <AttrArray Name="Attributes">
      <Item Value="devguige.model.eo.Addresses.ObjectVersionId"/>
    </AttrArray>
  </Key>
</Entity>
