<?xml version="1.0" encoding="windows-1252" ?>
<!DOCTYPE ViewLink SYSTEM "jbo_03_01.dtd">
<!---->
<ViewLink
  xmlns="http://xmlns.oracle.com/bc4j"
  Name="AddressUsagesToAddresses">
  <DesignTime>
    <Attr Name="_isCodegen" Value="true"/>
    <Attr Name="_version" Value="11.1.1.45.51"/>
  </DesignTime>
  <ViewLinkDefEnd
    Name="AddressUsagesVO"
    Cardinality="1"
    Owner="oracle.fodemo.storefront.store.queries.AddressUsagesVO"
    Source="true">
    <AttrArray Name="Attributes">
      <Item
        Value="oracle.fodemo.storefront.store.queries.AddressUsagesVO.AddressId"/>
    </AttrArray>
    <DesignTime>
      <Attr Name="_isUpdateable" Value="true"/>
      <Attr Name="_finderName" Value="AddressUsagesVO"/>
    </DesignTime>
  </ViewLinkDefEnd>
  <ViewLinkDefEnd
    Name="AddressesVO"
    Cardinality="-1"
    Owner="oracle.fodemo.storefront.store.queries.AddressesVO">
    <AttrArray Name="Attributes">
      <Item
        Value="oracle.fodemo.storefront.store.queries.AddressesVO.AddressId"/>
    </AttrArray>
    <DesignTime>
      <Attr Name="_isUpdateable" Value="true"/>
      <Attr Name="_finderName" Value="AddressesVO"/>
    </DesignTime>
  </ViewLinkDefEnd>
</ViewLink>
