<?xml version="1.0" encoding="windows-1252" ?>
<!DOCTYPE ViewLink SYSTEM "jbo_03_01.dtd">
<!---->
<ViewLink
  xmlns="http://xmlns.oracle.com/bc4j"
  Name="MostPopularProductsByCategoriesToWarehouseStockLevels">
  <DesignTime>
    <Attr Name="_isCodegen" Value="true"/>
    <Attr Name="_version" Value="11.1.1.45.51"/>
  </DesignTime>
  <ViewLinkDefEnd
    Name="MostPopularProductsByCategoriesVO"
    Cardinality="1"
    Owner="oracle.fodemo.storefront.store.queries.MostPopularProductsByCategoriesVO"
    Source="true">
    <AttrArray Name="Attributes">
      <Item
        Value="oracle.fodemo.storefront.store.queries.MostPopularProductsByCategoriesVO.ProductId"/>
    </AttrArray>
    <DesignTime>
      <Attr Name="_isUpdateable" Value="true"/>
      <Attr Name="_finderName" Value="MostPopularProductsByCategoriesVO"/>
    </DesignTime>
  </ViewLinkDefEnd>
  <ViewLinkDefEnd
    Name="WarehouseStockLevelsVO"
    Cardinality="-1"
    Owner="oracle.fodemo.storefront.store.queries.WarehouseStockLevelsVO">
    <AttrArray Name="Attributes">
      <Item
        Value="oracle.fodemo.storefront.store.queries.WarehouseStockLevelsVO.ProductId"/>
    </AttrArray>
    <DesignTime>
      <Attr Name="_isUpdateable" Value="true"/>
      <Attr Name="_finderName" Value="WarehouseStockLevelsVO"/>
    </DesignTime>
  </ViewLinkDefEnd>
</ViewLink>
