<?xml version="1.0" encoding="windows-1252" ?>
<!DOCTYPE ViewLink SYSTEM "jbo_03_01.dtd">
<!---->
<ViewLink
  xmlns="http://xmlns.oracle.com/bc4j"
  Name="OrdersToPaymentOptions">
  <DesignTime>
    <Attr Name="_isCodegen" Value="true"/>
    <Attr Name="_version" Value="11.1.1.45.51"/>
  </DesignTime>
  <ViewLinkDefEnd
    Name="OrdersVO"
    Cardinality="1"
    Owner="oracle.fodemo.storefront.store.queries.OrdersVO"
    Source="true">
    <AttrArray Name="Attributes">
      <Item
        Value="oracle.fodemo.storefront.store.queries.OrdersVO.PaymentOptionId"/>
    </AttrArray>
    <DesignTime>
      <Attr Name="_isUpdateable" Value="true"/>
      <Attr Name="_finderName" Value="OrdersVO"/>
    </DesignTime>
  </ViewLinkDefEnd>
  <ViewLinkDefEnd
    Name="PaymentOptionsVO"
    Cardinality="-1"
    Owner="oracle.fodemo.storefront.store.queries.PaymentOptionsVO">
    <AttrArray Name="Attributes">
      <Item
        Value="oracle.fodemo.storefront.store.queries.PaymentOptionsVO.PaymentOptionId"/>
    </AttrArray>
    <DesignTime>
      <Attr Name="_isUpdateable" Value="true"/>
      <Attr Name="_finderName" Value="PaymentOptionsVO"/>
    </DesignTime>
  </ViewLinkDefEnd>
</ViewLink>
