<?xml version="1.0" encoding="windows-1252" ?>
<!DOCTYPE ViewLink SYSTEM "jbo_03_01.dtd">
<!---->
<ViewLink
  xmlns="http://xmlns.oracle.com/bc4j"
  Name="ParentProductCategoriesToProductCategories">
  <DesignTime>
    <Attr Name="_isCodegen" Value="true"/>
    <Attr Name="_version" Value="11.1.1.45.51"/>
  </DesignTime>
  <ViewLinkDefEnd
    Name="ParentCategoryIdProductCategoriesVO"
    Cardinality="1"
    Owner="oracle.fodemo.storefront.store.queries.ProductCategoriesVO"
    Source="true">
    <AttrArray Name="Attributes">
      <Item
        Value="oracle.fodemo.storefront.store.queries.ProductCategoriesVO.CategoryId"/>
    </AttrArray>
    <DesignTime>
      <Attr Name="_accessor" Value="true"/>
      <Attr Name="_isUpdateable" Value="true"/>
      <Attr Name="_finderName" Value="ParentCategoryIdProductCategoriesVO"/>
    </DesignTime>
  </ViewLinkDefEnd>
  <ViewLinkDefEnd
    Name="ProductCategoriesVO"
    Cardinality="-1"
    Owner="oracle.fodemo.storefront.store.queries.ProductCategoriesVO">
    <AttrArray Name="Attributes">
      <Item
        Value="oracle.fodemo.storefront.store.queries.ProductCategoriesVO.ParentCategoryId"/>
    </AttrArray>
    <DesignTime>
      <Attr Name="_isUpdateable" Value="true"/>
      <Attr Name="_finderName" Value="ProductCategoriesVO"/>
    </DesignTime>
  </ViewLinkDefEnd>
</ViewLink>
