<?xml version="1.0" encoding="windows-1252" ?>
<!DOCTYPE ViewLink SYSTEM "jbo_03_01.dtd">
<!---->
<ViewLink
  xmlns="http://xmlns.oracle.com/bc4j"
  Name="PersonsTopAddressesAndUsages">
  <DesignTime>
    <Attr Name="_isCodegen" Value="true"/>
    <Attr Name="_version" Value="11.1.1.45.51"/>
  </DesignTime>
  <ViewLinkDefEnd
    Name="PersonsVO"
    Cardinality="1"
    Owner="oracle.fodemo.storefront.store.queries.PersonsVO"
    Source="true">
    <AttrArray Name="Attributes">
      <Item Value="oracle.fodemo.storefront.store.queries.PersonsVO.PersonId"/>
    </AttrArray>
    <DesignTime>
      <Attr Name="_isUpdateable" Value="true"/>
      <Attr Name="_finderName" Value="PersonsVO"/>
    </DesignTime>
  </ViewLinkDefEnd>
  <ViewLinkDefEnd
    Name="AddressesAndUsagesVO"
    Cardinality="-1"
    Owner="oracle.fodemo.storefront.store.queries.AddressesAndUsagesVO">
    <AttrArray Name="Attributes">
      <Item
        Value="oracle.fodemo.storefront.store.queries.AddressesAndUsagesVO.AssociatedOwnerId"/>
    </AttrArray>
    <DesignTime>
      <Attr Name="_isUpdateable" Value="true"/>      
      <Attr Name="_finderName" Value="AddressesAndUsagesVO"/>
    </DesignTime>
  </ViewLinkDefEnd>
</ViewLink>
