<?xml version="1.0" encoding="windows-1252" ?>
<!DOCTYPE Association SYSTEM "jbo_03_01.dtd">
<!---->
<Association
  xmlns="http://xmlns.oracle.com/bc4j"
  Name="CategoryTranslationToCustomerInterests"
  WhereReverse=":Bind_CategoryId = CategoryTranslationEO.CATEGORY_ID and CategoryTranslationEO.LANGUAGE = SYS_CONTEXT('userenv','LANG')">
  <DesignTime>
    <Attr Name="_version" Value="11.1.1.44.46"/>
    <Attr Name="_isCodegen" Value="true"/>
  </DesignTime>
  <AssociationEnd
    Name="CategoryTranslationEO"
    Cardinality="1"
    Source="true"
    Owner="oracle.fodemo.storefront.entities.CategoryTranslationEO">
    <AttrArray Name="Attributes">
      <Item
        Value="oracle.fodemo.storefront.entities.CategoryTranslationEO.CategoryId"/>
    </AttrArray>
    <DesignTime>
      <Attr Name="_aggregation" Value="0"/>
      <Attr Name="_finderName" Value="CategoryTranslationEO"/>
      <Attr Name="_isUpdateable" Value="true"/>
      <Attr Name="_minCardinality" Value="1"/>
    </DesignTime>
  </AssociationEnd>
  <AssociationEnd
    Name="CustomerInterestEO"
    Cardinality="-1"
    Owner="oracle.fodemo.storefront.entities.CustomerInterestEO">
    <AttrArray Name="Attributes">
      <Item
        Value="oracle.fodemo.storefront.entities.CustomerInterestEO.CategoryId"/>
    </AttrArray>
    <DesignTime>
      <Attr Name="_aggregation" Value="0"/>
      <Attr Name="_finderName" Value="CustomerInterestEO"/>
      <Attr Name="_isUpdateable" Value="true"/>
    </DesignTime>
  </AssociationEnd>
</Association>
