<?xml version="1.0" encoding="windows-1252" ?>
<!DOCTYPE Association SYSTEM "jbo_03_01.dtd">
<!---->
<Association
  xmlns="http://xmlns.oracle.com/bc4j"
  Name="CountryCodesToAddress">
  <DesignTime>
    <Attr Name="_version" Value="11.1.1.44.87"/>
    <Attr Name="_isCodegen" Value="true"/>
  </DesignTime>
  <AssociationEnd
    Name="CountryCodeEO"
    Cardinality="1"
    Source="true"
    Owner="oracle.fodemo.storefront.entities.CountryCodeEO"
    LockLevel="NONE">
    <AttrArray Name="Attributes">
      <Item
        Value="oracle.fodemo.storefront.entities.CountryCodeEO.IsoCountryCode"/>
    </AttrArray>
    <DesignTime>
      <Attr Name="_aggregation" Value="0"/>
      <Attr Name="_finderName" Value="CountryCodeEO"/>
      <Attr Name="_isUpdateable" Value="true"/>
      <Attr Name="_minCardinality" Value="1"/>
    </DesignTime>
  </AssociationEnd>
  <AssociationEnd
    Name="AddressEO"
    Cardinality="-1"
    Owner="oracle.fodemo.storefront.entities.AddressEO">
    <AttrArray Name="Attributes">
      <Item Value="oracle.fodemo.storefront.entities.AddressEO.CountryId"/>
    </AttrArray>
    <DesignTime>
      <Attr Name="_aggregation" Value="0"/>
      <Attr Name="_finderName" Value="AddressEO"/>
      <Attr Name="_isUpdateable" Value="true"/>
    </DesignTime>
  </AssociationEnd>
</Association>
