<?xml version="1.0" encoding="windows-1252" ?>
<!DOCTYPE Association SYSTEM "jbo_03_01.dtd">
<!---->
<Association
  xmlns="http://xmlns.oracle.com/bc4j"
  Name="CustomerIdentificationsFk1Assoc">
  <DesignTime>
    <Attr Name="_isCodegen" Value="true"/>
    <Attr Name="_version" Value="11.1.1.44.46"/>
  </DesignTime>
  <AssociationEnd
    Name="Person1"
    Cardinality="1"
    Source="true"
    Owner="oracle.fodemo.storefront.entities.PersonEO">
    <AttrArray Name="Attributes">
      <Item Value="oracle.fodemo.storefront.entities.PersonEO.PersonId"/>
    </AttrArray>
    <DesignTime>
      <Attr Name="_foreignKey"
        Value="oracle.fodemo.storefront.entities.PersonEO.PersonsPk"/>
      <Attr Name="_isUpdateable" Value="true"/>
      <Attr Name="_finderName" Value="Person1"/>
      <Attr Name="_aggregation" Value="0"/>
    </DesignTime>
  </AssociationEnd>
  <AssociationEnd
    Name="CustomerIdentification1"
    Cardinality="-1"
    Owner="oracle.fodemo.storefront.entities.CustomerIdentificationEO">
    <AttrArray Name="Attributes">
      <Item
        Value="oracle.fodemo.storefront.entities.CustomerIdentificationEO.VerifiedBy"/>
    </AttrArray>
    <DesignTime>
      <Attr Name="_foreignKey"
        Value="oracle.fodemo.storefront.entities.CustomerIdentificationEO.CustomerIdentificationsFk1"/>
      <Attr Name="_isUpdateable" Value="true"/>
      <Attr Name="_finderName" Value="CustomerIdentification1"/>
      <Attr Name="_aggregation" Value="0"/>
    </DesignTime>
  </AssociationEnd>
</Association>
