<?xml version="1.0" encoding="windows-1252" ?>
<!DOCTYPE Association SYSTEM "jbo_03_01.dtd">
<!---->
<Association
  xmlns="http://xmlns.oracle.com/bc4j"
  Name="LookupCodesToAddressUsages"
  WhereReverse=":Bind_UsageTypeCode = LookupCodeEO.LOOKUP_CODE and LookupCodeEO.LANGUAGE = SYS_CONTEXT('userenv','LANG') and LookupCodeEO.LOOKUP_TYPE = 'USAGE_TYPE_CODE'">
  <DesignTime>
    <Attr Name="_version" Value="11.1.1.44.87"/>
    <Attr Name="_isCodegen" Value="true"/>
  </DesignTime>
  <AssociationEnd
    Name="LookupCodeEO"
    Cardinality="1"
    Source="true"
    Owner="oracle.fodemo.storefront.entities.LookupCodeEO"
    LockLevel="NONE">
    <AttrArray Name="Attributes">
      <Item Value="oracle.fodemo.storefront.entities.LookupCodeEO.LookupCode"/>
    </AttrArray>
    <DesignTime>
      <Attr Name="_aggregation" Value="0"/>
      <Attr Name="_finderName" Value="LookupCodeEO"/>
      <Attr Name="_isUpdateable" Value="true"/>
    </DesignTime>
  </AssociationEnd>
  <AssociationEnd
    Name="AddressUsageEO"
    Cardinality="-1"
    Owner="oracle.fodemo.storefront.entities.AddressUsageEO">
    <AttrArray Name="Attributes">
      <Item
        Value="oracle.fodemo.storefront.entities.AddressUsageEO.UsageTypeCode"/>
    </AttrArray>
    <DesignTime>
      <Attr Name="_aggregation" Value="0"/>
      <Attr Name="_finderName" Value="AddressUsageEO"/>
      <Attr Name="_isUpdateable" Value="true"/>
    </DesignTime>
  </AssociationEnd>
</Association>
