<?xml version="1.0" encoding="windows-1252" ?>
<!DOCTYPE Association SYSTEM "jbo_03_01.dtd">
<!---->
<Association
  xmlns="http://xmlns.oracle.com/bc4j"
  Name="OrdersShippingOptionsFkAssoc">
  <DesignTime>
    <Attr Name="_isCodegen" Value="true"/>
    <Attr Name="_version" Value="11.1.1.44.46"/>
  </DesignTime>
  <AssociationEnd
    Name="ShippingOptionBase"
    Cardinality="1"
    Source="true"
    Owner="oracle.fodemo.storefront.entities.ShippingOptionBaseEO">
    <AttrArray Name="Attributes">
      <Item
        Value="oracle.fodemo.storefront.entities.ShippingOptionBaseEO.ShippingOptionId"/>
    </AttrArray>
    <DesignTime>
      <Attr Name="_foreignKey"
        Value="oracle.fodemo.storefront.entities.ShippingOptionBaseEO.ShippingOptionsPk"/>
      <Attr Name="_minCardinality" Value="1"/>
      <Attr Name="_isUpdateable" Value="true"/>
      <Attr Name="_finderName" Value="ShippingOptionBase"/>
      <Attr Name="_aggregation" Value="0"/>
    </DesignTime>
  </AssociationEnd>
  <AssociationEnd
    Name="Order"
    Cardinality="-1"
    Owner="oracle.fodemo.storefront.entities.OrderEO">
    <AttrArray Name="Attributes">
      <Item Value="oracle.fodemo.storefront.entities.OrderEO.ShippingOptionId"/>
    </AttrArray>
    <DesignTime>
      <Attr Name="_foreignKey"
        Value="oracle.fodemo.storefront.entities.OrderEO.OrdersShippingOptionsFk"/>
      <Attr Name="_isUpdateable" Value="true"/>
      <Attr Name="_finderName" Value="Order"/>
      <Attr Name="_aggregation" Value="0"/>
    </DesignTime>
  </AssociationEnd>
</Association>
