<?xml version="1.0" encoding="windows-1252" ?>
<!DOCTYPE Association SYSTEM "jbo_03_01.dtd">
<!---->
<Association
  xmlns="http://xmlns.oracle.com/bc4j"
  Name="PaymentOptionsPersonsFkAssoc"
  Version="11.1.1.51.47">
  <DesignTime>
    <Attr Name="_isCodegen" Value="true"/>
  </DesignTime>
  <AssociationEnd
    Name="Person"
    Cardinality="1"
    Source="true"
    Owner="oracle.fodemo.storefront.entities.PersonEO"
    LockLevel="NONE">
    <AttrArray Name="Attributes">
      <Item Value="oracle.fodemo.storefront.entities.PersonEO.PersonId"/>
    </AttrArray>
    <DesignTime>
      <Attr Name="_foreignKey"
        Value="oracle.fodemo.storefront.entities.PersonEO.PersonsPk"/>
      <Attr Name="_minCardinality" Value="1"/>
      <Attr Name="_isUpdateable" Value="true"/>
      <Attr Name="_finderName" Value="Person"/>
      <Attr Name="_aggregation" Value="0"/>
    </DesignTime>
  </AssociationEnd>
  <AssociationEnd
    Name="PaymentOption"
    Cardinality="-1"
    Owner="oracle.fodemo.storefront.entities.PaymentOptionEO">
    <AttrArray Name="Attributes">
      <Item
        Value="oracle.fodemo.storefront.entities.PaymentOptionEO.CustomerId"/>
    </AttrArray>
    <DesignTime>
      <Attr Name="_foreignKey"
        Value="oracle.fodemo.storefront.entities.PaymentOptionEO.PaymentOptionsPersonsFk"/>
      <Attr Name="_isUpdateable" Value="true"/>
      <Attr Name="_finderName" Value="PaymentOption"/>
      <Attr Name="_aggregation" Value="0"/>
    </DesignTime>
  </AssociationEnd>
</Association>
