<?xml version="1.0" encoding="windows-1252" ?>
<!DOCTYPE Association SYSTEM "jbo_03_01.dtd">
<!---->
<Association
  xmlns="http://xmlns.oracle.com/bc4j"
  Name="PersonsAddressesFkAssoc">
  <DesignTime>
    <Attr Name="_isCodegen" Value="true"/>
    <Attr Name="_version" Value="11.1.1.44.46"/>
  </DesignTime>
  <AssociationEnd
    Name="Address"
    Cardinality="1"
    Source="true"
    Owner="oracle.fodemo.storefront.entities.AddressEO">
    <AttrArray Name="Attributes">
      <Item Value="oracle.fodemo.storefront.entities.AddressEO.AddressId"/>
    </AttrArray>
    <DesignTime>
      <Attr Name="_foreignKey"
        Value="oracle.fodemo.storefront.entities.AddressEO.AddressesPk"/>
      <Attr Name="_isUpdateable" Value="true"/>
      <Attr Name="_finderName" Value="Address"/>
      <Attr Name="_aggregation" Value="0"/>
    </DesignTime>
  </AssociationEnd>
  <AssociationEnd
    Name="Person"
    Cardinality="-1"
    Owner="oracle.fodemo.storefront.entities.PersonEO">
    <AttrArray Name="Attributes">
      <Item
        Value="oracle.fodemo.storefront.entities.PersonEO.PrimaryAddressId"/>
    </AttrArray>
    <DesignTime>
      <Attr Name="_foreignKey"
        Value="oracle.fodemo.storefront.entities.PersonEO.PersonsAddressesFk"/>
      <Attr Name="_isUpdateable" Value="true"/>
      <Attr Name="_finderName" Value="Person"/>
      <Attr Name="_aggregation" Value="0"/>
    </DesignTime>
  </AssociationEnd>
</Association>
