<?xml version="1.0" encoding="windows-1252" ?>
<!DOCTYPE Association SYSTEM "jbo_03_01.dtd">
<!---->
<Association
  xmlns="http://xmlns.oracle.com/bc4j"
  Name="ProductCategoriesFkAssoc">
  <DesignTime>
    <Attr Name="_isCodegen" Value="true"/>
    <Attr Name="_version" Value="11.1.1.44.46"/>
  </DesignTime>
  <AssociationEnd
    Name="ParentCategoryIdProductCategoryBase"
    Cardinality="1"
    Source="true"
    Owner="oracle.fodemo.storefront.entities.ProductCategoryBaseEO">
    <AttrArray Name="Attributes">
      <Item
        Value="oracle.fodemo.storefront.entities.ProductCategoryBaseEO.CategoryId"/>
    </AttrArray>
    <DesignTime>
      <Attr Name="_foreignKey"
        Value="oracle.fodemo.storefront.entities.ProductCategoryBaseEO.ProductTagsPk"/>
      <Attr Name="_isUpdateable" Value="true"/>
      <Attr Name="_finderName" Value="ParentCategoryIdProductCategoryBase"/>
      <Attr Name="_aggregation" Value="0"/>
    </DesignTime>
  </AssociationEnd>
  <AssociationEnd
    Name="ProductCategoryBase"
    Cardinality="-1"
    Owner="oracle.fodemo.storefront.entities.ProductCategoryBaseEO">
    <AttrArray Name="Attributes">
      <Item
        Value="oracle.fodemo.storefront.entities.ProductCategoryBaseEO.ParentCategoryId"/>
    </AttrArray>
    <DesignTime>
      <Attr Name="_foreignKey"
        Value="oracle.fodemo.storefront.entities.ProductCategoryBaseEO.ProductCategoriesFk"/>
      <Attr Name="_isUpdateable" Value="true"/>
      <Attr Name="_finderName" Value="ProductCategoryBase"/>
      <Attr Name="_aggregation" Value="0"/>
    </DesignTime>
  </AssociationEnd>
</Association>
