<?xml version="1.0" encoding="windows-1252" ?>
<!DOCTYPE Association SYSTEM "jbo_03_01.dtd">
<!---->
<Association
  xmlns="http://xmlns.oracle.com/bc4j"
  Name="RepresentativeProductFkAssoc">
  <DesignTime>
    <Attr Name="_isCodegen" Value="true"/>
    <Attr Name="_version" Value="11.1.1.44.46"/>
  </DesignTime>
  <AssociationEnd
    Name="ProductBase1"
    Cardinality="1"
    Source="true"
    Owner="oracle.fodemo.storefront.entities.ProductBaseEO">
    <AttrArray Name="Attributes">
      <Item Value="oracle.fodemo.storefront.entities.ProductBaseEO.ProductId"/>
    </AttrArray>
    <DesignTime>
      <Attr Name="_foreignKey"
        Value="oracle.fodemo.storefront.entities.ProductBaseEO.ProductsPk"/>
      <Attr Name="_isUpdateable" Value="true"/>
      <Attr Name="_finderName" Value="ProductBase1"/>
      <Attr Name="_aggregation" Value="0"/>
    </DesignTime>
  </AssociationEnd>
  <AssociationEnd
    Name="ProductCategoryBase1"
    Cardinality="-1"
    Owner="oracle.fodemo.storefront.entities.ProductCategoryBaseEO">
    <AttrArray Name="Attributes">
      <Item
        Value="oracle.fodemo.storefront.entities.ProductCategoryBaseEO.RepresentativeProductId"/>
    </AttrArray>
    <DesignTime>
      <Attr Name="_foreignKey"
        Value="oracle.fodemo.storefront.entities.ProductCategoryBaseEO.RepresentativeProductFk"/>
      <Attr Name="_isUpdateable" Value="true"/>
      <Attr Name="_finderName" Value="ProductCategoryBase1"/>
      <Attr Name="_aggregation" Value="0"/>
    </DesignTime>
  </AssociationEnd>
</Association>
