<?xml version="1.0" encoding="windows-1252" ?>
<!DOCTYPE Association SYSTEM "jbo_03_01.dtd">
<!---->
<Association
  xmlns="http://xmlns.oracle.com/bc4j"
  Name="WarehouseStockLevelsFkAssoc">
  <DesignTime>
    <Attr Name="_isCodegen" Value="true"/>
    <Attr Name="_version" Value="11.1.1.44.46"/>
  </DesignTime>
  <AssociationEnd
    Name="Warehouse"
    Cardinality="1"
    Source="true"
    Owner="oracle.fodemo.storefront.entities.WarehouseEO">
    <AttrArray Name="Attributes">
      <Item Value="oracle.fodemo.storefront.entities.WarehouseEO.WarehouseId"/>
    </AttrArray>
    <DesignTime>
      <Attr Name="_foreignKey"
        Value="oracle.fodemo.storefront.entities.WarehouseEO.WarehousesPk"/>
      <Attr Name="_minCardinality" Value="1"/>
      <Attr Name="_isUpdateable" Value="true"/>
      <Attr Name="_finderName" Value="Warehouse"/>
      <Attr Name="_aggregation" Value="0"/>
    </DesignTime>
  </AssociationEnd>
  <AssociationEnd
    Name="WarehouseStockLevel"
    Cardinality="-1"
    Owner="oracle.fodemo.storefront.entities.WarehouseStockLevelEO">
    <AttrArray Name="Attributes">
      <Item
        Value="oracle.fodemo.storefront.entities.WarehouseStockLevelEO.WarehouseId"/>
    </AttrArray>
    <DesignTime>
      <Attr Name="_foreignKey"
        Value="oracle.fodemo.storefront.entities.WarehouseStockLevelEO.WarehouseStockLevelsFk"/>
      <Attr Name="_isUpdateable" Value="true"/>
      <Attr Name="_finderName" Value="WarehouseStockLevel"/>
      <Attr Name="_aggregation" Value="0"/>
    </DesignTime>
  </AssociationEnd>
</Association>
