<?xml version="1.0" encoding="windows-1252" ?>
<!DOCTYPE ViewLink SYSTEM "jbo_03_01.dtd">
<!---->
<ViewLink
  xmlns="http://xmlns.oracle.com/bc4j"
  Name="CustomerRegistrationToCustomerPaymentOption">
  <DesignTime>
    <Attr Name="_isCodegen" Value="true"/>
    <Attr Name="_version" Value="11.1.1.45.51"/>
  </DesignTime>
  <ViewLinkDefEnd
    Name="CustomerRegistrationVO"
    Cardinality="1"
    Owner="oracle.fodemo.storefront.account.queries.CustomerRegistrationVO"
    Source="true">
    <AttrArray Name="Attributes">
      <Item
        Value="oracle.fodemo.storefront.account.queries.CustomerRegistrationVO.PersonId"/>
    </AttrArray>
    <DesignTime>
      <Attr Name="_isUpdateable" Value="true"/>
      <Attr Name="_finderName" Value="CustomerRegistrationVO"/>
    </DesignTime>
  </ViewLinkDefEnd>
  <ViewLinkDefEnd
    Name="CustomerPaymentOptionVO"
    Cardinality="-1"
    Owner="oracle.fodemo.storefront.account.queries.CustomerPaymentOptionVO">
    <AttrArray Name="Attributes">
      <Item
        Value="oracle.fodemo.storefront.account.queries.CustomerPaymentOptionVO.CustomerId"/>
    </AttrArray>
    <DesignTime>
      <Attr Name="_isUpdateable" Value="true"/>
      <Attr Name="_finderName" Value="CustomerPaymentOptionVO"/>
    </DesignTime>
  </ViewLinkDefEnd>
</ViewLink>
