<?xml version="1.0" encoding="windows-1252" ?>
<!DOCTYPE ViewObject SYSTEM "jbo_03_01.dtd">
<!---->
<ViewObject
  xmlns="http://xmlns.oracle.com/bc4j"
  Name="CustomerInterestsVO"
  BindingStyle="OracleName"
  CustomQuery="false"
  FetchMode="FETCH_AS_NEEDED"
  FetchSize="10"
  PageIterMode="Partial"
  UseGlueCode="false"
  SelectListFlags="1"
  FromListFlags="1"
  WhereFlags="1"
  SelectAllAttributes="false"
  Version="11.1.1.51.31">
  <DesignTime>
    <Attr Name="_codeGenFlag2" Value="Access|VarAccess"/>
  </DesignTime>
  <Variable
    Name="paramLanguage"
    Kind="viewcriteria"
    Type="java.lang.String"
    DefaultValue="US">
    <AttrArray Name="ExtendedDataInts">
      <Item Value="0"/>
      <Item Value="1"/>
      <Item Value="0"/>
      <Item Value="0"/>
      <Item Value="1"/>
      <Item Value="0"/>
    </AttrArray>
  </Variable>
  <EntityUsage
    Name="CustomerInterestEO"
    Entity="oracle.fodemo.storefront.entities.CustomerInterestEO"
    JoinType="INNER JOIN"/>
  <EntityUsage
    Name="CategoryTranslationEO"
    Entity="oracle.fodemo.storefront.entities.CategoryTranslationEO"
    Association="oracle.fodemo.storefront.entities.associations.CategoryTranslationToCustomerInterests"
    AssociationEnd="oracle.fodemo.storefront.entities.associations.CategoryTranslationToCustomerInterests.CategoryTranslationEO"
    SourceUsage="oracle.fodemo.storefront.account.queries.CustomerInterestsVO.CustomerInterestEO"
    ReadOnly="true"
    Reference="true"
    DeleteParticipant="false"
    JoinType="INNER JOIN"/>
  <ViewAttribute
    Name="CustomerId"
    IsUnique="true"
    IsNotNull="true"
    PrecisionRule="true"
    EntityAttrName="CustomerId"
    EntityUsage="CustomerInterestEO"
    AliasName="CUSTOMER_ID"
    IsSelected="false"/>
  <ViewAttribute
    Name="CustomerInterestsId"
    IsUpdateable="while_insert"
    IsNotNull="true"
    PrecisionRule="true"
    EntityAttrName="CustomerInterestsId"
    EntityUsage="CustomerInterestEO"
    AliasName="CUSTOMER_INTERESTS_ID"/>
  <ViewAttribute
    Name="CategoryId"
    IsUnique="true"
    IsNotNull="true"
    PrecisionRule="true"
    EntityAttrName="CategoryId"
    EntityUsage="CustomerInterestEO"
    AliasName="CATEGORY_ID"
    IsSelected="false"/>
  <ViewAttribute
    Name="ObjectVersionId"
    IsUpdateable="false"
    IsNotNull="true"
    PrecisionRule="true"
    EntityAttrName="ObjectVersionId"
    EntityUsage="CustomerInterestEO"
    AliasName="OBJECT_VERSION_ID"
    IsSelected="false"/>
  <ViewAttribute
    Name="CategoryId1"
    IsNotNull="true"
    PrecisionRule="true"
    EntityAttrName="CategoryId"
    EntityUsage="CategoryTranslationEO"
    AliasName="CATEGORY_ID1"
    IsSelected="false"/>
  <ViewAttribute
    Name="CategoryLabel"
    IsUpdateable="false"
    IsSelected="false"
    IsPersistent="false"
    PrecisionRule="true"
    Type="java.lang.String"
    ColumnType="VARCHAR2"
    AliasName="VIEW_ATTR"
    SQLType="VARCHAR">
    <RecalcCondition>
      <![CDATA[true]]>
    </RecalcCondition>
    <TransientExpression>
      <![CDATA[CategoryName+" ("+CategoryDescription+")"]]>
    </TransientExpression>
    <Properties>
      <SchemaBasedProperties>
        <LABEL
          ResId="CategoryLabel_LABEL"/>
      </SchemaBasedProperties>
    </Properties>
  </ViewAttribute>
  <ViewAttribute
    Name="CategoryName"
    IsNotNull="true"
    PrecisionRule="true"
    EntityAttrName="CategoryName"
    EntityUsage="CategoryTranslationEO"
    AliasName="CATEGORY_NAME"
    IsSelected="false"/>
  <ViewAttribute
    Name="CategoryDescription"
    PrecisionRule="true"
    EntityAttrName="CategoryDescription"
    EntityUsage="CategoryTranslationEO"
    AliasName="CATEGORY_DESCRIPTION"
    IsSelected="false"/>
  <ViewAttribute
    Name="Language"
    IsNotNull="true"
    PrecisionRule="true"
    EntityAttrName="Language"
    EntityUsage="CategoryTranslationEO"
    AliasName="LANGUAGE"
    IsSelected="false"/>
  <ResourceBundle>
    <PropertiesBundle
      PropertiesFile="oracle.fodemo.storefront.account.queries.common.CustomerInterestsVOMsgBundle"/>
  </ResourceBundle>
  <DeclarativeWhereClause>
    <ViewCriteria
      Name="CustomerInterestsVOWhereCriteria"
      ViewObjectName="oracle.fodemo.storefront.account.queries.CustomerInterestsVO"
      Conjunction="AND"
      Mode="3">
      <ViewCriteriaRow
        Name="vcrow94"
        UpperColumns="1">
        <ViewCriteriaItem
          Name="Language"
          ViewAttribute="Language"
          Operator="CONTAINS"
          Conjunction="AND"
          Value=":paramLanguage"
          IsBindVarValue="true"
          Required="Optional"/>
      </ViewCriteriaRow>
    </ViewCriteria>
  </DeclarativeWhereClause>
  <SortCriteria>
    <Sort
      Attribute="CategoryName"/>
  </SortCriteria>
</ViewObject>
