<?xml version="1.0" encoding="windows-1252" ?>
<!DOCTYPE ViewObject SYSTEM "jbo_03_01.dtd">
<!---->
<ViewObject
  xmlns="http://xmlns.oracle.com/bc4j"
  Name="CustomerRegistrationVO"
  SelectList="PersonEO.PERSON_ID, 
       PersonEO.PRINCIPAL_NAME, 
       PersonEO.TITLE, 
       PersonEO.FIRST_NAME, 
       PersonEO.LAST_NAME, 
       PersonEO.PERSON_TYPE_CODE, 
       PersonEO.PROVISIONED_FLAG, 
       PersonEO.PRIMARY_ADDRESS_ID, 
       PersonEO.REGISTERED_DATE, 
       PersonEO.MEMBERSHIP_ID, 
       PersonEO.EMAIL, 
       PersonEO.CONFIRMED_EMAIL, 
       PersonEO.PHONE_NUMBER, 
       PersonEO.MOBILE_PHONE_NUMBER, 
       PersonEO.CREDIT_LIMIT, 
       PersonEO.DATE_OF_BIRTH, 
       PersonEO.MARITAL_STATUS_CODE, 
       PersonEO.GENDER, 
       PersonEO.CHILDREN_UNDER_18, 
       PersonEO.APPROXIMATE_INCOME, 
       PersonEO.CONTACT_METHOD_CODE, 
       PersonEO.CONTACTABLE_FLAG, 
       PersonEO.CONTACT_BY_AFFILLIATES_FLAG, 
       PersonEO.OBJECT_VERSION_ID"
  FromList="PERSONS PersonEO"
  OrderBy="PersonEO.FIRST_NAME,PersonEO.LAST_NAME,PersonEO.EMAIL"
  BindingStyle="OracleName"
  CustomQuery="false"
  RowClass="oracle.fodemo.storefront.account.queries.CustomerRegistrationVORowImpl"
  PageIterMode="Full"
  UseGlueCode="false"
  Version="11.1.1.51.28">
  <DesignTime>
    <Attr Name="_isCodegen" Value="true"/>
    <Attr Name="_codeGenFlag2" Value="Access|VarAccess"/>
  </DesignTime>
  <ListBinding
    Name="GenderLOV"
    ListVOName="PersonEO.GenderVA"
    ListRangeSize="-1"
    NullValueFlag="start"
    NullValueId="LOVUIHints_NullValueId"
    MRUCount="0">
    <AttrArray Name="AttrNames">
      <Item Value="Gender"/>
    </AttrArray>
    <AttrArray Name="ListAttrNames">
      <Item Value="Value"/>
    </AttrArray>
    <AttrArray Name="ListDisplayAttrNames">
      <Item Value="Name"/>
    </AttrArray>
    <AttrArray Name="DerivedAttrNames"/>
    <DisplayCriteria/>
  </ListBinding>
  <ListBinding
    Name="TitleLOV"
    ListVOName="PersonEO.PersonTitleTypesVA"
    ListRangeSize="-1"
    NullValueFlag="start"
    NullValueId="LOVUIHints_NullValueId"
    MRUCount="0">
    <AttrArray Name="AttrNames">
      <Item Value="Title"/>
    </AttrArray>
    <AttrArray Name="ListAttrNames">
      <Item Value="Value"/>
    </AttrArray>
    <AttrArray Name="ListDisplayAttrNames">
      <Item Value="Name"/>
    </AttrArray>
    <DisplayCriteria/>
    <AttrArray Name="DerivedAttrNames"/>
  </ListBinding>
  <ListBinding
    Name="PersonTypeCodeLOV"
    ListVOName="PersonEO.PersonTypesVA"
    ListRangeSize="-1"
    NullValueFlag="start"
    NullValueId="LOVUIHints_NullValueId"
    MRUCount="0">
    <AttrArray Name="AttrNames">
      <Item Value="PersonTypeCode"/>
    </AttrArray>
    <AttrArray Name="ListAttrNames">
      <Item Value="Value"/>
    </AttrArray>
    <AttrArray Name="ListDisplayAttrNames">
      <Item Value="Name"/>
    </AttrArray>
    <DisplayCriteria/>
    <AttrArray Name="DerivedAttrNames"/>
  </ListBinding>
  <ListBinding
    Name="MaritalStatusCodeLOV"
    ListVOName="PersonEO.MaritalStatusVA"
    ListRangeSize="-1"
    NullValueFlag="start"
    NullValueId="LOVUIHints_NullValueId"
    MRUCount="0">
    <AttrArray Name="AttrNames">
      <Item Value="MaritalStatusCode"/>
    </AttrArray>
    <AttrArray Name="ListAttrNames">
      <Item Value="Value"/>
    </AttrArray>
    <AttrArray Name="ListDisplayAttrNames">
      <Item Value="Name"/>
    </AttrArray>
    <DisplayCriteria/>
    <AttrArray Name="DerivedAttrNames"/>
  </ListBinding>
  <ListBinding
    Name="ContactMethodCodeLOV"
    ListVOName="PersonEO.ContactMethodsVA"
    ListRangeSize="-1"
    NullValueFlag="start"
    NullValueId="LOVUIHints_NullValueId"
    MRUCount="0">
    <AttrArray Name="AttrNames">
      <Item Value="ContactMethodCode"/>
    </AttrArray>
    <AttrArray Name="ListAttrNames">
      <Item Value="Value"/>
    </AttrArray>
    <AttrArray Name="ListDisplayAttrNames">
      <Item Value="Name"/>
    </AttrArray>
    <DisplayCriteria/>
    <AttrArray Name="DerivedAttrNames"/>
  </ListBinding>
  <EntityUsage
    Name="PersonEO"
    Entity="oracle.fodemo.storefront.entities.PersonEO"
    JoinType="INNER JOIN"/>
  <ViewAttribute
    Name="PersonId"
    IsUpdateable="while_insert"
    PrecisionRule="true"
    EntityAttrName="PersonId"
    EntityUsage="PersonEO"
    AliasName="PERSON_ID"/>
  <ViewAttribute
    Name="PrincipalName"
    IsNotNull="true"
    PrecisionRule="true"
    EntityAttrName="PrincipalName"
    EntityUsage="PersonEO"
    AliasName="PRINCIPAL_NAME"/>
  <ViewAttribute
    Name="Title"
    PrecisionRule="true"
    EntityAttrName="Title"
    EntityUsage="PersonEO"
    AliasName="TITLE"
    LOVName="TitleLOV">
    <Properties>
      <SchemaBasedProperties>
        <CONTROLTYPE
          Value="choice"/>
      </SchemaBasedProperties>
    </Properties>
  </ViewAttribute>
  <ViewAttribute
    Name="FirstName"
    PrecisionRule="true"
    EntityAttrName="FirstName"
    EntityUsage="PersonEO"
    AliasName="FIRST_NAME"/>
  <ViewAttribute
    Name="LastName"
    PrecisionRule="true"
    EntityAttrName="LastName"
    EntityUsage="PersonEO"
    AliasName="LAST_NAME"/>
  <ViewAttribute
    Name="PersonTypeCode"
    IsNotNull="true"
    PrecisionRule="true"
    DefaultValue="CUST"
    EntityAttrName="PersonTypeCode"
    EntityUsage="PersonEO"
    AliasName="PERSON_TYPE_CODE"
    LOVName="PersonTypeCodeLOV">
    <Properties>
      <SchemaBasedProperties>
        <CONTROLTYPE
          Value="choice"/>
      </SchemaBasedProperties>
    </Properties>
  </ViewAttribute>
  <ViewAttribute
    Name="ProvisionedFlag"
    PrecisionRule="true"
    DefaultValue="N"
    EntityAttrName="ProvisionedFlag"
    EntityUsage="PersonEO"
    AliasName="PROVISIONED_FLAG"/>
  <ViewAttribute
    Name="PrimaryAddressId"
    PrecisionRule="true"
    EntityAttrName="PrimaryAddressId"
    EntityUsage="PersonEO"
    AliasName="PRIMARY_ADDRESS_ID"/>
  <ViewAttribute
    Name="RegisteredDate"
    PrecisionRule="true"
    EntityAttrName="RegisteredDate"
    EntityUsage="PersonEO"
    AliasName="REGISTERED_DATE"/>
  <ViewAttribute
    Name="MembershipId"
    PrecisionRule="true"
    EntityAttrName="MembershipId"
    EntityUsage="PersonEO"
    AliasName="MEMBERSHIP_ID"/>
  <ViewAttribute
    Name="Email"
    IsNotNull="true"
    PrecisionRule="true"
    EntityAttrName="Email"
    EntityUsage="PersonEO"
    AliasName="EMAIL"/>
  <ViewAttribute
    Name="ConfirmedEmail"
    PrecisionRule="true"
    EntityAttrName="ConfirmedEmail"
    EntityUsage="PersonEO"
    AliasName="CONFIRMED_EMAIL"/>
  <ViewAttribute
    Name="PhoneNumber"
    PrecisionRule="true"
    EntityAttrName="PhoneNumber"
    EntityUsage="PersonEO"
    AliasName="PHONE_NUMBER"/>
  <ViewAttribute
    Name="MobilePhoneNumber"
    PrecisionRule="true"
    EntityAttrName="MobilePhoneNumber"
    EntityUsage="PersonEO"
    AliasName="MOBILE_PHONE_NUMBER"/>
  <ViewAttribute
    Name="CreditLimit"
    PrecisionRule="true"
    EntityAttrName="CreditLimit"
    EntityUsage="PersonEO"
    AliasName="CREDIT_LIMIT"/>
  <ViewAttribute
    Name="DateOfBirth"
    PrecisionRule="true"
    EntityAttrName="DateOfBirth"
    EntityUsage="PersonEO"
    AliasName="DATE_OF_BIRTH"/>
  <ViewAttribute
    Name="MaritalStatusCode"
    IsNotNull="true"
    PrecisionRule="true"
    EntityAttrName="MaritalStatusCode"
    EntityUsage="PersonEO"
    AliasName="MARITAL_STATUS_CODE"
    LOVName="MaritalStatusCodeLOV">
    <Properties>
      <SchemaBasedProperties>
        <CONTROLTYPE
          Value="default"/>
      </SchemaBasedProperties>
    </Properties>
  </ViewAttribute>
  <ViewAttribute
    Name="Gender"
    IsNotNull="true"
    PrecisionRule="true"
    EntityAttrName="Gender"
    EntityUsage="PersonEO"
    AliasName="GENDER"
    LOVName="GenderLOV">
    <Properties>
      <SchemaBasedProperties>
        <CONTROLTYPE
          Value="choice"/>
      </SchemaBasedProperties>
    </Properties>
  </ViewAttribute>
  <ViewAttribute
    Name="ChildrenUnder18"
    PrecisionRule="true"
    EntityAttrName="ChildrenUnder18"
    EntityUsage="PersonEO"
    AliasName="CHILDREN_UNDER_18"/>
  <ViewAttribute
    Name="ApproximateIncome"
    PrecisionRule="true"
    EntityAttrName="ApproximateIncome"
    EntityUsage="PersonEO"
    AliasName="APPROXIMATE_INCOME"/>
  <ViewAttribute
    Name="ContactMethodCode"
    PrecisionRule="true"
    EntityAttrName="ContactMethodCode"
    EntityUsage="PersonEO"
    AliasName="CONTACT_METHOD_CODE"
    LOVName="ContactMethodCodeLOV">
    <Properties>
      <SchemaBasedProperties>
        <CONTROLTYPE
          Value="default"/>
      </SchemaBasedProperties>
    </Properties>
  </ViewAttribute>
  <ViewAttribute
    Name="ContactableFlag"
    IsNotNull="true"
    PrecisionRule="true"
    DefaultValue="N"
    EntityAttrName="ContactableFlag"
    EntityUsage="PersonEO"
    AliasName="CONTACTABLE_FLAG"/>
  <ViewAttribute
    Name="ContactByAffilliatesFlag"
    IsNotNull="true"
    PrecisionRule="true"
    DefaultValue="N"
    EntityAttrName="ContactByAffilliatesFlag"
    EntityUsage="PersonEO"
    AliasName="CONTACT_BY_AFFILLIATES_FLAG"/>
  <ViewAttribute
    Name="ObjectVersionId"
    IsUpdateable="false"
    IsNotNull="true"
    PrecisionRule="true"
    EntityAttrName="ObjectVersionId"
    EntityUsage="PersonEO"
    AliasName="OBJECT_VERSION_ID"/>
  <ViewAttribute
    Name="ContactableCheckBox"
    IsSelected="false"
    IsQueriable="false"
    IsPersistent="false"
    PrecisionRule="true"
    Type="java.lang.Boolean"
    ColumnType="NUMBER"
    AliasName="VIEW_ATTR"
    Passivate="true"
    SQLType="BIT">
    <Properties>
      <SchemaBasedProperties>
        <LABEL
          ResId="ContactableCheckBox_LABEL"/>
      </SchemaBasedProperties>
    </Properties>
  </ViewAttribute>
  <ViewAttribute
    Name="ContactByAffiliatesCheckBox"
    IsSelected="false"
    IsQueriable="false"
    IsPersistent="false"
    PrecisionRule="true"
    Type="java.lang.Boolean"
    ColumnType="NUMBER"
    AliasName="VIEW_ATTR"
    Passivate="true"
    SQLType="BIT">
    <Properties>
      <SchemaBasedProperties>
        <LABEL
          ResId="ContactByAffiliatesCheckBox_LABEL"/>
      </SchemaBasedProperties>
    </Properties>
  </ViewAttribute>
  <ViewLinkAccessor
    Name="CustomerPaymentOptionVO"
    ViewLink="oracle.fodemo.storefront.account.queries.links.CustomerRegistrationToCustomerPaymentOption"
    Type="oracle.jbo.RowIterator"
    IsUpdateable="false"/>
  <ViewLinkAccessor
    Name="CustomerInterestsVO"
    ViewLink="oracle.fodemo.storefront.account.queries.links.CustomerRegistrationToCustomerInterestsVO"
    Type="oracle.jbo.RowIterator"
    IsUpdateable="false"/>
  <ViewLinkAccessor
    Name="CustomerAddressVO"
    ViewLink="oracle.fodemo.storefront.account.queries.links.CustomerRegistrationToCustomerAddress"
    Type="oracle.jbo.RowIterator"
    IsUpdateable="false"/>
  <ResourceBundle>
    <PropertiesBundle
      PropertiesFile="oracle.fodemo.storefront.account.queries.common.CustomerRegistrationVOMsgBundle"/>
  </ResourceBundle>
</ViewObject>
