<?xml version="1.0" encoding="windows-1252" ?>
<!DOCTYPE ViewObject SYSTEM "jbo_03_01.dtd">
<!---->
<ViewObject
  xmlns="http://xmlns.oracle.com/bc4j"
  Name="CustomerAddressVO"
  SelectList="AddressEO.ADDRESS_ID, 
       AddressEO.ADDRESS1, 
       AddressEO.ADDRESS2, 
       AddressEO.CITY, 
       AddressEO.POSTAL_CODE, 
       AddressEO.STATE_PROVINCE, 
       AddressEO.COUNTRY_ID, 
       AddressEO.LONGITUDE, 
       AddressEO.LATITUDE, 
       AddressEO.OBJECT_VERSION_ID, 
       AddressUsageEO.ADDRESS_USAGES_ID, 
       AddressUsageEO.ASSOCIATED_OWNER_ID, 
       AddressUsageEO.OWNER_TYPE_CODE, 
       AddressUsageEO.ADDRESS_ID AS ADDRESS_ID1, 
       AddressUsageEO.USAGE_TYPE_CODE, 
       AddressUsageEO.EXPIRED_FLAG, 
       AddressUsageEO.OBJECT_VERSION_ID AS OBJECT_VERSION_ID1, 
       CountryCodeEO.ISO_COUNTRY_CODE, 
       CountryCodeEO.COUNTRY_NAME, 
       CountryCodeEO.LANGUAGE, 
       LookupCodeEO.MEANING, 
       CountryCodeEO.OBJECT_VERSION_ID AS OBJECT_VERSION_ID2, 
       LookupCodeEO.LOOKUP_TYPE, 
       LookupCodeEO.LOOKUP_CODE, 
       LookupCodeEO.LANGUAGE AS LANGUAGE1"
  FromList="ADDRESSES AddressEO, ADDRESS_USAGES AddressUsageEO, COUNTRY_CODES CountryCodeEO, LOOKUP_CODES LookupCodeEO"
  Where="(AddressEO.ADDRESS_ID = AddressUsageEO.ADDRESS_ID) AND (AddressEO.COUNTRY_ID = CountryCodeEO.ISO_COUNTRY_CODE) AND CountryCodeEO.LANGUAGE = SYS_CONTEXT('userenv','LANG') AND LookupCodeEO.LOOKUP_TYPE='USAGE_TYPE_CODE' and LookupCodeEO.LOOKUP_CODE = AddressUsageEO.USAGE_TYPE_CODE AND LookupCodeEO.LANGUAGE =  SYS_CONTEXT('userenv','LANG')"
  BindingStyle="OracleName"
  CustomQuery="false"
  RowClass="oracle.fodemo.storefront.account.queries.CustomerAddressVORowImpl"
  ComponentClass="oracle.fodemo.storefront.account.queries.CustomerAddressVOImpl"
  ComponentInterface="oracle.fodemo.storefront.account.queries.common.CustomerAddressVO"
  ClientProxyName="oracle.fodemo.storefront.account.queries.client.CustomerAddressVOClient"
  PageIterMode="Full"
  UseGlueCode="false"
  OrderBy="AddressEO.ADDRESS1,AddressEO.CITY"
  Version="11.1.1.51.28">
  <DesignTime>
    <Attr Name="_isCodegen" Value="true"/>
    <Attr Name="_codeGenFlag2" Value="Access|Coll|VarAccess"/>
  </DesignTime>
  <Variable
    Name="vcParamAssociatedOwnerId"
    Kind="viewcriteria"
    Type="oracle.jbo.domain.Number"/>
  <ListBinding
    Name="CountryIdLOV"
    ListVOName="AddressEO.SharedCountriesVA"
    ListRangeSize="-1"
    NullValueFlag="start"
    NullValueId="LOVUIHints_NullValueId"
    MRUCount="0">
    <AttrArray Name="AttrNames">
      <Item Value="CountryId"/>
    </AttrArray>
    <AttrArray Name="ListAttrNames">
      <Item Value="Value"/>
    </AttrArray>
    <AttrArray Name="ListDisplayAttrNames">
      <Item Value="Name"/>
    </AttrArray>
    <AttrArray Name="DerivedAttrNames"/>
    <DisplayCriteria/>
  </ListBinding>
  <ListBinding
    Name="OwnerTypeCodeLOV"
    ListVOName="AddressUsageEO.AddressOwnerTypesVA"
    ListRangeSize="-1"
    NullValueFlag="start"
    NullValueId="LOVUIHints_NullValueId"
    MRUCount="0">
    <AttrArray Name="AttrNames">
      <Item Value="OwnerTypeCode"/>
    </AttrArray>
    <AttrArray Name="ListAttrNames">
      <Item Value="Value"/>
    </AttrArray>
    <AttrArray Name="ListDisplayAttrNames">
      <Item Value="Name"/>
    </AttrArray>
    <DisplayCriteria/>
    <AttrArray Name="DerivedAttrNames"/>
  </ListBinding>
  <ListBinding
    Name="UsageTypeCodeLOV"
    ListVOName="AddressUsageEO.AddressUsageTypesVA"
    ListRangeSize="-1"
    NullValueFlag="start"
    NullValueId="LOVUIHints_NullValueId"
    MRUCount="0">
    <AttrArray Name="AttrNames">
      <Item Value="UsageTypeCode"/>
    </AttrArray>
    <AttrArray Name="ListAttrNames">
      <Item Value="Value"/>
    </AttrArray>
    <AttrArray Name="ListDisplayAttrNames">
      <Item Value="Name"/>
    </AttrArray>
    <DisplayCriteria/>
    <AttrArray Name="DerivedAttrNames"/>
  </ListBinding>
  <EntityUsage
    Name="AddressEO"
    Entity="oracle.fodemo.storefront.entities.AddressEO"
    JoinType="INNER JOIN"/>
  <EntityUsage
    Name="AddressUsageEO"
    Entity="oracle.fodemo.storefront.entities.AddressUsageEO"
    Association="oracle.fodemo.storefront.entities.associations.AddressUsagesAddressesFkAssoc"
    AssociationEnd="oracle.fodemo.storefront.entities.associations.AddressUsagesAddressesFkAssoc.AddressUsage"
    SourceUsage="oracle.fodemo.storefront.account.queries.CustomerAddressVO.AddressEO"
    JoinType="INNER JOIN"/>
  <EntityUsage
    Name="CountryCodeEO"
    Entity="oracle.fodemo.storefront.entities.CountryCodeEO"
    Association="oracle.fodemo.storefront.entities.associations.CountryCodesToAddress"
    AssociationEnd="oracle.fodemo.storefront.entities.associations.CountryCodesToAddress.CountryCodeEO"
    SourceUsage="oracle.fodemo.storefront.account.queries.CustomerAddressVO.AddressEO"
    ReadOnly="true"
    Reference="true"
    DeleteParticipant="false"
    JoinType="INNER JOIN"/>
  <EntityUsage
    Name="LookupCodeEO"
    Entity="oracle.fodemo.storefront.entities.LookupCodeEO"
    Association="oracle.fodemo.storefront.entities.associations.LookupCodesToAddressUsages"
    AssociationEnd="oracle.fodemo.storefront.entities.associations.LookupCodesToAddressUsages.LookupCodeEO"
    SourceUsage="oracle.fodemo.storefront.account.queries.CustomerAddressVO.AddressUsageEO"
    ReadOnly="true"
    Reference="true"
    DeleteParticipant="false"
    JoinType="INNER JOIN"/>
  <ViewAttribute
    Name="AddressId"
    IsUpdateable="while_insert"
    PrecisionRule="true"
    EntityAttrName="AddressId"
    EntityUsage="AddressEO"
    AliasName="ADDRESS_ID"/>
  <ViewAttribute
    Name="Address1"
    IsNotNull="true"
    PrecisionRule="true"
    EntityAttrName="Address1"
    EntityUsage="AddressEO"
    AliasName="ADDRESS1"/>
  <ViewAttribute
    Name="Address2"
    PrecisionRule="true"
    EntityAttrName="Address2"
    EntityUsage="AddressEO"
    AliasName="ADDRESS2"/>
  <ViewAttribute
    Name="City"
    IsNotNull="true"
    PrecisionRule="true"
    EntityAttrName="City"
    EntityUsage="AddressEO"
    AliasName="CITY"/>
  <ViewAttribute
    Name="PostalCode"
    PrecisionRule="true"
    EntityAttrName="PostalCode"
    EntityUsage="AddressEO"
    AliasName="POSTAL_CODE"/>
  <ViewAttribute
    Name="StateProvince"
    IsNotNull="true"
    PrecisionRule="true"
    EntityAttrName="StateProvince"
    EntityUsage="AddressEO"
    AliasName="STATE_PROVINCE"/>
  <ViewAttribute
    Name="AddressLabel"
    IsUpdateable="false"
    IsPersistent="false"
    PrecisionRule="true"
    Type="java.lang.String"
    ColumnType="VARCHAR2"
    AliasName="VIEW_ATTR"
    SQLType="VARCHAR"
    IsSelected="false">
    <RecalcCondition>
      <![CDATA[true]]>
    </RecalcCondition>
    <TransientExpression>
      <![CDATA[Address1+", "+City+", "+StateProvince+", "+PostalCode+" -  "+CountryName]]>
    </TransientExpression>
    <Properties>
      <SchemaBasedProperties>
        <DISPLAYWIDTH
          Value="50"/>
        <LABEL
          ResId="AddressLabel_LABEL"/>
      </SchemaBasedProperties>
    </Properties>
  </ViewAttribute>
  <ViewAttribute
    Name="CountryId"
    IsNotNull="true"
    PrecisionRule="true"
    EntityAttrName="CountryId"
    EntityUsage="AddressEO"
    AliasName="COUNTRY_ID"
    LOVName="CountryIdLOV">
    <Properties>
      <SchemaBasedProperties>
        <CONTROLTYPE
          Value="choice"/>
      </SchemaBasedProperties>
    </Properties>
  </ViewAttribute>
  <ViewAttribute
    Name="Longitude"
    PrecisionRule="true"
    EntityAttrName="Longitude"
    EntityUsage="AddressEO"
    AliasName="LONGITUDE">
    <Properties>
      <SchemaBasedProperties>
        <DISPLAYHINT
          Value="Hide"/>
      </SchemaBasedProperties>
    </Properties>
  </ViewAttribute>
  <ViewAttribute
    Name="Latitude"
    PrecisionRule="true"
    EntityAttrName="Latitude"
    EntityUsage="AddressEO"
    AliasName="LATITUDE">
    <Properties>
      <SchemaBasedProperties>
        <DISPLAYHINT
          Value="Hide"/>
      </SchemaBasedProperties>
    </Properties>
  </ViewAttribute>
  <ViewAttribute
    Name="ObjectVersionId"
    IsUpdateable="false"
    IsNotNull="true"
    PrecisionRule="true"
    EntityAttrName="ObjectVersionId"
    EntityUsage="AddressEO"
    AliasName="OBJECT_VERSION_ID">
    <Properties>
      <SchemaBasedProperties>
        <DISPLAYHINT
          Value="Hide"/>
      </SchemaBasedProperties>
    </Properties>
  </ViewAttribute>
  <ViewAttribute
    Name="AddressUsagesId"
    IsUpdateable="while_insert"
    PrecisionRule="true"
    EntityAttrName="AddressUsagesId"
    EntityUsage="AddressUsageEO"
    AliasName="ADDRESS_USAGES_ID"/>
  <ViewAttribute
    Name="AssociatedOwnerId"
    IsNotNull="true"
    PrecisionRule="true"
    EntityAttrName="AssociatedOwnerId"
    EntityUsage="AddressUsageEO"
    AliasName="ASSOCIATED_OWNER_ID"/>
  <ViewAttribute
    Name="OwnerTypeCode"
    IsNotNull="true"
    PrecisionRule="true"
    DefaultValue="CUST"
    EntityAttrName="OwnerTypeCode"
    EntityUsage="AddressUsageEO"
    AliasName="OWNER_TYPE_CODE"
    LOVName="OwnerTypeCodeLOV">
    <Properties>
      <SchemaBasedProperties>
        <CONTROLTYPE
          Value="choice"/>
      </SchemaBasedProperties>
    </Properties>
  </ViewAttribute>
  <ViewAttribute
    Name="AddressId1"
    IsNotNull="true"
    PrecisionRule="true"
    EntityAttrName="AddressId"
    EntityUsage="AddressUsageEO"
    AliasName="ADDRESS_ID1"/>
  <ViewAttribute
    Name="UsageTypeCode"
    IsNotNull="true"
    PrecisionRule="true"
    DefaultValue="IN"
    EntityAttrName="UsageTypeCode"
    EntityUsage="AddressUsageEO"
    AliasName="USAGE_TYPE_CODE"
    LOVName="UsageTypeCodeLOV">
    <Properties>
      <SchemaBasedProperties>
        <CONTROLTYPE
          Value="choice"/>
      </SchemaBasedProperties>
    </Properties>
  </ViewAttribute>
  <ViewAttribute
    Name="ExpiredFlag"
    IsNotNull="true"
    PrecisionRule="true"
    EntityAttrName="ExpiredFlag"
    EntityUsage="AddressUsageEO"
    AliasName="EXPIRED_FLAG"/>
  <ViewAttribute
    Name="ObjectVersionId1"
    IsUpdateable="false"
    IsNotNull="true"
    PrecisionRule="true"
    EntityAttrName="ObjectVersionId"
    EntityUsage="AddressUsageEO"
    AliasName="OBJECT_VERSION_ID1"/>
  <ViewAttribute
    Name="IsoCountryCode"
    IsUpdateable="false"
    IsNotNull="true"
    PrecisionRule="true"
    EntityAttrName="IsoCountryCode"
    EntityUsage="CountryCodeEO"
    AliasName="ISO_COUNTRY_CODE"/>
  <ViewAttribute
    Name="CountryName"
    IsUpdateable="false"
    PrecisionRule="true"
    EntityAttrName="CountryName"
    EntityUsage="CountryCodeEO"
    AliasName="COUNTRY_NAME"/>
  <ViewAttribute
    Name="Language"
    IsUpdateable="false"
    IsNotNull="true"
    PrecisionRule="true"
    EntityAttrName="Language"
    EntityUsage="CountryCodeEO"
    AliasName="LANGUAGE"/>
  <ViewAttribute
    Name="UsageTypeDescription"
    IsUpdateable="false"
    IsNotNull="true"
    PrecisionRule="true"
    EntityAttrName="Meaning"
    EntityUsage="LookupCodeEO"
    AliasName="MEANING"/>
  <ViewAttribute
    Name="ObjectVersionId2"
    IsUpdateable="false"
    IsNotNull="true"
    PrecisionRule="true"
    EntityAttrName="ObjectVersionId"
    EntityUsage="CountryCodeEO"
    AliasName="OBJECT_VERSION_ID2"/>
  <ViewAttribute
    Name="LookupType"
    IsNotNull="true"
    PrecisionRule="true"
    EntityAttrName="LookupType"
    EntityUsage="LookupCodeEO"
    AliasName="LOOKUP_TYPE"/>
  <ViewAttribute
    Name="LookupCode"
    IsNotNull="true"
    PrecisionRule="true"
    EntityAttrName="LookupCode"
    EntityUsage="LookupCodeEO"
    AliasName="LOOKUP_CODE"/>
  <ViewAttribute
    Name="Language1"
    IsNotNull="true"
    PrecisionRule="true"
    EntityAttrName="Language"
    EntityUsage="LookupCodeEO"
    AliasName="LANGUAGE1"/>
  <ViewCriteria
    Name="listBillingAddressByCustomer"
    ViewObjectName="oracle.fodemo.storefront.account.queries.CustomerAddressVO"
    Conjunction="AND"
    Mode="3">
    <ViewCriteriaRow
      Name="vcrow33">
      <ViewCriteriaItem
        Name="AssociatedOwnerId"
        ViewAttribute="AssociatedOwnerId"
        Operator="="
        Conjunction="AND"
        Value=":vcParamAssociatedOwnerId"
        IsBindVarValue="true"
        Required="Required"/>
      <ViewCriteriaItem
        Name="OwnerTypeCode"
        ViewAttribute="OwnerTypeCode"
        Operator="="
        Conjunction="AND"
        Value="CUST"
        Required="Optional"/>
      <ViewCriteriaItem
        Name="UsageTypeCode"
        ViewAttribute="UsageTypeCode"
        Operator="="
        Conjunction="AND"
        Value="IN"
        Required="Optional"/>
    </ViewCriteriaRow>
  </ViewCriteria>
  <ClientInterface>
    <Method
      Name="refreshRemoveNewCurrentRow">
      <Return
        Type="void"/>
    </Method>
    <Method
      Name="refreshRemoveNewRowByKey">
      <Return
        Type="void"/>
      <Parameter
        Name="pRowKey"
        Type="oracle.jbo.Key"/>
    </Method>
    <Method
      Name="refreshAndDiscardChanges">
      <Return
        Type="void"/>
    </Method>
  </ClientInterface>
  <ResourceBundle>
    <PropertiesBundle
      PropertiesFile="oracle.fodemo.storefront.account.queries.CustomerAddressVOMsgBundle"/>
  </ResourceBundle>
</ViewObject>
