<?xml version = '1.0' encoding = 'UTF-8'?>
<oracle-webservice-clients xmlns:ns1="http://java.sun.com/xml/ns/javaee">
   <webservice-client>
      <service-qname namespaceURI="http://annotation/" localpart="MyCompanyWS"/>
      <port-info>
         <wsdl-port namespaceURI="http://annotation/" localpart="MyCompanyPort"/>
         <runtime/>
         <operations>
            <operation name="addEmployeeToDept"/>
            <operation name="setMyDepts"/>
            <operation name="getMyDepts"/>
            <operation name="getDeptInfo"/>
         </operations>
      </port-info>
   </webservice-client>
</oracle-webservice-clients>
