<?xml version="1.0" encoding="windows-1252" ?>
<!DOCTYPE Entity SYSTEM "jbo_03_01.dtd">
<!---->
<Entity
  xmlns="http://xmlns.oracle.com/bc4j"
  Name="Orders"
  DBObjectType="table"
  DBObjectName="ORDERS"
  AliasName="Orders"
  BindingStyle="OracleName"
  UseGlueCode="false">
  <DesignTime>
    <AttrArray Name="_publishEvents"/>
    <Attr Name="_version" Value="11.1.1.46.77"/>
    <Attr Name="_codeGenFlag2" Value="Access"/>
  </DesignTime>
  <Attribute
    Name="OrderId"
    IsNotNull="true"
    Precision="15"
    Scale="0"
    ColumnName="ORDER_ID"
    Type="oracle.jbo.domain.Number"
    ColumnType="NUMBER"
    SQLType="NUMERIC"
    TableName="ORDERS"
    PrimaryKey="true">
    <DesignTime>
      <Attr Name="_DisplaySize" Value="22"/>
    </DesignTime>
  </Attribute>
  <Attribute
    Name="OrderDate"
    IsNotNull="true"
    ColumnName="ORDER_DATE"
    Type="oracle.jbo.domain.Date"
    ColumnType="DATE"
    SQLType="TIMESTAMP"
    TableName="ORDERS">
    <DesignTime>
      <Attr Name="_DisplaySize" Value="7"/>
    </DesignTime>
  </Attribute>
  <Attribute
    Name="OrderShippedDate"
    ColumnName="ORDER_SHIPPED_DATE"
    Type="oracle.jbo.domain.Date"
    ColumnType="DATE"
    SQLType="TIMESTAMP"
    TableName="ORDERS">
    <DesignTime>
      <Attr Name="_DisplaySize" Value="7"/>
    </DesignTime>
  </Attribute>
  <Attribute
    Name="OrderStatusCode"
    IsNotNull="true"
    Precision="30"
    ColumnName="ORDER_STATUS_CODE"
    Type="java.lang.String"
    ColumnType="VARCHAR2"
    SQLType="VARCHAR"
    TableName="ORDERS">
    <DesignTime>
      <Attr Name="_DisplaySize" Value="30"/>
    </DesignTime>
  </Attribute>
  <Attribute
    Name="OrderTotal"
    IsNotNull="true"
    Precision="8"
    Scale="2"
    ColumnName="ORDER_TOTAL"
    Type="oracle.jbo.domain.Number"
    ColumnType="NUMBER"
    SQLType="NUMERIC"
    TableName="ORDERS">
    <DesignTime>
      <Attr Name="_DisplaySize" Value="22"/>
    </DesignTime>
  </Attribute>
  <Attribute
    Name="CustomerId"
    IsNotNull="true"
    Precision="15"
    Scale="0"
    ColumnName="CUSTOMER_ID"
    Type="oracle.jbo.domain.Number"
    ColumnType="NUMBER"
    SQLType="NUMERIC"
    TableName="ORDERS">
    <DesignTime>
      <Attr Name="_DisplaySize" Value="22"/>
    </DesignTime>
  </Attribute>
  <Attribute
    Name="ShipToName"
    Precision="120"
    ColumnName="SHIP_TO_NAME"
    Type="java.lang.String"
    ColumnType="VARCHAR2"
    SQLType="VARCHAR"
    TableName="ORDERS">
    <DesignTime>
      <Attr Name="_DisplaySize" Value="120"/>
    </DesignTime>
  </Attribute>
  <Attribute
    Name="ShipToAddressId"
    IsNotNull="true"
    Precision="15"
    Scale="0"
    ColumnName="SHIP_TO_ADDRESS_ID"
    Type="oracle.jbo.domain.Number"
    ColumnType="NUMBER"
    SQLType="NUMERIC"
    TableName="ORDERS">
    <DesignTime>
      <Attr Name="_DisplaySize" Value="22"/>
    </DesignTime>
  </Attribute>
  <Attribute
    Name="ShipToPhoneNumber"
    Precision="20"
    ColumnName="SHIP_TO_PHONE_NUMBER"
    Type="java.lang.String"
    ColumnType="VARCHAR2"
    SQLType="VARCHAR"
    TableName="ORDERS">
    <DesignTime>
      <Attr Name="_DisplaySize" Value="20"/>
    </DesignTime>
  </Attribute>
  <Attribute
    Name="ShippingOptionId"
    IsNotNull="true"
    Precision="15"
    Scale="0"
    ColumnName="SHIPPING_OPTION_ID"
    Type="oracle.jbo.domain.Number"
    ColumnType="NUMBER"
    SQLType="NUMERIC"
    TableName="ORDERS">
    <DesignTime>
      <Attr Name="_DisplaySize" Value="22"/>
    </DesignTime>
  </Attribute>
  <Attribute
    Name="PaymentOptionId"
    Precision="16"
    Scale="0"
    ColumnName="PAYMENT_OPTION_ID"
    Type="oracle.jbo.domain.Number"
    ColumnType="NUMBER"
    SQLType="NUMERIC"
    TableName="ORDERS">
    <DesignTime>
      <Attr Name="_DisplaySize" Value="22"/>
    </DesignTime>
  </Attribute>
  <Attribute
    Name="DiscountId"
    Precision="15"
    Scale="0"
    ColumnName="DISCOUNT_ID"
    Type="oracle.jbo.domain.Number"
    ColumnType="NUMBER"
    SQLType="NUMERIC"
    TableName="ORDERS">
    <DesignTime>
      <Attr Name="_DisplaySize" Value="22"/>
    </DesignTime>
  </Attribute>
  <Attribute
    Name="CouponId"
    Precision="15"
    Scale="0"
    ColumnName="COUPON_ID"
    Type="oracle.jbo.domain.Number"
    ColumnType="NUMBER"
    SQLType="NUMERIC"
    TableName="ORDERS">
    <DesignTime>
      <Attr Name="_DisplaySize" Value="22"/>
    </DesignTime>
  </Attribute>
  <Attribute
    Name="FreeShippingFlag"
    IsNotNull="true"
    Precision="1"
    ColumnName="FREE_SHIPPING_FLAG"
    Type="java.lang.String"
    ColumnType="VARCHAR2"
    SQLType="VARCHAR"
    TableName="ORDERS">
    <DesignTime>
      <Attr Name="_DisplaySize" Value="1"/>
    </DesignTime>
  </Attribute>
  <Attribute
    Name="CustomerCollectFlag"
    IsNotNull="true"
    Precision="1"
    ColumnName="CUSTOMER_COLLECT_FLAG"
    Type="java.lang.String"
    ColumnType="VARCHAR2"
    SQLType="VARCHAR"
    TableName="ORDERS">
    <DesignTime>
      <Attr Name="_DisplaySize" Value="1"/>
    </DesignTime>
  </Attribute>
  <Attribute
    Name="CollectionWarehouseId"
    Precision="15"
    Scale="0"
    ColumnName="COLLECTION_WAREHOUSE_ID"
    Type="oracle.jbo.domain.Number"
    ColumnType="NUMBER"
    SQLType="NUMERIC"
    TableName="ORDERS">
    <DesignTime>
      <Attr Name="_DisplaySize" Value="22"/>
    </DesignTime>
  </Attribute>
  <Attribute
    Name="GiftwrapFlag"
    IsNotNull="true"
    Precision="1"
    ColumnName="GIFTWRAP_FLAG"
    Type="java.lang.String"
    ColumnType="VARCHAR2"
    SQLType="VARCHAR"
    TableName="ORDERS">
    <DesignTime>
      <Attr Name="_DisplaySize" Value="1"/>
    </DesignTime>
  </Attribute>
  <Attribute
    Name="GiftwrapMessage"
    Precision="2000"
    ColumnName="GIFTWRAP_MESSAGE"
    Type="java.lang.String"
    ColumnType="VARCHAR2"
    SQLType="VARCHAR"
    TableName="ORDERS">
    <DesignTime>
      <Attr Name="_DisplaySize" Value="2000"/>
    </DesignTime>
  </Attribute>
  <Attribute
    Name="CreatedBy"
    IsNotNull="true"
    Precision="60"
    ColumnName="CREATED_BY"
    Type="java.lang.String"
    ColumnType="VARCHAR2"
    SQLType="VARCHAR"
    TableName="ORDERS">
    <DesignTime>
      <Attr Name="_DisplaySize" Value="60"/>
    </DesignTime>
  </Attribute>
  <Attribute
    Name="CreationDate"
    IsNotNull="true"
    ColumnName="CREATION_DATE"
    Type="oracle.jbo.domain.Date"
    ColumnType="DATE"
    SQLType="TIMESTAMP"
    TableName="ORDERS">
    <DesignTime>
      <Attr Name="_DisplaySize" Value="7"/>
    </DesignTime>
  </Attribute>
  <Attribute
    Name="LastUpdatedBy"
    IsNotNull="true"
    Precision="60"
    ColumnName="LAST_UPDATED_BY"
    Type="java.lang.String"
    ColumnType="VARCHAR2"
    SQLType="VARCHAR"
    TableName="ORDERS">
    <DesignTime>
      <Attr Name="_DisplaySize" Value="60"/>
    </DesignTime>
  </Attribute>
  <Attribute
    Name="LastUpdateDate"
    IsNotNull="true"
    ColumnName="LAST_UPDATE_DATE"
    Type="oracle.jbo.domain.Date"
    ColumnType="DATE"
    SQLType="TIMESTAMP"
    TableName="ORDERS">
    <DesignTime>
      <Attr Name="_DisplaySize" Value="7"/>
    </DesignTime>
  </Attribute>
  <Attribute
    Name="ObjectVersionId"
    IsNotNull="true"
    Precision="15"
    Scale="0"
    ColumnName="OBJECT_VERSION_ID"
    Type="oracle.jbo.domain.Number"
    ColumnType="NUMBER"
    SQLType="NUMERIC"
    TableName="ORDERS">
    <DesignTime>
      <Attr Name="_DisplaySize" Value="22"/>
    </DesignTime>
  </Attribute>
  <AccessorAttribute
    Name="OrderItems"
    Association="devguide.advanced.xml.entities.OrderItemsOrdersFkAssoc"
    AssociationEnd="devguide.advanced.xml.entities.OrderItemsOrdersFkAssoc.OrderItems"
    AssociationOtherEnd="devguide.advanced.xml.entities.OrderItemsOrdersFkAssoc.Orders"
    Type="oracle.jbo.RowIterator"
    IsUpdateable="false"/>
  <AccessorAttribute
    Name="Persons"
    Association="devguide.advanced.xml.entities.OrdersPersonsFkAssoc"
    AssociationEnd="devguide.advanced.xml.entities.OrdersPersonsFkAssoc.Persons"
    AssociationOtherEnd="devguide.advanced.xml.entities.OrdersPersonsFkAssoc.Orders"
    Type="oracle.jbo.server.EntityImpl"
    IsUpdateable="true"/>
  <Key
    Name="OrdersPk"
    PrimaryKey="true">
    <DesignTime>
      <Attr Name="_DBObjectName" Value="ORDERS_PK"/>
    </DesignTime>
    <AttrArray Name="Attributes">
      <Item Value="devguide.advanced.xml.entities.Orders.OrderId"/>
    </AttrArray>
  </Key>
  <Key
    Name="SysC0071853">
    <DesignTime>
      <Attr Name="_DBObjectName" Value="SYS_C0071853"/>
      <Attr Name="_isCheck" Value="true"/>
      <Attr Name="_checkCondition" Value='"ORDER_ID" IS NOT NULL'/>
    </DesignTime>
    <AttrArray Name="Attributes">
      <Item Value="devguide.advanced.xml.entities.Orders.OrderId"/>
    </AttrArray>
  </Key>
  <Key
    Name="SysC0071854">
    <DesignTime>
      <Attr Name="_DBObjectName" Value="SYS_C0071854"/>
      <Attr Name="_isCheck" Value="true"/>
      <Attr Name="_checkCondition" Value='"ORDER_DATE" IS NOT NULL'/>
    </DesignTime>
    <AttrArray Name="Attributes">
      <Item Value="devguide.advanced.xml.entities.Orders.OrderDate"/>
    </AttrArray>
  </Key>
  <Key
    Name="SysC0071855">
    <DesignTime>
      <Attr Name="_DBObjectName" Value="SYS_C0071855"/>
      <Attr Name="_isCheck" Value="true"/>
      <Attr Name="_checkCondition" Value='"ORDER_STATUS_CODE" IS NOT NULL'/>
    </DesignTime>
    <AttrArray Name="Attributes">
      <Item Value="devguide.advanced.xml.entities.Orders.OrderStatusCode"/>
    </AttrArray>
  </Key>
  <Key
    Name="SysC0071856">
    <DesignTime>
      <Attr Name="_DBObjectName" Value="SYS_C0071856"/>
      <Attr Name="_isCheck" Value="true"/>
      <Attr Name="_checkCondition" Value='"ORDER_TOTAL" IS NOT NULL'/>
    </DesignTime>
    <AttrArray Name="Attributes">
      <Item Value="devguide.advanced.xml.entities.Orders.OrderTotal"/>
    </AttrArray>
  </Key>
  <Key
    Name="SysC0071857">
    <DesignTime>
      <Attr Name="_DBObjectName" Value="SYS_C0071857"/>
      <Attr Name="_isCheck" Value="true"/>
      <Attr Name="_checkCondition" Value='"CUSTOMER_ID" IS NOT NULL'/>
    </DesignTime>
    <AttrArray Name="Attributes">
      <Item Value="devguide.advanced.xml.entities.Orders.CustomerId"/>
    </AttrArray>
  </Key>
  <Key
    Name="SysC0071858">
    <DesignTime>
      <Attr Name="_DBObjectName" Value="SYS_C0071858"/>
      <Attr Name="_isCheck" Value="true"/>
      <Attr Name="_checkCondition" Value='"SHIP_TO_ADDRESS_ID" IS NOT NULL'/>
    </DesignTime>
    <AttrArray Name="Attributes">
      <Item Value="devguide.advanced.xml.entities.Orders.ShipToAddressId"/>
    </AttrArray>
  </Key>
  <Key
    Name="SysC0071859">
    <DesignTime>
      <Attr Name="_DBObjectName" Value="SYS_C0071859"/>
      <Attr Name="_isCheck" Value="true"/>
      <Attr Name="_checkCondition" Value='"SHIPPING_OPTION_ID" IS NOT NULL'/>
    </DesignTime>
    <AttrArray Name="Attributes">
      <Item Value="devguide.advanced.xml.entities.Orders.ShippingOptionId"/>
    </AttrArray>
  </Key>
  <Key
    Name="SysC0071860">
    <DesignTime>
      <Attr Name="_DBObjectName" Value="SYS_C0071860"/>
      <Attr Name="_isCheck" Value="true"/>
      <Attr Name="_checkCondition" Value='"FREE_SHIPPING_FLAG" IS NOT NULL'/>
    </DesignTime>
    <AttrArray Name="Attributes">
      <Item Value="devguide.advanced.xml.entities.Orders.FreeShippingFlag"/>
    </AttrArray>
  </Key>
  <Key
    Name="SysC0071861">
    <DesignTime>
      <Attr Name="_DBObjectName" Value="SYS_C0071861"/>
      <Attr Name="_isCheck" Value="true"/>
      <Attr Name="_checkCondition" Value='"CUSTOMER_COLLECT_FLAG" IS NOT NULL'/>
    </DesignTime>
    <AttrArray Name="Attributes">
      <Item Value="devguide.advanced.xml.entities.Orders.CustomerCollectFlag"/>
    </AttrArray>
  </Key>
  <Key
    Name="SysC0071862">
    <DesignTime>
      <Attr Name="_DBObjectName" Value="SYS_C0071862"/>
      <Attr Name="_isCheck" Value="true"/>
      <Attr Name="_checkCondition" Value='"GIFTWRAP_FLAG" IS NOT NULL'/>
    </DesignTime>
    <AttrArray Name="Attributes">
      <Item Value="devguide.advanced.xml.entities.Orders.GiftwrapFlag"/>
    </AttrArray>
  </Key>
  <Key
    Name="SysC0071863">
    <DesignTime>
      <Attr Name="_DBObjectName" Value="SYS_C0071863"/>
      <Attr Name="_isCheck" Value="true"/>
      <Attr Name="_checkCondition" Value='"CREATED_BY" IS NOT NULL'/>
    </DesignTime>
    <AttrArray Name="Attributes">
      <Item Value="devguide.advanced.xml.entities.Orders.CreatedBy"/>
    </AttrArray>
  </Key>
  <Key
    Name="SysC0071864">
    <DesignTime>
      <Attr Name="_DBObjectName" Value="SYS_C0071864"/>
      <Attr Name="_isCheck" Value="true"/>
      <Attr Name="_checkCondition" Value='"CREATION_DATE" IS NOT NULL'/>
    </DesignTime>
    <AttrArray Name="Attributes">
      <Item Value="devguide.advanced.xml.entities.Orders.CreationDate"/>
    </AttrArray>
  </Key>
  <Key
    Name="SysC0071865">
    <DesignTime>
      <Attr Name="_DBObjectName" Value="SYS_C0071865"/>
      <Attr Name="_isCheck" Value="true"/>
      <Attr Name="_checkCondition" Value='"LAST_UPDATED_BY" IS NOT NULL'/>
    </DesignTime>
    <AttrArray Name="Attributes">
      <Item Value="devguide.advanced.xml.entities.Orders.LastUpdatedBy"/>
    </AttrArray>
  </Key>
  <Key
    Name="SysC0071866">
    <DesignTime>
      <Attr Name="_DBObjectName" Value="SYS_C0071866"/>
      <Attr Name="_isCheck" Value="true"/>
      <Attr Name="_checkCondition" Value='"LAST_UPDATE_DATE" IS NOT NULL'/>
    </DesignTime>
    <AttrArray Name="Attributes">
      <Item Value="devguide.advanced.xml.entities.Orders.LastUpdateDate"/>
    </AttrArray>
  </Key>
  <Key
    Name="SysC0071867">
    <DesignTime>
      <Attr Name="_DBObjectName" Value="SYS_C0071867"/>
      <Attr Name="_isCheck" Value="true"/>
      <Attr Name="_checkCondition" Value='"OBJECT_VERSION_ID" IS NOT NULL'/>
    </DesignTime>
    <AttrArray Name="Attributes">
      <Item Value="devguide.advanced.xml.entities.Orders.ObjectVersionId"/>
    </AttrArray>
  </Key>
  <Key
    Name="OrdersAddressesFk">
    <DesignTime>
      <Attr Name="_DBObjectName" Value="ORDERS_ADDRESSES_FK"/>
      <Attr Name="_isForeign" Value="true"/>
      <Attr Name="_referencedKey" Value="ADDRESSES_PK"/>
    </DesignTime>
    <AttrArray Name="Attributes">
      <Item Value="devguide.advanced.xml.entities.Orders.ShipToAddressId"/>
    </AttrArray>
  </Key>
  <Key
    Name="OrdersDiscountsFk">
    <DesignTime>
      <Attr Name="_DBObjectName" Value="ORDERS_DISCOUNTS_FK"/>
      <Attr Name="_isForeign" Value="true"/>
      <Attr Name="_referencedKey" Value="DISCOUNTS_PK"/>
    </DesignTime>
    <AttrArray Name="Attributes">
      <Item Value="devguide.advanced.xml.entities.Orders.DiscountId"/>
    </AttrArray>
  </Key>
  <Key
    Name="OrdersDiscountsFk1">
    <DesignTime>
      <Attr Name="_DBObjectName" Value="ORDERS_DISCOUNTS_FK1"/>
      <Attr Name="_isForeign" Value="true"/>
      <Attr Name="_referencedKey" Value="DISCOUNTS_PK"/>
    </DesignTime>
    <AttrArray Name="Attributes">
      <Item Value="devguide.advanced.xml.entities.Orders.CouponId"/>
    </AttrArray>
  </Key>
  <Key
    Name="OrdersPaymentOptionsFk">
    <DesignTime>
      <Attr Name="_DBObjectName" Value="ORDERS_PAYMENT_OPTIONS_FK"/>
      <Attr Name="_isForeign" Value="true"/>
      <Attr Name="_referencedKey" Value="PAYMENT_OPTIONS_PK"/>
    </DesignTime>
    <AttrArray Name="Attributes">
      <Item Value="devguide.advanced.xml.entities.Orders.PaymentOptionId"/>
    </AttrArray>
  </Key>
  <Key
    Name="OrdersPersonsFk">
    <DesignTime>
      <Attr Name="_DBObjectName" Value="ORDERS_PERSONS_FK"/>
      <Attr Name="_isForeign" Value="true"/>
      <Attr Name="_referencedKey" Value="PERSONS_PK"/>
    </DesignTime>
    <AttrArray Name="Attributes">
      <Item Value="devguide.advanced.xml.entities.Orders.CustomerId"/>
    </AttrArray>
  </Key>
  <Key
    Name="OrdersShippingOptionsFk">
    <DesignTime>
      <Attr Name="_DBObjectName" Value="ORDERS_SHIPPING_OPTIONS_FK"/>
      <Attr Name="_isForeign" Value="true"/>
      <Attr Name="_referencedKey" Value="SHIPPING_OPTIONS_PK"/>
    </DesignTime>
    <AttrArray Name="Attributes">
      <Item Value="devguide.advanced.xml.entities.Orders.ShippingOptionId"/>
    </AttrArray>
  </Key>
  <Key
    Name="OrdersWarehousesFk">
    <DesignTime>
      <Attr Name="_DBObjectName" Value="ORDERS_WAREHOUSES_FK"/>
      <Attr Name="_isForeign" Value="true"/>
      <Attr Name="_referencedKey" Value="WAREHOUSES_PK"/>
    </DesignTime>
    <AttrArray Name="Attributes">
      <Item
        Value="devguide.advanced.xml.entities.Orders.CollectionWarehouseId"/>
    </AttrArray>
  </Key>
</Entity>
