<?xml version="1.0" encoding="windows-1252" ?>
<!DOCTYPE Entity SYSTEM "jbo_03_01.dtd">
<!---->
<Entity
  xmlns="http://xmlns.oracle.com/bc4j"
  Name="OrderItems"
  DBObjectType="table"
  DBObjectName="ORDER_ITEMS"
  AliasName="OrderItems"
  BindingStyle="OracleName"
  UseGlueCode="false">
  <DesignTime>
    <AttrArray Name="_publishEvents"/>
    <Attr Name="_version" Value="11.1.1.46.77"/>
    <Attr Name="_codeGenFlag2" Value="Access"/>
  </DesignTime>
  <Attribute
    Name="OrderId"
    IsNotNull="true"
    Precision="15"
    Scale="0"
    ColumnName="ORDER_ID"
    Type="oracle.jbo.domain.Number"
    ColumnType="NUMBER"
    SQLType="NUMERIC"
    TableName="ORDER_ITEMS"
    PrimaryKey="true">
    <DesignTime>
      <Attr Name="_DisplaySize" Value="22"/>
    </DesignTime>
  </Attribute>
  <Attribute
    Name="LineItemId"
    IsNotNull="true"
    Precision="3"
    Scale="0"
    ColumnName="LINE_ITEM_ID"
    Type="oracle.jbo.domain.Number"
    ColumnType="NUMBER"
    SQLType="NUMERIC"
    TableName="ORDER_ITEMS"
    PrimaryKey="true">
    <DesignTime>
      <Attr Name="_DisplaySize" Value="22"/>
    </DesignTime>
  </Attribute>
  <Attribute
    Name="ProductId"
    IsNotNull="true"
    Precision="15"
    Scale="0"
    ColumnName="PRODUCT_ID"
    Type="oracle.jbo.domain.Number"
    ColumnType="NUMBER"
    SQLType="NUMERIC"
    TableName="ORDER_ITEMS">
    <DesignTime>
      <Attr Name="_DisplaySize" Value="22"/>
    </DesignTime>
  </Attribute>
  <Attribute
    Name="Quantity"
    IsNotNull="true"
    Precision="6"
    Scale="0"
    ColumnName="QUANTITY"
    Type="oracle.jbo.domain.Number"
    ColumnType="NUMBER"
    SQLType="NUMERIC"
    TableName="ORDER_ITEMS">
    <DesignTime>
      <Attr Name="_DisplaySize" Value="22"/>
    </DesignTime>
  </Attribute>
  <Attribute
    Name="UnitPrice"
    IsNotNull="true"
    Precision="8"
    Scale="2"
    ColumnName="UNIT_PRICE"
    Type="oracle.jbo.domain.Number"
    ColumnType="NUMBER"
    SQLType="NUMERIC"
    TableName="ORDER_ITEMS">
    <DesignTime>
      <Attr Name="_DisplaySize" Value="22"/>
    </DesignTime>
  </Attribute>
  <Attribute
    Name="CreatedBy"
    IsNotNull="true"
    Precision="60"
    ColumnName="CREATED_BY"
    Type="java.lang.String"
    ColumnType="VARCHAR2"
    SQLType="VARCHAR"
    TableName="ORDER_ITEMS">
    <DesignTime>
      <Attr Name="_DisplaySize" Value="60"/>
    </DesignTime>
  </Attribute>
  <Attribute
    Name="CreationDate"
    IsNotNull="true"
    ColumnName="CREATION_DATE"
    Type="oracle.jbo.domain.Date"
    ColumnType="DATE"
    SQLType="TIMESTAMP"
    TableName="ORDER_ITEMS">
    <DesignTime>
      <Attr Name="_DisplaySize" Value="7"/>
    </DesignTime>
  </Attribute>
  <Attribute
    Name="LastUpdatedBy"
    IsNotNull="true"
    Precision="60"
    ColumnName="LAST_UPDATED_BY"
    Type="java.lang.String"
    ColumnType="VARCHAR2"
    SQLType="VARCHAR"
    TableName="ORDER_ITEMS">
    <DesignTime>
      <Attr Name="_DisplaySize" Value="60"/>
    </DesignTime>
  </Attribute>
  <Attribute
    Name="LastUpdateDate"
    IsNotNull="true"
    ColumnName="LAST_UPDATE_DATE"
    Type="oracle.jbo.domain.Date"
    ColumnType="DATE"
    SQLType="TIMESTAMP"
    TableName="ORDER_ITEMS">
    <DesignTime>
      <Attr Name="_DisplaySize" Value="7"/>
    </DesignTime>
  </Attribute>
  <Attribute
    Name="ObjectVersionId"
    IsNotNull="true"
    Precision="15"
    Scale="0"
    ColumnName="OBJECT_VERSION_ID"
    Type="oracle.jbo.domain.Number"
    ColumnType="NUMBER"
    SQLType="NUMERIC"
    TableName="ORDER_ITEMS">
    <DesignTime>
      <Attr Name="_DisplaySize" Value="22"/>
    </DesignTime>
  </Attribute>
  <AccessorAttribute
    Name="Orders"
    Association="devguide.advanced.xml.entities.OrderItemsOrdersFkAssoc"
    AssociationEnd="devguide.advanced.xml.entities.OrderItemsOrdersFkAssoc.Orders"
    AssociationOtherEnd="devguide.advanced.xml.entities.OrderItemsOrdersFkAssoc.OrderItems"
    Type="oracle.jbo.server.EntityImpl"
    IsUpdateable="true"/>
  <Key
    Name="OrderItemsPk"
    PrimaryKey="true">
    <DesignTime>
      <Attr Name="_DBObjectName" Value="ORDER_ITEMS_PK"/>
    </DesignTime>
    <AttrArray Name="Attributes">
      <Item Value="devguide.advanced.xml.entities.OrderItems.OrderId"/>
      <Item Value="devguide.advanced.xml.entities.OrderItems.LineItemId"/>
    </AttrArray>
  </Key>
  <Key
    Name="SysC0071868">
    <DesignTime>
      <Attr Name="_DBObjectName" Value="SYS_C0071868"/>
      <Attr Name="_isCheck" Value="true"/>
      <Attr Name="_checkCondition" Value='"ORDER_ID" IS NOT NULL'/>
    </DesignTime>
    <AttrArray Name="Attributes">
      <Item Value="devguide.advanced.xml.entities.OrderItems.OrderId"/>
    </AttrArray>
  </Key>
  <Key
    Name="SysC0071869">
    <DesignTime>
      <Attr Name="_DBObjectName" Value="SYS_C0071869"/>
      <Attr Name="_isCheck" Value="true"/>
      <Attr Name="_checkCondition" Value='"LINE_ITEM_ID" IS NOT NULL'/>
    </DesignTime>
    <AttrArray Name="Attributes">
      <Item Value="devguide.advanced.xml.entities.OrderItems.LineItemId"/>
    </AttrArray>
  </Key>
  <Key
    Name="SysC0071870">
    <DesignTime>
      <Attr Name="_DBObjectName" Value="SYS_C0071870"/>
      <Attr Name="_isCheck" Value="true"/>
      <Attr Name="_checkCondition" Value='"PRODUCT_ID" IS NOT NULL'/>
    </DesignTime>
    <AttrArray Name="Attributes">
      <Item Value="devguide.advanced.xml.entities.OrderItems.ProductId"/>
    </AttrArray>
  </Key>
  <Key
    Name="SysC0071871">
    <DesignTime>
      <Attr Name="_DBObjectName" Value="SYS_C0071871"/>
      <Attr Name="_isCheck" Value="true"/>
      <Attr Name="_checkCondition" Value='"QUANTITY" IS NOT NULL'/>
    </DesignTime>
    <AttrArray Name="Attributes">
      <Item Value="devguide.advanced.xml.entities.OrderItems.Quantity"/>
    </AttrArray>
  </Key>
  <Key
    Name="SysC0071872">
    <DesignTime>
      <Attr Name="_DBObjectName" Value="SYS_C0071872"/>
      <Attr Name="_isCheck" Value="true"/>
      <Attr Name="_checkCondition" Value='"UNIT_PRICE" IS NOT NULL'/>
    </DesignTime>
    <AttrArray Name="Attributes">
      <Item Value="devguide.advanced.xml.entities.OrderItems.UnitPrice"/>
    </AttrArray>
  </Key>
  <Key
    Name="SysC0071873">
    <DesignTime>
      <Attr Name="_DBObjectName" Value="SYS_C0071873"/>
      <Attr Name="_isCheck" Value="true"/>
      <Attr Name="_checkCondition" Value='"CREATED_BY" IS NOT NULL'/>
    </DesignTime>
    <AttrArray Name="Attributes">
      <Item Value="devguide.advanced.xml.entities.OrderItems.CreatedBy"/>
    </AttrArray>
  </Key>
  <Key
    Name="SysC0071874">
    <DesignTime>
      <Attr Name="_DBObjectName" Value="SYS_C0071874"/>
      <Attr Name="_isCheck" Value="true"/>
      <Attr Name="_checkCondition" Value='"CREATION_DATE" IS NOT NULL'/>
    </DesignTime>
    <AttrArray Name="Attributes">
      <Item Value="devguide.advanced.xml.entities.OrderItems.CreationDate"/>
    </AttrArray>
  </Key>
  <Key
    Name="SysC0071875">
    <DesignTime>
      <Attr Name="_DBObjectName" Value="SYS_C0071875"/>
      <Attr Name="_isCheck" Value="true"/>
      <Attr Name="_checkCondition" Value='"LAST_UPDATED_BY" IS NOT NULL'/>
    </DesignTime>
    <AttrArray Name="Attributes">
      <Item Value="devguide.advanced.xml.entities.OrderItems.LastUpdatedBy"/>
    </AttrArray>
  </Key>
  <Key
    Name="SysC0071876">
    <DesignTime>
      <Attr Name="_DBObjectName" Value="SYS_C0071876"/>
      <Attr Name="_isCheck" Value="true"/>
      <Attr Name="_checkCondition" Value='"LAST_UPDATE_DATE" IS NOT NULL'/>
    </DesignTime>
    <AttrArray Name="Attributes">
      <Item Value="devguide.advanced.xml.entities.OrderItems.LastUpdateDate"/>
    </AttrArray>
  </Key>
  <Key
    Name="SysC0071877">
    <DesignTime>
      <Attr Name="_DBObjectName" Value="SYS_C0071877"/>
      <Attr Name="_isCheck" Value="true"/>
      <Attr Name="_checkCondition" Value='"OBJECT_VERSION_ID" IS NOT NULL'/>
    </DesignTime>
    <AttrArray Name="Attributes">
      <Item Value="devguide.advanced.xml.entities.OrderItems.ObjectVersionId"/>
    </AttrArray>
  </Key>
  <Key
    Name="OrderItemsOrdersFk">
    <DesignTime>
      <Attr Name="_DBObjectName" Value="ORDER_ITEMS_ORDERS_FK"/>
      <Attr Name="_isForeign" Value="true"/>
      <Attr Name="_referencedKey" Value="ORDERS_PK"/>
    </DesignTime>
    <AttrArray Name="Attributes">
      <Item Value="devguide.advanced.xml.entities.OrderItems.OrderId"/>
    </AttrArray>
  </Key>
  <Key
    Name="OrderItemsProductsFk">
    <DesignTime>
      <Attr Name="_DBObjectName" Value="ORDER_ITEMS_PRODUCTS_FK"/>
      <Attr Name="_isForeign" Value="true"/>
      <Attr Name="_referencedKey" Value="PRODUCTS_PK"/>
    </DesignTime>
    <AttrArray Name="Attributes">
      <Item Value="devguide.advanced.xml.entities.OrderItems.ProductId"/>
    </AttrArray>
  </Key>
</Entity>
