<?xml version="1.0" encoding="windows-1252" ?>
<!DOCTYPE Association SYSTEM "jbo_03_01.dtd">
<!---->
<Association
  xmlns="http://xmlns.oracle.com/bc4j"
  Name="OrderItemsOrdersFkAssoc">
  <DesignTime>
    <Attr Name="_isCodegen" Value="true"/>
    <Attr Name="_version" Value="11.1.1.46.77"/>
  </DesignTime>
  <AssociationEnd
    Name="Orders"
    Cardinality="1"
    Source="true"
    Owner="devguide.advanced.xml.entities.Orders">
    <AttrArray Name="Attributes">
      <Item Value="devguide.advanced.xml.entities.Orders.OrderId"/>
    </AttrArray>
    <DesignTime>
      <Attr Name="_foreignKey"
        Value="devguide.advanced.xml.entities.Orders.OrdersPk"/>
      <Attr Name="_minCardinality" Value="1"/>
      <Attr Name="_isUpdateable" Value="true"/>
      <Attr Name="_finderName" Value="Orders"/>
      <Attr Name="_aggregation" Value="0"/>
    </DesignTime>
  </AssociationEnd>
  <AssociationEnd
    Name="OrderItems"
    Cardinality="-1"
    Owner="devguide.advanced.xml.entities.OrderItems">
    <AttrArray Name="Attributes">
      <Item Value="devguide.advanced.xml.entities.OrderItems.OrderId"/>
    </AttrArray>
    <DesignTime>
      <Attr Name="_foreignKey"
        Value="devguide.advanced.xml.entities.OrderItems.OrderItemsOrdersFk"/>
      <Attr Name="_isUpdateable" Value="true"/>
      <Attr Name="_finderName" Value="OrderItems"/>
      <Attr Name="_aggregation" Value="0"/>
    </DesignTime>
  </AssociationEnd>
</Association>
