<?xml version="1.0" encoding="windows-1252" ?>
<!DOCTYPE Domain SYSTEM "jbo_03_01.dtd">
<!---->
<Domain xmlns="http://xmlns.oracle.com/bc4j" Name="UppercaseOracleStyleDate">
   <Properties>
      <SchemaBasedProperties>
         <FMT_FORMATTER ResId=""/>
         <FMT_FORMAT ResId=""/>
         <FMT_FORMATTER ResId=""/>
      </SchemaBasedProperties>
   </Properties>
   <DesignTime>
      <Attr Name="_isSelected" Value="true"/>
      <Attr Name="_isQueriable" Value="true"/>
      <Attr Name="_isPersistent" Value="true"/>
      <Attr Name="_isUpdateable" Value="true"/>
      <Attr Name="_version" Value="11.1.1.44.87"/>
   </DesignTime>
</Domain>