<?xml version="1.0" encoding="windows-1252" ?>
<!DOCTYPE ViewObject SYSTEM "jbo_03_01.dtd">
<!---->
<ViewObject
  xmlns="http://xmlns.oracle.com/bc4j"
  Name="AddressesVO"
  SelectList="AddressEO.ADDRESS_ID, 
       AddressEO.ADDRESS1, 
       AddressEO.ADDRESS2, 
       AddressEO.CITY, 
       AddressEO.POSTAL_CODE, 
       AddressEO.STATE_PROVINCE, 
       AddressEO.COUNTRY_ID, 
       AddressEO.LONGITUDE, 
       AddressEO.LATITUDE, 
       AddressEO.CREATED_BY, 
       AddressEO.CREATION_DATE, 
       AddressEO.LAST_UPDATED_BY, 
       AddressEO.OBJECT_VERSION_ID, 
       AddressEO.LAST_UPDATE_DATE"
  FromList="ADDRESSES AddressEO"
  BindingStyle="OracleName"
  CustomQuery="false"
  PageIterMode="Full"
  UseGlueCode="false"
  Version="11.1.1.51.47"
  FetchMode="FETCH_AS_NEEDED"
  FetchSize="2">
  <DesignTime>
    <Attr Name="_codeGenFlag2" Value="Access|VarAccess"/>
  </DesignTime>
  <ListBinding
    Name="LOV_CountryId"
    ListVOName="AddressEO.SharedCountriesVA"
    ListRangeSize="10"
    NullValueFlag="start"
    NullValueId="LOVUIHints_NullValueId"
    MRUCount="0">
    <AttrArray Name="AttrNames">
      <Item Value="CountryId"/>
    </AttrArray>
    <AttrArray Name="ListAttrNames">
      <Item Value="Value"/>
    </AttrArray>
    <AttrArray Name="ListDisplayAttrNames">
      <Item Value="Name"/>
    </AttrArray>
    <DisplayCriteria
      Hint="showAndExecute"/>
  </ListBinding>
  <EntityUsage
    Name="AddressEO"
    Entity="oracle.fodemo.storefront.entities.AddressEO"
    JoinType="INNER JOIN"/>
  <ViewAttribute
    Name="AddressId"
    IsUpdateable="while_insert"
    PrecisionRule="true"
    EntityAttrName="AddressId"
    EntityUsage="AddressEO"
    AliasName="ADDRESS_ID">
    <TransientExpression>
      <![CDATA[0]]>
    </TransientExpression>
  </ViewAttribute>
  <ViewAttribute
    Name="Address1"
    IsNotNull="true"
    PrecisionRule="true"
    EntityAttrName="Address1"
    EntityUsage="AddressEO"
    AliasName="ADDRESS1"/>
  <ViewAttribute
    Name="Address2"
    PrecisionRule="true"
    EntityAttrName="Address2"
    EntityUsage="AddressEO"
    AliasName="ADDRESS2"/>
  <ViewAttribute
    Name="City"
    IsNotNull="true"
    PrecisionRule="true"
    EntityAttrName="City"
    EntityUsage="AddressEO"
    AliasName="CITY"/>
  <ViewAttribute
    Name="PostalCode"
    PrecisionRule="true"
    EntityAttrName="PostalCode"
    EntityUsage="AddressEO"
    AliasName="POSTAL_CODE"/>
  <ViewAttribute
    Name="StateProvince"
    IsNotNull="true"
    PrecisionRule="true"
    EntityAttrName="StateProvince"
    EntityUsage="AddressEO"
    AliasName="STATE_PROVINCE"/>
  <ViewAttribute
    Name="CountryId"
    IsNotNull="true"
    PrecisionRule="true"
    EntityAttrName="CountryId"
    EntityUsage="AddressEO"
    AliasName="COUNTRY_ID"
    LOVName="LOV_CountryId">
    <Properties>
      <SchemaBasedProperties>
        <CONTROLTYPE
          Value="combo_lov"/>
      </SchemaBasedProperties>
    </Properties>
  </ViewAttribute>
  <ViewAttribute
    Name="Longitude"
    PrecisionRule="true"
    EntityAttrName="Longitude"
    EntityUsage="AddressEO"
    AliasName="LONGITUDE"/>
  <ViewAttribute
    Name="Latitude"
    PrecisionRule="true"
    EntityAttrName="Latitude"
    EntityUsage="AddressEO"
    AliasName="LATITUDE"/>
  <ViewAttribute
    Name="CreatedBy"
    IsUpdateable="while_insert"
    IsNotNull="true"
    PrecisionRule="true"
    EntityAttrName="CreatedBy"
    EntityUsage="AddressEO"
    AliasName="CREATED_BY"/>
  <ViewAttribute
    Name="CreationDate"
    IsUpdateable="false"
    IsNotNull="true"
    PrecisionRule="true"
    EntityAttrName="CreationDate"
    EntityUsage="AddressEO"
    AliasName="CREATION_DATE"/>
  <ViewAttribute
    Name="LastUpdatedBy"
    IsNotNull="true"
    PrecisionRule="true"
    EntityAttrName="LastUpdatedBy"
    EntityUsage="AddressEO"
    AliasName="LAST_UPDATED_BY"/>
  <ViewAttribute
    Name="ObjectVersionId"
    IsUpdateable="false"
    IsNotNull="true"
    PrecisionRule="true"
    EntityAttrName="ObjectVersionId"
    EntityUsage="AddressEO"
    AliasName="OBJECT_VERSION_ID"/>
  <ViewAttribute
    Name="LastUpdateDate"
    IsUpdateable="false"
    IsNotNull="true"
    PrecisionRule="true"
    EntityAttrName="LastUpdateDate"
    EntityUsage="AddressEO"
    AliasName="LAST_UPDATE_DATE"/>
  <ResourceBundle>
    <PropertiesBundle
      PropertiesFile="oracle.fodemo.storefront.store.queries.common.AddressesVOMsgBundle"/>
  </ResourceBundle>
</ViewObject>