<?xml version="1.0" encoding="windows-1252" ?>
<!DOCTYPE ViewObject SYSTEM "jbo_03_01.dtd">
<!---->
<ViewObject
  xmlns="http://xmlns.oracle.com/bc4j"
  Name="AddressesAndUsagesVO"
  SelectList="AddressUsageEO.OWNER_TYPE_CODE, 
       AddressUsageEO.ADDRESS_ID, 
       AddressUsageEO.USAGE_TYPE_CODE, 
       AddressUsageEO.ASSOCIATED_OWNER_ID, 
       AddressUsageEO.EXPIRED_FLAG, 
       AddressUsageEO.ADDRESS_USAGES_ID, 
       AddressEO.ADDRESS_ID AS ADDRESS_ID1, 
       AddressEO.ADDRESS1, 
       AddressEO.ADDRESS2, 
       AddressEO.CITY, 
       AddressEO.POSTAL_CODE, 
       AddressEO.STATE_PROVINCE, 
       AddressEO.COUNTRY_ID, 
       AddressEO.LONGITUDE, 
       AddressEO.LATITUDE, 
       CountryCodeEO.COUNTRY_NAME, 
       AddressUsageEO.OBJECT_VERSION_ID, 
       CountryCodeEO.ISO_COUNTRY_CODE, 
       AddressEO.OBJECT_VERSION_ID AS OBJECT_VERSION_ID1, 
       CountryCodeEO.LANGUAGE, 
       CountryCodeEO.OBJECT_VERSION_ID AS OBJECT_VERSION_ID2, 
       LookupCodeEO.LANGUAGE AS LANGUAGE1, 
       LookupCodeEO.LOOKUP_TYPE, 
       LookupCodeEO.LOOKUP_CODE, 
       LookupCodeEO.MEANING, 
       LookupCodeEO.OBJECT_VERSION_ID AS OBJECT_VERSION_ID3"
  FromList="ADDRESS_USAGES AddressUsageEO, ADDRESSES AddressEO, COUNTRY_CODES CountryCodeEO, LOOKUP_CODES LookupCodeEO"
  Where="(AddressUsageEO.ADDRESS_ID = AddressEO.ADDRESS_ID) AND (AddressUsageEO.ASSOCIATED_OWNER_ID IS NOT NULL) AND (AddressEO.COUNTRY_ID = CountryCodeEO.ISO_COUNTRY_CODE) AND (CountryCodeEO.LANGUAGE = SYS_CONTEXT('userenv','LANG')) AND (LookupCodeEO.LOOKUP_TYPE='USAGE_TYPE_CODE') and (LookupCodeEO.LOOKUP_CODE = AddressUsageEO.USAGE_TYPE_CODE) AND (LookupCodeEO.LANGUAGE =  SYS_CONTEXT('userenv','LANG'))"
  BindingStyle="OracleName"
  CustomQuery="false"
  RowClass="oracle.fodemo.storefront.store.queries.AddressesAndUsagesVORowImpl"
  ComponentClass="oracle.fodemo.storefront.store.queries.AddressesAndUsagesVOImpl"
  ComponentInterface="oracle.fodemo.storefront.store.queries.common.AddressesAndUsagesVO"
  ClientProxyName="oracle.fodemo.storefront.store.queries.client.AddressesAndUsagesVOClient"
  PageIterMode="Partial"
  UseGlueCode="false"
  OrderBy="AddressEO.ADDRESS1,AddressEO.CITY"
  Version="11.1.1.51.56"
  FetchMode="FETCH_AS_NEEDED"
  FetchSize="26">
  <DesignTime>
    <Attr Name="_codeGenFlag2" Value="Access|Coll|VarAccess"/>
    <Attr Name="_isCodegen" Value="true"/>
  </DesignTime>
  <Variable
    Name="personid"
    Kind="viewcriteria"
    Type="java.lang.Integer"/>
  <ListBinding
    Name="LOV_CountryId"
    ListVOName="AddressEO.SharedCountriesVA"
    ListRangeSize="-1"
    NullValueFlag="none"
    NullValueId="LOVUIHints_NullValueId"
    MRUCount="0">
    <AttrArray Name="AttrNames">
      <Item Value="CountryId"/>
    </AttrArray>
    <AttrArray Name="ListAttrNames">
      <Item Value="Value"/>
    </AttrArray>
    <AttrArray Name="ListDisplayAttrNames">
      <Item Value="Name"/>
    </AttrArray>
    <DisplayCriteria/>
  </ListBinding>
  <ListBinding
    Name="LOV_OwnerTypeCode"
    ListVOName="AddressUsageEO.AddressOwnerTypesVA"
    ListRangeSize="-1"
    NullValueFlag="start"
    NullValueId="LOVUIHints_NullValueId"
    MRUCount="0">
    <AttrArray Name="AttrNames">
      <Item Value="OwnerTypeCode"/>
    </AttrArray>
    <AttrArray Name="ListAttrNames">
      <Item Value="Value"/>
    </AttrArray>
    <AttrArray Name="ListDisplayAttrNames">
      <Item Value="Name"/>
    </AttrArray>
    <DisplayCriteria/>
  </ListBinding>
  <ListBinding
    Name="LOV_UsageTypeCode"
    ListVOName="AddressUsageEO.AddressUsageTypesVA"
    ListRangeSize="-1"
    NullValueFlag="start"
    NullValueId="LOVUIHints_NullValueId"
    MRUCount="0">
    <AttrArray Name="AttrNames">
      <Item Value="UsageTypeCode"/>
    </AttrArray>
    <AttrArray Name="ListAttrNames">
      <Item Value="Value"/>
    </AttrArray>
    <AttrArray Name="ListDisplayAttrNames">
      <Item Value="Name"/>
    </AttrArray>
    <DisplayCriteria/>
  </ListBinding>
  <EntityUsage
    Name="AddressUsageEO"
    Entity="oracle.fodemo.storefront.entities.AddressUsageEO"/>
  <EntityUsage
    Name="AddressEO"
    Entity="oracle.fodemo.storefront.entities.AddressEO"
    Association="oracle.fodemo.storefront.entities.associations.AddressUsagesAddressesFkAssoc"
    AssociationEnd="oracle.fodemo.storefront.entities.associations.AddressUsagesAddressesFkAssoc.Address"
    SourceUsage="oracle.fodemo.storefront.store.queries.AddressesAndUsagesVO.AddressUsageEO"
    JoinType="LEFT OUTER JOIN"/>
  <EntityUsage
    Name="CountryCodeEO"
    Entity="oracle.fodemo.storefront.entities.CountryCodeEO"
    Association="oracle.fodemo.storefront.entities.associations.CountryCodesToAddress"
    AssociationEnd="oracle.fodemo.storefront.entities.associations.CountryCodesToAddress.CountryCodeEO"
    SourceUsage="oracle.fodemo.storefront.store.queries.AddressesAndUsagesVO.AddressEO"
    ReadOnly="true"
    Reference="true"
    DeleteParticipant="false"
    JoinType="INNER JOIN"/>
  <EntityUsage
    Name="LookupCodeEO"
    Entity="oracle.fodemo.storefront.entities.LookupCodeEO"
    Association="oracle.fodemo.storefront.entities.associations.LookupCodesToAddressUsages"
    AssociationEnd="oracle.fodemo.storefront.entities.associations.LookupCodesToAddressUsages.LookupCodeEO"
    SourceUsage="oracle.fodemo.storefront.store.queries.AddressesAndUsagesVO.AddressUsageEO"
    ReadOnly="true"
    Reference="true"
    DeleteParticipant="false"
    JoinType="INNER JOIN"/>
  <ViewAttribute
    Name="OwnerTypeCode"
    LOVName="LOV_OwnerTypeCode"
    IsNotNull="true"
    PrecisionRule="true"
    DefaultValue="CUST"
    EntityAttrName="OwnerTypeCode"
    EntityUsage="AddressUsageEO"
    AliasName="OWNER_TYPE_CODE">
    <Properties>
      <SchemaBasedProperties>
        <LABEL
          ResId="OwnerTypeCode_LABEL"/>
      </SchemaBasedProperties>
    </Properties>
  </ViewAttribute>
  <ViewAttribute
    Name="AddressId"
    IsNotNull="true"
    PrecisionRule="true"
    EntityAttrName="AddressId"
    EntityUsage="AddressUsageEO"
    AliasName="ADDRESS_ID"/>
  <ViewAttribute
    Name="UsageTypeCode"
    LOVName="LOV_UsageTypeCode"
    IsNotNull="true"
    PrecisionRule="true"
    DefaultValue="SH"
    EntityAttrName="UsageTypeCode"
    EntityUsage="AddressUsageEO"
    AliasName="USAGE_TYPE_CODE">
    <Properties>
      <SchemaBasedProperties>
        <CONTROLTYPE
          Value="default"/>
      </SchemaBasedProperties>
    </Properties>
  </ViewAttribute>
  <ViewAttribute
    Name="AssociatedOwnerId"
    IsNotNull="true"
    PrecisionRule="true"
    EntityAttrName="AssociatedOwnerId"
    EntityUsage="AddressUsageEO"
    AliasName="ASSOCIATED_OWNER_ID"/>
  <ViewAttribute
    Name="ExpiredFlag"
    IsNotNull="true"
    PrecisionRule="true"
    EntityAttrName="ExpiredFlag"
    EntityUsage="AddressUsageEO"
    AliasName="EXPIRED_FLAG"/>
  <ViewAttribute
    Name="AddressUsagesId"
    IsUpdateable="while_insert"
    IsNotNull="true"
    PrecisionRule="true"
    DefaultValue="@@@@@@@@@@@@@@@@@@@@@@@@@@@@@@@@@@@@@@@@@@@@@@@@@@@0"
    EntityAttrName="AddressUsagesId"
    EntityUsage="AddressUsageEO"
    AliasName="ADDRESS_USAGES_ID"/>
  <ViewAttribute
    Name="AddressId1"
    IsUpdateable="while_insert"
    PrecisionRule="true"
    DefaultValue="@@@@@@@@@@@@@@@@@@@@@@@@@@@@@@@@@@@@@@@@@@@@@@@@@@@0"
    EntityAttrName="AddressId"
    EntityUsage="AddressEO"
    AliasName="ADDRESS_ID1"/>
  <ViewAttribute
    Name="Address1"
    IsNotNull="true"
    PrecisionRule="true"
    EntityAttrName="Address1"
    EntityUsage="AddressEO"
    AliasName="ADDRESS1"/>
  <ViewAttribute
    Name="Address2"
    PrecisionRule="true"
    EntityAttrName="Address2"
    EntityUsage="AddressEO"
    AliasName="ADDRESS2"/>
  <ViewAttribute
    Name="City"
    IsNotNull="true"
    PrecisionRule="true"
    EntityAttrName="City"
    EntityUsage="AddressEO"
    AliasName="CITY"/>
  <ViewAttribute
    Name="PostalCode"
    PrecisionRule="true"
    EntityAttrName="PostalCode"
    EntityUsage="AddressEO"
    AliasName="POSTAL_CODE"/>
  <ViewAttribute
    Name="StateProvince"
    IsNotNull="true"
    PrecisionRule="true"
    EntityAttrName="StateProvince"
    EntityUsage="AddressEO"
    AliasName="STATE_PROVINCE"/>
  <ViewAttribute
    Name="CountryId"
    LOVName="LOV_CountryId"
    IsNotNull="true"
    PrecisionRule="true"
    EntityAttrName="CountryId"
    EntityUsage="AddressEO"
    AliasName="COUNTRY_ID">
    <Properties>
      <SchemaBasedProperties>
        <CONTROLTYPE
          Value="list"/>
      </SchemaBasedProperties>
    </Properties>
  </ViewAttribute>
  <ViewAttribute
    Name="Longitude"
    PrecisionRule="true"
    EntityAttrName="Longitude"
    EntityUsage="AddressEO"
    AliasName="LONGITUDE"/>
  <ViewAttribute
    Name="Latitude"
    PrecisionRule="true"
    EntityAttrName="Latitude"
    EntityUsage="AddressEO"
    AliasName="LATITUDE"/>
  <ViewAttribute
    Name="AddressLabel"
    IsUpdateable="false"
    IsPersistent="false"
    PrecisionRule="true"
    Type="java.lang.String"
    ColumnType="VARCHAR2"
    AliasName="VIEW_ATTR"
    SQLType="VARCHAR"
    IsSelected="false">
    <RecalcCondition>
      <![CDATA[true]]>
    </RecalcCondition>
    <TransientExpression>
      <![CDATA[Address1+", "+City+", "+StateProvince+", "+PostalCode+" -  "+CountryName]]>
    </TransientExpression>
    <Properties>
      <SchemaBasedProperties>
        <LABEL
          ResId="AddressLabel_LABEL"/>
      </SchemaBasedProperties>
    </Properties>
  </ViewAttribute>
  <ViewAttribute
    Name="CountryName"
    PrecisionRule="true"
    EntityAttrName="CountryName"
    EntityUsage="CountryCodeEO"
    AliasName="COUNTRY_NAME"/>
  <ViewAttribute
    Name="ObjectVersionId"
    IsUpdateable="false"
    IsNotNull="true"
    PrecisionRule="true"
    EntityAttrName="ObjectVersionId"
    EntityUsage="AddressUsageEO"
    AliasName="OBJECT_VERSION_ID"/>
  <ViewAttribute    
    Name="IsoCountryCode"
    IsNotNull="true"
    PrecisionRule="true"
    EntityAttrName="IsoCountryCode"
    EntityUsage="CountryCodeEO"
    AliasName="ISO_COUNTRY_CODE"
    IsUpdateable="false"/>
  <ViewAttribute
    Name="ObjectVersionId1"
    IsUpdateable="false"
    IsNotNull="true"
    PrecisionRule="true"
    EntityAttrName="ObjectVersionId"
    EntityUsage="AddressEO"
    AliasName="OBJECT_VERSION_ID1"/>
  <ViewAttribute
    Name="Language"
    IsNotNull="true"
    PrecisionRule="true"
    EntityAttrName="Language"
    EntityUsage="CountryCodeEO"
    AliasName="LANGUAGE"/>
  <ViewAttribute
    Name="ObjectVersionId2"
    IsUpdateable="false"
    IsNotNull="true"
    PrecisionRule="true"
    EntityAttrName="ObjectVersionId"
    EntityUsage="CountryCodeEO"
    AliasName="OBJECT_VERSION_ID2"/>
  <ViewAttribute
    Name="Language1"
    IsNotNull="true"
    PrecisionRule="true"
    EntityAttrName="Language"
    EntityUsage="LookupCodeEO"
    AliasName="LANGUAGE1">
    <Properties>
      <SchemaBasedProperties>
        <LABEL
          ResId="Language1_LABEL"/>
      </SchemaBasedProperties>
    </Properties>
  </ViewAttribute>
  <ViewAttribute
    Name="LookupType"
    IsNotNull="true"
    PrecisionRule="true"
    EntityAttrName="LookupType"
    EntityUsage="LookupCodeEO"
    AliasName="LOOKUP_TYPE"/>
  <ViewAttribute
    Name="LookupCode"
    IsNotNull="true"
    PrecisionRule="true"
    EntityAttrName="LookupCode"
    EntityUsage="LookupCodeEO"
    AliasName="LOOKUP_CODE"/>
  <ViewAttribute
    Name="Meaning"
    IsNotNull="true"
    PrecisionRule="true"
    EntityAttrName="Meaning"
    EntityUsage="LookupCodeEO"
    AliasName="MEANING"/>
  <ViewAttribute
    Name="ObjectVersionId3"
    IsUpdateable="false"
    IsNotNull="true"
    PrecisionRule="true"
    EntityAttrName="ObjectVersionId"
    EntityUsage="LookupCodeEO"
    AliasName="OBJECT_VERSION_ID3"/>
  <ViewCriteria
    Name="AddressesForUserCriteria"
    ViewObjectName="oracle.fodemo.storefront.store.queries.AddressesAndUsagesVO"
    Conjunction="AND">
    <Properties>
      <CustomProperties>
        <Property
          Name="autoExecute"
          Value="false"/>
        <Property
          Name="showInList"
          Value="true"/>
        <Property
          Name="mode"
          Value="Basic"/>
        <Property
          Name="displayOperators"
          Value="InAdvancedMode"/>
        <Property
          Name="allowConjunctionOverride"
          Value="true"/>
      </CustomProperties>
    </Properties>
    <ViewCriteriaRow
      Name="vcrow34">
      <ViewCriteriaItem
        Name="AssociatedOwnerId"
        ViewAttribute="AssociatedOwnerId"
        Operator="="
        Conjunction="AND"
        Value=":personid"
        IsBindVarValue="true"
        Required="Optional"/>
    </ViewCriteriaRow>
  </ViewCriteria>
  <ClientInterface>
    <Method
      Name="refreshRemoveNewRowByKey">
      <Return
        Type="void"/>
      <Parameter
        Name="pRowKey"
        Type="oracle.jbo.Key"/>
    </Method>
    <Method
      Name="refreshRemoveNewCurrentRow">
      <Return
        Type="void"/>
    </Method>
  </ClientInterface>
  <AttrArray Name="KeyAttributes">
    <Item Value="AddressUsagesId"/>
    <Item Value="AddressId1"/>
  </AttrArray>
  <ResourceBundle>
    <PropertiesBundle
      PropertiesFile="oracle.fodemo.storefront.store.queries.common.AddressesAndUsagesVOMsgBundle"/>
  </ResourceBundle>
</ViewObject>