<?xml version="1.0" encoding="windows-1252" ?>
<!DOCTYPE ViewObject SYSTEM "jbo_03_01.dtd">
<!---->
<ViewObject
  xmlns="http://xmlns.oracle.com/bc4j"
  Name="MembershipDiscountsVO"
  SelectList="MembershipBaseEO.MEMBERSHIP_ID, 
       MembershipBaseEO.MEMBERSHIP_TYPE_CODE, 
       MembershipBaseEO.CONTACT_ID, 
       MembershipBaseEO.OBJECT_VERSION_ID, 
       MembershipTranslationEO.MEMBERSHIP_TRANSLATIONS_ID, 
       MembershipTranslationEO.MEMBERSHIP_ID AS MEMBERSHIP_ID1, 
       MembershipTranslationEO.MEMBERSHIP_NAME, 
       MembershipTranslationEO.DESCRIPTION, 
       MembershipTranslationEO.OBJECT_VERSION_ID AS OBJECT_VERSION_ID1, 
       DiscountBaseEO.DISCOUNT_ID, 
       DiscountBaseEO.DISCOUNT_TYPE_CODE, 
       DiscountBaseEO.DISCOUNT_AMOUNT, 
       DiscountBaseEO.APPLY_AS_PERCENTAGE_FLAG, 
       DiscountBaseEO.EASY_CODE, 
       DiscountBaseEO.ADD_FREE_SHIPPING_FLAG, 
       DiscountBaseEO.ONETIME_DISCOUNT_FLAG, 
       DiscountBaseEO.OBJECT_VERSION_ID AS OBJECT_VERSION_ID2, 
       DiscountTranslationEO.DISCOUNT_TRANSLATIONS_ID, 
       DiscountTranslationEO.DISCOUNT_ID AS DISCOUNT_ID1, 
       DiscountTranslationEO.DESCRIPTION AS DESCRIPTION1, 
       DiscountTranslationEO.OBJECT_VERSION_ID AS OBJECT_VERSION_ID3, 
       EligibleDiscountEO.VALID_TO_DATE, 
       EligibleDiscountEO.MEMBERSHIP_ID AS MEMBERSHIP_ID2, 
       EligibleDiscountEO.DISCOUNT_ID AS DISCOUNT_ID2, 
       EligibleDiscountEO.VALID_FROM_DATE, 
       EligibleDiscountEO.OBJECT_VERSION_ID AS OBJECT_VERSION_ID4, 
       PersonEO.PERSON_ID, 
       PersonEO.OBJECT_VERSION_ID AS OBJECT_VERSION_ID5, 
       PersonEO.MEMBERSHIP_ID AS MEMBERSHIP_ID3"
  FromList="MEMBERSHIPS_BASE MembershipBaseEO, MEMBERSHIP_TRANSLATIONS MembershipTranslationEO, DISCOUNTS_BASE DiscountBaseEO, DISCOUNT_TRANSLATIONS DiscountTranslationEO, ELIGIBLE_DISCOUNTS EligibleDiscountEO, PERSONS PersonEO"
  Where="MembershipBaseEO.MEMBERSHIP_ID = MembershipTranslationEO.MEMBERSHIP_ID AND  EligibleDiscountEO.MEMBERSHIP_ID = MembershipBaseEO.MEMBERSHIP_ID AND DiscountBaseEO.DISCOUNT_ID = DiscountTranslationEO.DISCOUNT_ID AND  DiscountBaseEO.DISCOUNT_ID = EligibleDiscountEO.DISCOUNT_ID AND DiscountBaseEO.DISCOUNT_TYPE_CODE &lt;> 'COUP' AND PersonEO.MEMBERSHIP_ID = MembershipBaseEO.MEMBERSHIP_ID(+)"
  BindingStyle="OracleName"
  CustomQuery="false"
  PageIterMode="Full"
  UseGlueCode="false"
  Version="11.1.1.51.47"
  FetchMode="FETCH_AS_NEEDED"
  FetchSize="26">
  <DesignTime>
    <Attr Name="_codeGenFlag2" Value="Access|VarAccess"/>
  </DesignTime>
  <Variable
    Name="personid"
    Kind="viewcriteria"
    Type="java.lang.Integer"/>
  <EntityUsage
    Name="MembershipBaseEO"
    Entity="oracle.fodemo.storefront.entities.MembershipBaseEO"/>
  <EntityUsage
    Name="MembershipTranslationEO"
    Entity="oracle.fodemo.storefront.entities.MembershipTranslationEO"
    Association="oracle.fodemo.storefront.entities.associations.MembershipTranslationsFkAssoc"
    AssociationEnd="oracle.fodemo.storefront.entities.associations.MembershipTranslationsFkAssoc.MembershipTranslation"
    SourceUsage="oracle.fodemo.storefront.store.queries.MembershipDiscountsVO.MembershipBaseEO"
    ReadOnly="true"
    Reference="true"
    DeleteParticipant="false"
    JoinType="INNER JOIN"/>
  <EntityUsage
    Name="DiscountBaseEO"
    Entity="oracle.fodemo.storefront.entities.DiscountBaseEO"
    SourceUsage="oracle.fodemo.storefront.store.queries.MembershipDiscountsVO.DiscountTranslationEO"
    ReadOnly="true"
    Reference="true"
    DeleteParticipant="false"
    JoinType="INNER JOIN"
    Association="oracle.fodemo.storefront.entities.associations.DiscountTranslationsFkAssoc"
    AssociationEnd="oracle.fodemo.storefront.entities.associations.DiscountTranslationsFkAssoc.DiscountBase">
    <DesignTime>
      <AttrArray Name="_srcAttributes">
        <Item
          Value="oracle.fodemo.storefront.entities.DiscountTranslationEO.DiscountId"/>
      </AttrArray>
      <AttrArray Name="_dstAttributes">
        <Item
          Value="oracle.fodemo.storefront.entities.DiscountBaseEO.DiscountId"/>
      </AttrArray>
    </DesignTime>
  </EntityUsage>
  <EntityUsage
    Name="DiscountTranslationEO"
    Entity="oracle.fodemo.storefront.entities.DiscountTranslationEO"
    Association="oracle.fodemo.storefront.entities.associations.DiscountTranslationsFkAssoc"
    AssociationEnd="oracle.fodemo.storefront.entities.associations.DiscountTranslationsFkAssoc.DiscountTranslation"
    SourceUsage="oracle.fodemo.storefront.store.queries.MembershipDiscountsVO.DiscountBaseEO"
    ReadOnly="true"
    Reference="true"
    DeleteParticipant="false"
    JoinType="INNER JOIN"/>
  <EntityUsage
    Name="EligibleDiscountEO"
    Entity="oracle.fodemo.storefront.entities.EligibleDiscountEO"
    Association="oracle.fodemo.storefront.entities.associations.EligibleDiscountsFk1Assoc"
    AssociationEnd="oracle.fodemo.storefront.entities.associations.EligibleDiscountsFk1Assoc.EligibleDiscount"
    
    ReadOnly="true"
    Reference="true"
    DeleteParticipant="false"
    JoinType="INNER JOIN"
    SourceUsage="oracle.fodemo.storefront.store.queries.MembershipDiscountsVO.DiscountBaseEO"/>
  <EntityUsage
    Name="PersonEO"
    Entity="oracle.fodemo.storefront.entities.PersonEO"
    Association="oracle.fodemo.storefront.entities.associations.PersonsMembershipsBaseFkAssoc"
    AssociationEnd="oracle.fodemo.storefront.entities.associations.PersonsMembershipsBaseFkAssoc.Person"
    SourceUsage="oracle.fodemo.storefront.store.queries.MembershipDiscountsVO.MembershipBaseEO"
    ReadOnly="true"
    Reference="true"
    DeleteParticipant="false"
    JoinType="LEFT OUTER JOIN"/>
  <ViewAttribute
    Name="MembershipId"
    IsNotNull="true"
    PrecisionRule="true"
    EntityAttrName="MembershipId"
    EntityUsage="MembershipBaseEO"
    AliasName="MEMBERSHIP_ID"/>
  <ViewAttribute
    Name="MembershipTypeCode"
    IsNotNull="true"
    PrecisionRule="true"
    EntityAttrName="MembershipTypeCode"
    EntityUsage="MembershipBaseEO"
    AliasName="MEMBERSHIP_TYPE_CODE"/>
  <ViewAttribute
    Name="ContactId"
    IsNotNull="true"
    PrecisionRule="true"
    EntityAttrName="ContactId"
    EntityUsage="MembershipBaseEO"
    AliasName="CONTACT_ID"/>
  <ViewAttribute
    Name="ObjectVersionId"
    IsUpdateable="false"
    IsNotNull="true"
    PrecisionRule="true"
    EntityAttrName="ObjectVersionId"
    EntityUsage="MembershipBaseEO"
    AliasName="OBJECT_VERSION_ID"/>
  <ViewAttribute
    Name="MembershipTranslationsId"
    IsNotNull="true"
    PrecisionRule="true"
    EntityAttrName="MembershipTranslationsId"
    EntityUsage="MembershipTranslationEO"
    AliasName="MEMBERSHIP_TRANSLATIONS_ID"/>
  <ViewAttribute
    Name="MembershipId1"
    IsNotNull="true"
    PrecisionRule="true"
    EntityAttrName="MembershipId"
    EntityUsage="MembershipTranslationEO"
    AliasName="MEMBERSHIP_ID1"/>
  <ViewAttribute
    Name="MembershipName"
    IsNotNull="true"
    PrecisionRule="true"
    EntityAttrName="MembershipName"
    EntityUsage="MembershipTranslationEO"
    AliasName="MEMBERSHIP_NAME"/>
  <ViewAttribute
    Name="Description"
    PrecisionRule="true"
    EntityAttrName="Description"
    EntityUsage="MembershipTranslationEO"
    AliasName="DESCRIPTION"/>
  <ViewAttribute
    Name="ObjectVersionId1"
    IsUpdateable="false"
    IsNotNull="true"
    PrecisionRule="true"
    EntityAttrName="ObjectVersionId"
    EntityUsage="MembershipTranslationEO"
    AliasName="OBJECT_VERSION_ID1"/>
  <ViewAttribute
    Name="DiscountId"
    IsNotNull="true"
    PrecisionRule="true"
    EntityAttrName="DiscountId"
    EntityUsage="DiscountBaseEO"
    AliasName="DISCOUNT_ID"/>
  <ViewAttribute
    Name="DiscountTypeCode"
    IsNotNull="true"
    PrecisionRule="true"
    EntityAttrName="DiscountTypeCode"
    EntityUsage="DiscountBaseEO"
    AliasName="DISCOUNT_TYPE_CODE"/>
  <ViewAttribute
    Name="DiscountAmount"
    IsNotNull="true"
    PrecisionRule="true"
    EntityAttrName="DiscountAmount"
    EntityUsage="DiscountBaseEO"
    AliasName="DISCOUNT_AMOUNT"/>
  <ViewAttribute
    Name="ApplyAsPercentageFlag"
    IsNotNull="true"
    PrecisionRule="true"
    EntityAttrName="ApplyAsPercentageFlag"
    EntityUsage="DiscountBaseEO"
    AliasName="APPLY_AS_PERCENTAGE_FLAG"/>
  <ViewAttribute
    Name="EasyCode"
    PrecisionRule="true"
    EntityAttrName="EasyCode"
    EntityUsage="DiscountBaseEO"
    AliasName="EASY_CODE"/>
  <ViewAttribute
    Name="AddFreeShippingFlag"
    IsNotNull="true"
    PrecisionRule="true"
    EntityAttrName="AddFreeShippingFlag"
    EntityUsage="DiscountBaseEO"
    AliasName="ADD_FREE_SHIPPING_FLAG"/>
  <ViewAttribute
    Name="OnetimeDiscountFlag"
    IsNotNull="true"
    PrecisionRule="true"
    EntityAttrName="OnetimeDiscountFlag"
    EntityUsage="DiscountBaseEO"
    AliasName="ONETIME_DISCOUNT_FLAG"/>
  <ViewAttribute
    Name="ObjectVersionId2"
    IsUpdateable="false"
    IsNotNull="true"
    PrecisionRule="true"
    EntityAttrName="ObjectVersionId"
    EntityUsage="DiscountBaseEO"
    AliasName="OBJECT_VERSION_ID2"/>
  <ViewAttribute
    Name="DiscountTranslationsId"
    IsNotNull="true"
    PrecisionRule="true"
    EntityAttrName="DiscountTranslationsId"
    EntityUsage="DiscountTranslationEO"
    AliasName="DISCOUNT_TRANSLATIONS_ID"/>
  <ViewAttribute
    Name="DiscountId1"
    IsNotNull="true"
    PrecisionRule="true"
    EntityAttrName="DiscountId"
    EntityUsage="DiscountTranslationEO"
    AliasName="DISCOUNT_ID1"/>
  <ViewAttribute
    Name="Description1"
    IsNotNull="true"
    PrecisionRule="true"
    EntityAttrName="Description"
    EntityUsage="DiscountTranslationEO"
    AliasName="DESCRIPTION1"/>
  <ViewAttribute
    Name="ObjectVersionId3"
    IsUpdateable="false"
    IsNotNull="true"
    PrecisionRule="true"
    EntityAttrName="ObjectVersionId"
    EntityUsage="DiscountTranslationEO"
    AliasName="OBJECT_VERSION_ID3"/>
  <ViewAttribute
    Name="ValidToDate"
    IsUpdateable="false"
    PrecisionRule="true"
    EntityAttrName="ValidToDate"
    EntityUsage="EligibleDiscountEO"
    Domain="oracle.fodemo.storefront.entities.formatters.UppercaseOracleStyleDate"
    AliasName="VALID_TO_DATE"/>
  <ViewAttribute
    Name="MembershipId2"
    IsNotNull="true"
    PrecisionRule="true"
    EntityAttrName="MembershipId"
    EntityUsage="EligibleDiscountEO"
    AliasName="MEMBERSHIP_ID2"/>
  <ViewAttribute
    Name="DiscountId2"
    IsNotNull="true"
    PrecisionRule="true"
    EntityAttrName="DiscountId"
    EntityUsage="EligibleDiscountEO"
    AliasName="DISCOUNT_ID2"/>
  <ViewAttribute
    Name="ValidFromDate"
    IsUpdateable="false"
    PrecisionRule="true"
    EntityAttrName="ValidFromDate"
    EntityUsage="EligibleDiscountEO"
    Domain="oracle.fodemo.storefront.entities.formatters.UppercaseOracleStyleDate"
    AliasName="VALID_FROM_DATE"/>
  <ViewAttribute
    Name="ObjectVersionId4"
    IsUpdateable="false"
    IsNotNull="true"
    PrecisionRule="true"
    EntityAttrName="ObjectVersionId"
    EntityUsage="EligibleDiscountEO"
    AliasName="OBJECT_VERSION_ID4"/>
  <ViewAttribute
    Name="PersonId"
    IsUpdateable="while_insert"
    PrecisionRule="true"
    EntityAttrName="PersonId"
    EntityUsage="PersonEO"
    AliasName="PERSON_ID"/>
  <ViewAttribute
    Name="ObjectVersionId5"
    IsUpdateable="false"
    IsNotNull="true"
    PrecisionRule="true"
    EntityAttrName="ObjectVersionId"
    EntityUsage="PersonEO"
    AliasName="OBJECT_VERSION_ID5"/>
  <ViewAttribute
    Name="MembershipId3"
    PrecisionRule="true"
    EntityAttrName="MembershipId"
    EntityUsage="PersonEO"
    AliasName="MEMBERSHIP_ID3"/>
  <ViewCriteria
    Name="MembershipDiscountsForUser"
    ViewObjectName="oracle.fodemo.storefront.store.queries.MembershipDiscountsVO"
    Conjunction="AND">
    <ViewCriteriaRow
      Name="vcrow52">
      <ViewCriteriaItem
        Name="PersonId"
        ViewAttribute="PersonId"
        Operator="="
        Conjunction="AND"
        Value=":personid"
        IsBindVarValue="true"
        Required="Optional"/>
    </ViewCriteriaRow>
    <Properties>
      <CustomProperties>
        <Property
          Name="mode"
          Value="Basic"/>
        <Property
          Name="showInList"
          Value="true"/>
        <Property
          Name="autoExecute"
          Value="false"/>
      </CustomProperties>
    </Properties>
  </ViewCriteria>
</ViewObject>
