<?xml version="1.0" encoding="windows-1252" ?>
<!DOCTYPE ViewObject SYSTEM "jbo_03_01.dtd">
<!---->
<ViewObject
  xmlns="http://xmlns.oracle.com/bc4j"
  Name="MostPopularProductsByCategoriesVO"
  BindingStyle="OracleName"
  CustomQuery="true"
  PageIterMode="Full"
  UseGlueCode="false"
  Version="11.1.1.51.47"
  FetchMode="FETCH_AS_NEEDED"
  MaxFetchSize="20"
  FetchSize="20">
  <SQLQuery>
    <![CDATA[select ProductsBase.PRODUCT_ID,
       ProductsBase.PRODUCT_NAME,
       ProductsBase.LIST_PRICE,
       ProductsBase.MIN_PRICE,
       ProductTranslations.DESCRIPTION,
       ProductTranslations.ADDITIONAL_INFO,
       CategoryTranslations.CATEGORY_NAME,
       CategoryTranslations.CATEGORY_ID,
       (select sum(WarehouseStockLevels.QUANTITY_ON_HAND) 
        from WAREHOUSE_STOCK_LEVELS WarehouseStockLevels 
        where WarehouseStockLevels.PRODUCT_ID = ProductsBase.PRODUCT_ID) as IN_STOCK
from 
products_base ProductsBase, 
CATEGORY_TRANSLATIONS CategoryTranslations,
PRODUCT_TRANSLATIONS ProductTranslations
where 
CategoryTranslations.CATEGORY_ID (+) = ProductsBase.CATEGORY_ID and
ProductTranslations.PRODUCT_ID (+) = ProductsBase.PRODUCT_ID and
CategoryTranslations.LANGUAGE = SYS_CONTEXT('USERENV','LANG') and
ProductsBase.product_id in
(select PRODUCT_ID
from (
SELECT  OrderItems.product_id,
        max(OrderItems.quantity) as Items_Ordered 
FROM order_items OrderItems, products_base ProductsBase
WHERE 
ProductsBase.product_id = OrderItems.product_id 
GROUP By OrderItems.product_id, ProductsBase.Product_Name, ProductsBase.category_id
ORDER BY Items_Ordered DESC))]]>
  </SQLQuery>
  <DesignTime>
    <Attr Name="_codeGenFlag2" Value="Access|VarAccess"/>
    <Attr Name="_isExpertMode" Value="true"/>
  </DesignTime>
  <ViewAttribute
    Name="ProductId"
    IsPersistent="false"
    IsNotNull="true"
    PrecisionRule="true"
    Type="oracle.jbo.domain.Number"
    ColumnType="NUMBER"
    AliasName="PRODUCT_ID"
    Expression="PRODUCT_ID"
    SQLType="NUMERIC">
    <DesignTime>
      <Attr Name="_DisplaySize" Value="22"/>
    </DesignTime>
    <Properties>
      <SchemaBasedProperties>
        <LABEL
          ResId="ProductId_LABEL"/>
      </SchemaBasedProperties>
    </Properties>
  </ViewAttribute>
  <ViewAttribute
    Name="ProductName"
    IsPersistent="false"
    PrecisionRule="true"
    Precision="50"
    Type="java.lang.String"
    ColumnType="VARCHAR2"
    AliasName="PRODUCT_NAME"
    Expression="PRODUCT_NAME"
    SQLType="VARCHAR">
    <DesignTime>
      <Attr Name="_DisplaySize" Value="50"/>
    </DesignTime>
    <Properties>
      <SchemaBasedProperties>
        <LABEL
          ResId="ProductName_LABEL"/>
      </SchemaBasedProperties>
    </Properties>
  </ViewAttribute>
  <ViewAttribute
    Name="ListPrice"
    IsPersistent="false"
    IsNotNull="true"
    PrecisionRule="true"
    Precision="8"
    Scale="2"
    Type="oracle.jbo.domain.Number"
    ColumnType="NUMBER"
    AliasName="LIST_PRICE"
    Expression="LIST_PRICE"
    SQLType="NUMERIC">
    <DesignTime>
      <Attr Name="_DisplaySize" Value="22"/>
    </DesignTime>
    <Properties>
      <SchemaBasedProperties>
        <LABEL
          ResId="ListPrice_LABEL"/>
      </SchemaBasedProperties>
    </Properties>
  </ViewAttribute>
  <ViewAttribute
    Name="MinPrice"
    IsPersistent="false"
    IsNotNull="true"
    PrecisionRule="true"
    Precision="8"
    Scale="2"
    Type="oracle.jbo.domain.Number"
    ColumnType="NUMBER"
    AliasName="MIN_PRICE"
    Expression="MIN_PRICE"
    SQLType="NUMERIC">
    <DesignTime>
      <Attr Name="_DisplaySize" Value="22"/>
    </DesignTime>
    <Properties>
      <SchemaBasedProperties>
        <LABEL
          ResId="MinPrice_LABEL"/>
      </SchemaBasedProperties>
    </Properties>
  </ViewAttribute>
  <ViewAttribute
    Name="Description"
    IsPersistent="false"
    IsNotNull="true"
    PrecisionRule="true"
    Precision="4000"
    Type="java.lang.String"
    ColumnType="VARCHAR2"
    AliasName="DESCRIPTION"
    Expression="DESCRIPTION"
    SQLType="VARCHAR">
    <DesignTime>
      <Attr Name="_DisplaySize" Value="4000"/>
    </DesignTime>
    <Properties>
      <SchemaBasedProperties>
        <LABEL
          ResId="Description_LABEL"/>
      </SchemaBasedProperties>
    </Properties>
  </ViewAttribute>
  <ViewAttribute
    Name="AdditionalInfo"
    IsPersistent="false"
    PrecisionRule="true"
    Precision="4000"
    Type="java.lang.String"
    ColumnType="VARCHAR2"
    AliasName="ADDITIONAL_INFO"
    Expression="ADDITIONAL_INFO"
    SQLType="VARCHAR">
    <DesignTime>
      <Attr Name="_DisplaySize" Value="4000"/>
    </DesignTime>
    <Properties>
      <SchemaBasedProperties>
        <LABEL
          ResId="AdditionalInfo_LABEL"/>
      </SchemaBasedProperties>
    </Properties>
  </ViewAttribute>
  <ViewAttribute
    Name="CategoryName"
    IsPersistent="false"
    IsNotNull="true"
    PrecisionRule="true"
    Precision="50"
    Type="java.lang.String"
    ColumnType="VARCHAR2"
    AliasName="CATEGORY_NAME"
    Expression="CATEGORY_NAME"
    SQLType="VARCHAR">
    <DesignTime>
      <Attr Name="_DisplaySize" Value="50"/>
    </DesignTime>
    <Properties>
      <SchemaBasedProperties>
        <LABEL
          ResId="CategoryName_LABEL"/>
      </SchemaBasedProperties>
    </Properties>
  </ViewAttribute>
  <ViewAttribute
    Name="CategoryId"
    IsPersistent="false"
    IsNotNull="true"
    PrecisionRule="true"
    Precision="15"
    Scale="0"
    Type="oracle.jbo.domain.Number"
    ColumnType="NUMBER"
    AliasName="CATEGORY_ID"
    Expression="CATEGORY_ID"
    SQLType="NUMERIC">
    <DesignTime>
      <Attr Name="_DisplaySize" Value="22"/>
    </DesignTime>
    <Properties>
      <SchemaBasedProperties>
        <LABEL
          ResId="CategoryId_LABEL"/>
      </SchemaBasedProperties>
    </Properties>
  </ViewAttribute>
  <ViewAttribute
    Name="ProductImageId"
    IsPersistent="false"
    IsNotNull="true"
    PrecisionRule="true"
    Precision="15"
    Scale="0"
    Type="oracle.jbo.domain.Number"
    ColumnType="NUMBER"
    AliasName="PRODUCT_IMAGE_ID"
    SQLType="NUMERIC">
    <DesignTime>
      <Attr Name="_DisplaySize" Value="22"/>
    </DesignTime>
    <Properties>
      <SchemaBasedProperties>
        <LABEL
          ResId="ProductImageId_LABEL"/>
      </SchemaBasedProperties>
    </Properties>
  </ViewAttribute>
  <ViewAttribute
    Name="InStock"
    IsPersistent="false"
    PrecisionRule="true"
    Type="java.lang.Long"
    ColumnType="NUMBER"
    AliasName="IN_STOCK"
    Expression="IN_STOCK"
    SQLType="NUMERIC">
    <DesignTime>
      <Attr Name="_DisplaySize" Value="22"/>
    </DesignTime>
    <Properties>
      <SchemaBasedProperties>
        <LABEL
          ResId="InStock_LABEL"/>
      </SchemaBasedProperties>
    </Properties>
  </ViewAttribute>
  <ViewAttribute
    Name="DragId"
    IsPersistent="false"
    PrecisionRule="true"
    Precision="255"
    Type="java.lang.String"
    ColumnType="VARCHAR2"
    AliasName="PRODUCT_ID"
    SQLType="VARCHAR"
    IsSelected="false"
    IsQueriable="false">
    <TransientExpression>
      <![CDATA[ProductId]]>
    </TransientExpression>
  </ViewAttribute>
  <AttrArray Name="KeyAttributes">
    <Item Value="ProductId"/>
  </AttrArray>
  <ViewLinkAccessor
    Name="WarehouseStockLevelsVO"
    ViewLink="oracle.fodemo.storefront.store.queries.links.MostPopularProductsByCategoriesToWarehouseStockLevels"
    Type="oracle.jbo.RowIterator"
    IsUpdateable="false"/>
  <ResourceBundle>
    <PropertiesBundle
      PropertiesFile="oracle.fodemo.storefront.store.queries.common.MostPopularProductsByCategoriesVOMsgBundle"/>
  </ResourceBundle>
</ViewObject>
