<?xml version="1.0" encoding="windows-1252" ?>
<!DOCTYPE ViewObject SYSTEM "jbo_03_01.dtd">
<!---->
<ViewObject xmlns="http://xmlns.oracle.com/bc4j" Name="OrdersVO"
   SelectList="OrderEO.ORDER_ID, 
       OrderEO.ORDER_DATE, 
       OrderEO.ORDER_SHIPPED_DATE, 
       OrderEO.ORDER_STATUS_CODE, 
       OrderEO.ORDER_TOTAL, 
       OrderEO.CUSTOMER_ID, 
       OrderEO.SHIP_TO_NAME, 
       OrderEO.SHIP_TO_ADDRESS_ID, 
       OrderEO.SHIP_TO_PHONE_NUMBER, 
       OrderEO.SHIPPING_OPTION_ID, 
       OrderEO.PAYMENT_OPTION_ID, 
       OrderEO.DISCOUNT_ID, 
       OrderEO.COUPON_ID, 
       OrderEO.FREE_SHIPPING_FLAG, 
       OrderEO.CUSTOMER_COLLECT_FLAG, 
       OrderEO.COLLECTION_WAREHOUSE_ID, 
       OrderEO.GIFTWRAP_FLAG, 
       OrderEO.GIFTWRAP_MESSAGE, 
       OrderEO.OBJECT_VERSION_ID, 
       OrderEO.LAST_UPDATE_DATE, 
       OrderEO.SHIP_TO_ADDRESS_ID AS SHIP_TO_ADDRESS_ID1, 
       OrderEO.CREATED_BY, 
       OrderEO.LAST_UPDATED_BY, 
       OrderEO.CREATION_DATE"
            FromList="ORDERS OrderEO" BindingStyle="OracleName"
            ClientProxyName="oracle.fodemo.storefront.store.queries.client.OrdersVOClient"
            CustomQuery="false" FetchMode="FETCH_AS_NEEDED"
            ComponentClass="oracle.fodemo.storefront.store.queries.OrdersVOImpl"
            ComponentInterface="oracle.fodemo.storefront.store.queries.common.OrdersVO"
            PageIterMode="Full"
            RowClass="oracle.fodemo.storefront.store.queries.OrdersVORowImpl"
            UseGlueCode="false"
   Version="11.1.1.51.56"
   FetchSize="2">
   <DesignTime>
      <Attr Name="_codeGenFlag2" Value="Access|Coll|VarAccess"/>
      <Attr Name="_isCodegen" Value="true"/>
   </DesignTime>
   <Variable Name="orderCustomerId" Kind="viewcriteria"
             Type="oracle.jbo.domain.Number"/>
   <Variable Name="bvOrderStatusCode" Kind="viewcriteria"
             Type="java.lang.String"/>
   <Variable Name="bvCustomerId" Kind="viewcriteria" Type="java.lang.Integer"/>
   <ViewAccessor Name="ShippingOptions"
                 ViewObjectName="oracle.fodemo.storefront.store.queries.ShippingOptionsVO"/>
   <ViewAccessor Name="Addresses"
                 ViewObjectName="oracle.fodemo.storefront.store.queries.AddressesVO"/>
   <ViewAccessor Name="PaymentOptions"
                 ViewObjectName="oracle.fodemo.storefront.store.queries.PaymentOptionsVO"
      RowLevelBinds="false">
      <ViewCriteriaUsage Name="PaymentOptionsForUser"
                         FullName="oracle.fodemo.storefront.store.queries.PaymentOptionsVO.PaymentOptionsForUser"/>
      <ParameterMap>
         <PIMap Variable="personid">
            <TransientExpression>
               <![CDATA[
CustomerId
            ]]>
            </TransientExpression>
         </PIMap>
      </ParameterMap>
   </ViewAccessor>
   <ViewAccessor Name="AddressesAndUsagesVO"
                 ViewObjectName="oracle.fodemo.storefront.store.queries.AddressesAndUsagesVO">
      <ViewCriteriaUsage Name="AddressesForUserCriteria"
                         FullName="oracle.fodemo.storefront.store.queries.AddressesAndUsagesVO.AddressesForUserCriteria"/>
      <ParameterMap>
         <PIMap Variable="personid">
            <TransientExpression>
               <![CDATA[CustomerId]]>
            </TransientExpression>
         </PIMap>
      </ParameterMap>
   </ViewAccessor>
   <ViewAccessor Name="MembershipDiscountsVO"
                 ViewObjectName="oracle.fodemo.storefront.store.queries.MembershipDiscountsVO">
      <ViewCriteriaUsage
         Name="MembershipDiscountsForUser"
         FullName="oracle.fodemo.storefront.store.queries.MembershipDiscountsVO.MembershipDiscountsForUser"/>
   </ViewAccessor>
   <ViewAccessor Name="Coupons"
                 ViewObjectName="oracle.fodemo.storefront.store.queries.CouponsVO"/>
   <ListBinding Name="LOV_ShippingOptionId" ListVOName="ShippingOptions"
                ListRangeSize="-1" NullValueFlag="none"
                NullValueId="LOV_ShippingOptionId_NullValueId" MRUCount="0">
      <AttrArray Name="AttrNames">
         <Item Value="ShippingOptionId"/>
      </AttrArray>
      <AttrArray Name="ListAttrNames">
         <Item Value="ShippingOptionId"/>
      </AttrArray>
      <AttrArray Name="ListDisplayAttrNames">
         <Item Value="ShippingMethod"/>
      </AttrArray>
      <DisplayCriteria
         Hint="showAndExecute"/>
   </ListBinding>
   <ListBinding Name="LOV_PaymentOptionId" ListVOName="PaymentOptions"
                ListRangeSize="10" NullValueFlag="start"
                NullValueId="LOV_PaymentOptionId_NullValueId" MRUCount="0">
      <AttrArray Name="AttrNames">
         <Item Value="PaymentOptionId"/>
      </AttrArray>
      <AttrArray Name="ListAttrNames">
         <Item Value="PaymentOptionId"/>
      </AttrArray>
      <AttrArray Name="ListDisplayAttrNames">
         <Item Value="AccountNumber"/>
         <Item Value="CardTypeCode"/>
         <Item Value="InstitutionName"/>
      </AttrArray>
      <DisplayCriteria
         Hint="showAndExecute"/>
   </ListBinding>
   <ListBinding Name="LOV_DiscountId" ListVOName="MembershipDiscountsVO"
                ListRangeSize="-1" NullValueFlag="end"
                NullValueId="LOV_DiscountId_NullValueId" MRUCount="0">
      <AttrArray Name="AttrNames">
         <Item Value="DiscountId"/>
      </AttrArray>
      <AttrArray Name="ListAttrNames">
         <Item Value="DiscountId"/>
      </AttrArray>
      <AttrArray Name="ListDisplayAttrNames">
         <Item Value="Description1"/>
      </AttrArray>
      <DisplayCriteria
         Hint="showAndExecute"/>
   </ListBinding>
   <ListBinding Name="LOV_TypedCouponCode" ListVOName="Coupons"
                ListRangeSize="-1" NullValueFlag="none"
                NullValueId="LOV_TypedCouponCode_NullValueId" MRUCount="0">
      <AttrArray Name="AttrNames">
         <Item Value="TypedCouponCode"/>
      </AttrArray>
      <AttrArray Name="DerivedAttrNames">
         <Item Value="CouponId"/>
      </AttrArray>
      <AttrArray Name="ListAttrNames">
         <Item Value="EasyCode"/>
         <Item Value="DiscountId"/>
      </AttrArray>
      <AttrArray Name="ListDisplayAttrNames">
         <Item Value="EasyCode"/>
      </AttrArray>
      <DisplayCriteria
         Hint="showAndExecute"/>
   </ListBinding>
   <ListBinding
      Name="LOV_ShipToAddressId"
      ListVOName="AddressesAndUsagesVO"
      ListRangeSize="10"
      NullValueFlag="start"
      NullValueId="LOV_ShipToAddressId_LOVUIHints_NullValueId"
      MRUCount="0">
      <AttrArray Name="AttrNames">
         <Item Value="ShipToAddressId"/>
      </AttrArray>
      <AttrArray Name="ListAttrNames">
         <Item Value="AddressId"/>
      </AttrArray>
      <AttrArray Name="ListDisplayAttrNames">
         <Item Value="Address1"/>
         <Item Value="Address2"/>
         <Item Value="City"/>
         <Item Value="CountryId"/>
         <Item Value="PostalCode"/>
      </AttrArray>
      <DisplayCriteria
         Hint="showAndExecute"/>
   </ListBinding>
   <EntityUsage Name="OrderEO"
                Entity="oracle.fodemo.storefront.entities.OrderEO"
                JoinType="INNER JOIN"/>
   <ViewAttribute Name="OrderId" IsUpdateable="while_insert" IsNotNull="true"
                  PrecisionRule="true" EntityAttrName="OrderId"
                  EntityUsage="OrderEO" AliasName="ORDER_ID"
      DefaultValue="@@@@@@@@@@@@@@@@@@@@@@@@@@@@@@@@@@@@@@@@@@@@@@@@@@@@@@@@@@@@@@@@@@@@@@@@@@0"/>
   <ViewAttribute Name="OrderDate" IsNotNull="true" PrecisionRule="true"
                  EntityAttrName="OrderDate" EntityUsage="OrderEO"
                  Domain="oracle.fodemo.storefront.entities.formatters.UppercaseOracleStyleDate"
                  AliasName="ORDER_DATE"/>
   <ViewAttribute Name="OrderShippedDate" PrecisionRule="true"
                  EntityAttrName="OrderShippedDate" EntityUsage="OrderEO"
                  Domain="oracle.fodemo.storefront.entities.formatters.UppercaseOracleStyleDate"
                  AliasName="ORDER_SHIPPED_DATE"/>
   <ViewAttribute Name="OrderStatusCode" IsNotNull="true" PrecisionRule="true"
                  EntityAttrName="OrderStatusCode" EntityUsage="OrderEO"
                  AliasName="ORDER_STATUS_CODE"/>
   <ViewAttribute Name="OrderTotal" IsNotNull="true" PrecisionRule="true"
                  EntityAttrName="OrderTotal" EntityUsage="OrderEO"
                  AliasName="ORDER_TOTAL">
      <Properties>
         <SchemaBasedProperties>
            <FMT_FORMATTER ResId="OrderTotal_FMT_FORMATTER"/>
         </SchemaBasedProperties>
      </Properties>
   </ViewAttribute>
   <ViewAttribute Name="CustomerId" IsNotNull="true" PrecisionRule="true"
                  EntityAttrName="CustomerId" EntityUsage="OrderEO"
                  AliasName="CUSTOMER_ID"/>
   <ViewAttribute Name="ShipToName" PrecisionRule="true"
                  EntityAttrName="ShipToName" EntityUsage="OrderEO"
                  AliasName="SHIP_TO_NAME"/>
   <ViewAttribute Name="ShipToAddressId"
      LOVName="LOV_ShipToAddressId"
                  IsNotNull="true" PrecisionRule="true"
                  EntityAttrName="ShipToAddressId" EntityUsage="OrderEO"
                  AliasName="SHIP_TO_ADDRESS_ID">
      <Properties>
         <SchemaBasedProperties>
            <CONTROLTYPE
               Value="combo_lov"/>
         </SchemaBasedProperties>
      </Properties>
   </ViewAttribute>
   <ViewAttribute Name="ShipToPhoneNumber" PrecisionRule="true"
                  EntityAttrName="ShipToPhoneNumber" EntityUsage="OrderEO"
                  AliasName="SHIP_TO_PHONE_NUMBER"/>
   <ViewAttribute Name="ShippingOptionId" LOVName="LOV_ShippingOptionId"
                  IsNotNull="true" PrecisionRule="true"
                  EntityAttrName="ShippingOptionId" EntityUsage="OrderEO"
                  AliasName="SHIPPING_OPTION_ID">
      <Properties>
         <SchemaBasedProperties>
            <CONTROLTYPE Value="radio"/>
         </SchemaBasedProperties>
      </Properties>
   </ViewAttribute>
   <ViewAttribute Name="PaymentOptionId" LOVName="LOV_PaymentOptionId"
                  PrecisionRule="true" EntityAttrName="PaymentOptionId"
                  EntityUsage="OrderEO" AliasName="PAYMENT_OPTION_ID">
      <Properties>
         <SchemaBasedProperties>
            <CONTROLTYPE Value="combo_lov"/>
         </SchemaBasedProperties>
      </Properties>
   </ViewAttribute>
   <ViewAttribute Name="DiscountId" LOVName="LOV_DiscountId"
                  PrecisionRule="true" EntityAttrName="DiscountId"
                  EntityUsage="OrderEO" AliasName="DISCOUNT_ID">
      <Properties>
         <SchemaBasedProperties>
            <CONTROLTYPE Value="choice"/>
         </SchemaBasedProperties>
      </Properties>
   </ViewAttribute>
   <ViewAttribute Name="CouponId" PrecisionRule="true" EntityAttrName="CouponId"
                  EntityUsage="OrderEO" AliasName="COUPON_ID"/>
   <ViewAttribute Name="FreeShippingFlag" IsNotNull="true" PrecisionRule="true"
                  DefaultValue="N" EntityAttrName="FreeShippingFlag"
                  EntityUsage="OrderEO" AliasName="FREE_SHIPPING_FLAG"/>
   <ViewAttribute Name="CustomerCollectFlag" IsNotNull="true"
                  PrecisionRule="true" DefaultValue="N"
                  EntityAttrName="CustomerCollectFlag" EntityUsage="OrderEO"
                  AliasName="CUSTOMER_COLLECT_FLAG"/>
   <ViewAttribute Name="CollectionWarehouseId" PrecisionRule="true"
                  EntityAttrName="CollectionWarehouseId" EntityUsage="OrderEO"
                  AliasName="COLLECTION_WAREHOUSE_ID"/>
   <ViewAttribute Name="GiftwrapFlag" IsNotNull="true" PrecisionRule="true"
                  DefaultValue="N" EntityAttrName="GiftwrapFlag"
                  EntityUsage="OrderEO" AliasName="GIFTWRAP_FLAG"/>
   <ViewAttribute Name="GiftwrapMessage" PrecisionRule="true"
                  DefaultValue="None" EntityAttrName="GiftwrapMessage"
                  EntityUsage="OrderEO" AliasName="GIFTWRAP_MESSAGE"/>
   <ViewAttribute Name="CalculatedOrderTotal" IsSelected="false"
                  IsQueriable="false" IsPersistent="false" PrecisionRule="true"
                  EntityAttrName="CalculatedOrderTotal" EntityUsage="OrderEO"
                  AliasName="CALCULATEDORDERTOTAL">
      <RecalcCondition>true</RecalcCondition>
      <Properties>
         <SchemaBasedProperties>
            <FMT_FORMATTER ResId="CalculatedOrderTotal_FMT_FORMATTER"/>
         </SchemaBasedProperties>
      </Properties>
   </ViewAttribute>
   <ViewAttribute Name="ObjectVersionId" IsUpdateable="false" IsNotNull="true"
                  PrecisionRule="true" EntityAttrName="ObjectVersionId"
                  EntityUsage="OrderEO" AliasName="OBJECT_VERSION_ID"/>
   <ViewAttribute Name="TotalShippingCost" IsUpdateable="false"
                  IsSelected="false" IsPersistent="false" PrecisionRule="true"
                  Type="java.lang.Double" ColumnType="DOUBLE PRECISION"
                  AliasName="VIEW_ATTR" SQLType="DOUBLE">
      <RecalcCondition>true</RecalcCondition>
      <TransientExpression>if(FreeShippingFlag != null &amp;&amp;
                           FreeShippingFlag != 'Y'){ if(OrderItemsVO != null){
                           return OrderItemsVO.sum("ShippingCost"); } else {
                           return 0; } } else { return 0; }</TransientExpression>
      <Properties>
         <SchemaBasedProperties>
            <FMT_FORMATTER ResId="TotalShippingCost_FMT_FORMATTER"/>
            <LABEL
               ResId="TotalShippingCost_LABEL"/>
         </SchemaBasedProperties>
      </Properties>
   </ViewAttribute>
   <ViewAttribute Name="DiscountAmount" IsSelected="false" IsQueriable="false"
                  IsPersistent="false" PrecisionRule="true"
                  EntityAttrName="DiscountAmount" EntityUsage="OrderEO"
                  AliasName="DISCOUNTAMOUNT">
      <RecalcCondition>true</RecalcCondition>
      <Properties>
         <SchemaBasedProperties>
            <FMT_FORMATTER ResId="DiscountAmount_FMT_FORMATTER"/>
         </SchemaBasedProperties>
      </Properties>
   </ViewAttribute>
   <ViewAttribute Name="InvoiceTotal" IsUpdateable="false" IsSelected="false"
                  IsPersistent="false" PrecisionRule="true"
                  Type="java.lang.Double" ColumnType="DOUBLE PRECISION"
                  AliasName="VIEW_ATTR" SQLType="DOUBLE">
      <RecalcCondition>true</RecalcCondition>
      <TransientExpression>if(TotalShippingCost != null &amp;&amp;
                           CalculatedOrderTotal != null &amp;&amp;
                           DiscountAmount != null){ return ((TotalShippingCost +
                           CalculatedOrderTotal) - DiscountAmount); }</TransientExpression>
      <Properties>
         <SchemaBasedProperties>
            <FMT_FORMATTER ResId="InvoiceTotal_FMT_FORMATTER"/>
            <LABEL
               ResId="InvoiceTotal_LABEL"/>
         </SchemaBasedProperties>
      </Properties>
   </ViewAttribute>
   <ViewAttribute Name="LastUpdateDate" IsUpdateable="false" IsNotNull="true"
                  PrecisionRule="true" EntityAttrName="LastUpdateDate"
                  EntityUsage="OrderEO" AliasName="LAST_UPDATE_DATE"/>
   <ViewAttribute Name="TypedCouponCode" LOVName="LOV_TypedCouponCode"
                  IsQueriable="false" IsPersistent="false" PrecisionRule="true"
                  EntityAttrName="TypedCouponCode" EntityUsage="OrderEO">
      <Properties>
         <SchemaBasedProperties>
            <CONTROLTYPE Value="input_text_lov"/>
         </SchemaBasedProperties>
      </Properties>
   </ViewAttribute>
   <ViewAttribute Name="ShipToAddressId1" IsNotNull="true" PrecisionRule="true"
                  EntityAttrName="ShipToAddressId" EntityUsage="OrderEO"
                  AliasName="SHIP_TO_ADDRESS_ID1"/>
   <ViewAttribute Name="CreatedBy" IsUpdateable="while_insert"
                  EntityAttrName="CreatedBy" EntityUsage="OrderEO"
                  IsNotNull="true" PrecisionRule="true" AliasName="CREATED_BY"/>
   <ViewAttribute Name="LastUpdatedBy" IsNotNull="true" PrecisionRule="true"
                  EntityAttrName="LastUpdatedBy" EntityUsage="OrderEO"
                  AliasName="LAST_UPDATED_BY"/>
   <ViewAttribute Name="CreationDate" IsUpdateable="false" IsNotNull="true"
                  PrecisionRule="true" EntityAttrName="CreationDate"
                  EntityUsage="OrderEO" AliasName="CREATION_DATE"/>
   <ViewAttribute Name="isCancelable" IsQueriable="false" IsPersistent="false"
                  PrecisionRule="true" EntityAttrName="isCancelable"
                  EntityUsage="OrderEO">
      <RecalcCondition>true</RecalcCondition>
      <TransientExpression>return (OrderStatusCode == 'PENDING');</TransientExpression>
   </ViewAttribute>
   <ViewCriteria Name="MyOrdersCriteria"
                 ViewObjectName="oracle.fodemo.storefront.store.queries.OrdersVO"
                 Conjunction="AND">
      <ViewCriteriaRow
         Name="vcrow40">
         <ViewCriteriaItem
            Name="OrderStatusCode"
            ViewAttribute="OrderStatusCode"
            Operator="&lt;>"
            Conjunction="AND"
            Value="CART"
            Required="Optional"/>
      </ViewCriteriaRow>
      <Properties>
         <CustomProperties>
            <Property Name="autoExecute" Value="false"/>
            <Property Name="showInList" Value="true"/>
            <Property Name="mode" Value="Basic"/>
         </CustomProperties>
      </Properties>
   </ViewCriteria>
   <ViewCriteria Name="ShoppingCartCriteria"
                 ViewObjectName="oracle.fodemo.storefront.store.queries.OrdersVO"
                 Conjunction="AND">
      <ViewCriteriaRow
         Name="vcrow22">
         <ViewCriteriaItem
            Name="OrderStatusCode"
            ViewAttribute="OrderStatusCode"
            Operator="="
            Conjunction="AND"
            Value="CART"
            Required="Optional"/>
      </ViewCriteriaRow>
      <Properties>
         <CustomProperties>
            <Property Name="autoExecute" Value="false"/>
            <Property Name="showInList" Value="true"/>
            <Property Name="mode" Value="Basic"/>
         </CustomProperties>
      </Properties>
   </ViewCriteria>
   <ViewCriteria Name="MyOrdersByCustomerId"
                 ViewObjectName="oracle.fodemo.storefront.store.queries.OrdersVO"
                 Conjunction="AND">
      <ViewCriteriaRow
         Name="vcrow39">
         <ViewCriteriaItem
            Name="CustomerId"
            ViewAttribute="CustomerId"
            Operator="="
            Conjunction="AND"
            Value=":orderCustomerId"
            IsBindVarValue="true"
            Required="Required"/>
      </ViewCriteriaRow>
      <Properties>
         <CustomProperties>
            <Property
               Name="mode"
               Value="Basic"/>
            <Property
               Name="showInList"
               Value="true"/>
            <Property
               Name="autoExecute"
               Value="false"/>
         </CustomProperties>
      </Properties>
   </ViewCriteria>
   <ViewCriteria Name="SetOrdersModeCriteria"
                 ViewObjectName="oracle.fodemo.storefront.store.queries.OrdersVO"
                 Conjunction="AND">
      <Properties>
         <CustomProperties>
            <Property Name="autoExecute" Value="false"/>
            <Property Name="showInList" Value="true"/>
            <Property Name="mode" Value="Basic"/>
         </CustomProperties>
      </Properties>
      <ViewCriteriaRow Name="vcrow40" UpperColumns="1">
         <ViewCriteriaItem Name="OrderStatusCode"
                           ViewAttribute="OrderStatusCode" Operator="CONTAINS"
                           Conjunction="AND" Required="Optional"
                           Value=":bvOrderStatusCode" IsBindVarValue="true"/>
         <ViewCriteriaItem Name="CustomerId" ViewAttribute="CustomerId"
                           Operator="=" Conjunction="AND" Value=":bvCustomerId"
                           IsBindVarValue="true" Required="Optional"/>
      </ViewCriteriaRow>
   </ViewCriteria>
   <ViewLinkAccessor
      Name="AddressesVO"
      ViewLink="oracle.fodemo.storefront.store.queries.links.OrdersToAddresses"
      Type="oracle.jbo.RowIterator"
      IsUpdateable="false"/>
   <ViewLinkAccessor
      Name="OrderItemsVO"
      ViewLink="oracle.fodemo.storefront.store.queries.links.OrdersToOrderItems"
      Type="oracle.jbo.RowIterator"
      IsUpdateable="false"/>
   <ViewLinkAccessor
      Name="ShippingOptionsVO"
      ViewLink="oracle.fodemo.storefront.store.queries.links.OrdersToShippingOptions"
      Type="oracle.jbo.RowIterator"
      IsUpdateable="false"/>
   <!--   <ViewLinkAccessor
      Name="PaymentOptionsVO"
      ViewLink="oracle.fodemo.storefront.store.queries.links.OrdersToPaymentOptions"
      Type="oracle.jbo.RowIterator"
      IsUpdateable="false"/> -->
   <ViewLinkAccessor
      Name="PaymentOptionsVO"
      ViewLink="oracle.fodemo.storefront.store.queries.links.OrdersToPaymentOptions"
      Type="oracle.jbo.RowIterator"
      IsUpdateable="false"/>
   <ClientInterface>
      <Method Name="cancelOrder">
         <Return Type="void"/>
      </Method>
   </ClientInterface>
   <ResourceBundle>
      <PropertiesBundle PropertiesFile="oracle.fodemo.storefront.store.queries.common.OrdersVOMsgBundle"/>
   </ResourceBundle>
</ViewObject>