<?xml version="1.0" encoding="windows-1252" ?>
<!DOCTYPE ViewObject SYSTEM "jbo_03_01.dtd">
<!---->
<ViewObject
  xmlns="http://xmlns.oracle.com/bc4j"
  Name="OrderItemsVO"
  BindingStyle="OracleName"
  CustomQuery="true"
  ComponentClass="oracle.fodemo.storefront.store.queries.OrderItemsVOImpl"
  PageIterMode="Full"
  UseGlueCode="false"
  ComponentInterface="oracle.fodemo.storefront.store.queries.common.OrderItemsVO"
  ClientProxyName="oracle.fodemo.storefront.store.queries.client.OrderItemsVOClient"
  FetchMode="FETCH_AS_NEEDED"
  Version="11.1.1.51.47"
  FetchSize="26">
  <SQLQuery>
    <![CDATA[SELECT OrderItemEO.ORDER_ID, 
       OrderItemEO.LINE_ITEM_ID, 
       OrderItemEO.PRODUCT_ID, 
       OrderItemEO.QUANTITY, 
       OrderItemEO.UNIT_PRICE, 
       ProductBaseEO.PRODUCT_ID AS PRODUCT_ID1, 
       ProductBaseEO.SUPPLIER_ID, 
       ProductBaseEO.CATEGORY_ID, 
       ProductBaseEO.PRODUCT_NAME, 
       ProductBaseEO.COST_PRICE, 
       ProductBaseEO.LIST_PRICE, 
       ProductBaseEO.MIN_PRICE, 
       ProductBaseEO.WARRANTY_PERIOD_MONTHS, 
       ProductBaseEO.SHIPPING_CLASS_CODE, 
       ProductTranslationEO.PRODUCT_ID AS PRODUCT_ID2, 
       ProductTranslationEO.LANGUAGE, 
       ProductTranslationEO.SOURCE_LANG, 
       ProductTranslationEO.DESCRIPTION, 
       ProductTranslationEO.ADDITIONAL_INFO, 
       ProductTranslationEO.CREATED_BY AS CREATED_BY2, 
       ProductTranslationEO.CREATION_DATE AS CREATION_DATE2, 
       ProductTranslationEO.LAST_UPDATED_BY AS LAST_UPDATED_BY2, 
       ProductTranslationEO.LAST_UPDATE_DATE AS LAST_UPDATE_DATE2, 
       ProductTranslationEO.OBJECT_VERSION_ID AS OBJECT_VERSION_ID2, 
       CategoryTranslationEO.CATEGORY_ID AS CATEGORY_ID1, 
       CategoryTranslationEO.CATEGORY_NAME, 
       CategoryTranslationEO.CATEGORY_DESCRIPTION, 
       CategoryTranslationEO.LANGUAGE AS LANGUAGE1,
       decode(ProductBaseEO.shipping_class_code, 'CLASS1',  ShippingOptionBaseEO.cost_per_class1_item,
                                     'CLASS2', ShippingOptionBaseEO.cost_per_class2_item,
                                     'CLASS3', ShippingOptionBaseEO.cost_per_class3_item) as SHIPPING_COST
FROM 
ORDERS OrderEO,
ORDER_ITEMS OrderItemEO, 
PRODUCTS_BASE ProductBaseEO, 
PRODUCT_TRANSLATIONS ProductTranslationEO, 
CATEGORY_TRANSLATIONS CategoryTranslationEO, 
SHIPPING_OPTIONS_BASE ShippingOptionBaseEO
WHERE 
OrderItemEO.PRODUCT_ID = ProductBaseEO.PRODUCT_ID AND 
ProductTranslationEO.PRODUCT_ID  = ProductBaseEO.PRODUCT_ID AND 
CategoryTranslationEO.CATEGORY_ID = ProductBaseEO.CATEGORY_ID AND 
OrderEO.ORDER_ID = OrderItemEO.ORDER_ID AND
ShippingOptionBaseEO.SHIPPING_OPTION_ID = OrderEO.SHIPPING_OPTION_ID AND ProductTranslationEO.LANGUAGE = :bv_Language]]>
  </SQLQuery>
  <Variable
    Name="bvOrderId"
    Kind="viewcriteria"
    Type="java.lang.String"/>
  <Variable
    Name="bvProductId"
    Kind="viewcriteria"
    Type="oracle.jbo.domain.Number"/>
  <Variable
    Name="bv_Language"
    Kind="where"
    Type="java.lang.String"
    DefaultValue="US"/>
  <ViewAccessor
    Name="ShippingOptions"
    ViewObjectName="oracle.fodemo.storefront.store.queries.ShippingOptionsVO"/>
  <DesignTime>
    <Attr Name="_codeGenFlag2" Value="Access|Coll|VarAccess"/>
    <Attr Name="_isExpertMode" Value="true"/>
  </DesignTime>
  <EntityUsage
    Name="OrderItemEO"
    Entity="oracle.fodemo.storefront.entities.OrderItemEO"
    JoinType="INNER JOIN"/>
  <EntityUsage
    Name="ProductBaseEO"
    Entity="oracle.fodemo.storefront.entities.ProductBaseEO"
    SourceUsage="oracle.fodemo.storefront.store.queries.OrderItemsVO.OrderItemEO"
    ReadOnly="true"
    Reference="true"
    DeleteParticipant="false"
    JoinType="INNER JOIN"/>
  <EntityUsage
    Name="ProductTranslationEO"
    Entity="oracle.fodemo.storefront.entities.ProductTranslationEO"
    SourceUsage="oracle.fodemo.storefront.store.queries.OrderItemsVO.ProductBaseEO"
    ReadOnly="true"
    Reference="true"
    DeleteParticipant="false"
    JoinType="INNER JOIN"/>
  <EntityUsage
    Name="CategoryTranslationEO"
    Entity="oracle.fodemo.storefront.entities.CategoryTranslationEO"
    SourceUsage="oracle.fodemo.storefront.store.queries.OrderItemsVO.ProductTranslationEO"
    ReadOnly="true"
    Reference="true"
    DeleteParticipant="false"
    JoinType="INNER JOIN"/>
  <EntityUsage
    Name="ShippingOptionBaseEO"
    Entity="oracle.fodemo.storefront.entities.ShippingOptionBaseEO"
    SourceUsage="oracle.fodemo.storefront.store.queries.OrderItemsVO.CategoryTranslationEO"
    ReadOnly="true"
    Reference="true"
    DeleteParticipant="false"
    JoinType="INNER JOIN"/>
  <ViewAttribute
    Name="OrderId"
    IsNotNull="true"
    PrecisionRule="true"
    EntityAttrName="OrderId"
    EntityUsage="OrderItemEO"
    AliasName="ORDER_ID"/>
  <ViewAttribute
    Name="LineItemId"
    IsUpdateable="while_insert"
    IsNotNull="true"
    PrecisionRule="true"
    DefaultValue="@@@@@@@@@@@@@@@@@@@@@@@@@@@@@@@@@@@@@@@@@@@@@@@@@@@@@@@@@@@@@@@@@@@@@@@@@@@@@@@@@@@@@@@0"
    EntityAttrName="LineItemId"
    EntityUsage="OrderItemEO"
    AliasName="LINE_ITEM_ID"/>
  <ViewAttribute
    Name="ProductId"
    IsNotNull="true"
    PrecisionRule="true"
    EntityAttrName="ProductId"
    EntityUsage="OrderItemEO"
    AliasName="PRODUCT_ID"/>
  <ViewAttribute
    Name="Quantity"
    IsNotNull="true"
    PrecisionRule="true"
    EntityAttrName="Quantity"
    EntityUsage="OrderItemEO"
    AliasName="QUANTITY"/>
  <ViewAttribute
    Name="UnitPrice"
    IsNotNull="true"
    PrecisionRule="true"
    EntityAttrName="UnitPrice"
    EntityUsage="OrderItemEO"
    AliasName="UNIT_PRICE">
    <Properties>
      <SchemaBasedProperties>
        <FMT_FORMATTER
          ResId="UnitPrice_FMT_FORMATTER"/>
      </SchemaBasedProperties>
    </Properties>
  </ViewAttribute>
  <ViewAttribute
    Name="ProductId1"
    IsNotNull="true"
    PrecisionRule="true"
    EntityAttrName="ProductId"
    EntityUsage="ProductBaseEO"
    AliasName="PRODUCT_ID1"
    IsUpdateable="while_insert"/>
  <ViewAttribute
    Name="SupplierId"
    IsNotNull="true"
    PrecisionRule="true"
    EntityAttrName="SupplierId"
    EntityUsage="ProductBaseEO"
    AliasName="SUPPLIER_ID"/>
  <ViewAttribute
    Name="CategoryId"
    IsNotNull="true"
    PrecisionRule="true"
    EntityAttrName="CategoryId"
    EntityUsage="ProductBaseEO"
    AliasName="CATEGORY_ID"/>
  <ViewAttribute
    Name="ProductName"
    PrecisionRule="true"
    EntityAttrName="ProductName"
    EntityUsage="ProductBaseEO"
    AliasName="PRODUCT_NAME"/>
  <ViewAttribute
    Name="CostPrice"
    PrecisionRule="true"
    EntityAttrName="CostPrice"
    EntityUsage="ProductBaseEO"
    AliasName="COST_PRICE">
    <Properties>
      <SchemaBasedProperties>
        <FMT_FORMATTER
          ResId="CostPrice_FMT_FORMATTER"/>
      </SchemaBasedProperties>
    </Properties>
  </ViewAttribute>
  <ViewAttribute
    Name="ListPrice1_1"
    IsNotNull="true"
    PrecisionRule="true"
    EntityAttrName="ListPrice"
    EntityUsage="ProductBaseEO"
    AliasName="LIST_PRICE"/>
  <ViewAttribute
    Name="MinPrice"
    IsNotNull="true"
    PrecisionRule="true"
    EntityAttrName="MinPrice"
    EntityUsage="ProductBaseEO"
    AliasName="MIN_PRICE">
    <Properties>
      <SchemaBasedProperties>
        <FMT_FORMATTER
          ResId="MinPrice_FMT_FORMATTER"/>
      </SchemaBasedProperties>
    </Properties>
  </ViewAttribute>
  <ViewAttribute
    Name="WarrantyPeriodMonths"
    PrecisionRule="true"
    EntityAttrName="WarrantyPeriodMonths"
    EntityUsage="ProductBaseEO"
    AliasName="WARRANTY_PERIOD_MONTHS"/>
  <ViewAttribute
    Name="ShippingClassCode"
    IsNotNull="true"
    PrecisionRule="true"
    EntityAttrName="ShippingClassCode"
    EntityUsage="ProductBaseEO"
    AliasName="SHIPPING_CLASS_CODE"/>
  <ViewAttribute
    Name="ProductId2"
    IsNotNull="true"
    PrecisionRule="true"
    EntityAttrName="ProductId"
    EntityUsage="ProductTranslationEO"
    AliasName="PRODUCT_ID2"/>
  <ViewAttribute
    Name="Language"
    IsNotNull="true"
    PrecisionRule="true"
    EntityAttrName="Language"
    EntityUsage="ProductTranslationEO"
    AliasName="LANGUAGE"/>
  <ViewAttribute
    Name="SourceLang"
    PrecisionRule="true"
    EntityAttrName="SourceLang"
    EntityUsage="ProductTranslationEO"
    AliasName="SOURCE_LANG"/>
  <ViewAttribute
    Name="Description"
    IsNotNull="true"
    PrecisionRule="true"
    EntityAttrName="Description"
    EntityUsage="ProductTranslationEO"
    AliasName="DESCRIPTION"/>
  <ViewAttribute
    Name="AdditionalInfo"
    PrecisionRule="true"
    EntityAttrName="AdditionalInfo"
    EntityUsage="ProductTranslationEO"
    AliasName="ADDITIONAL_INFO"/>
  <ViewAttribute
    Name="CreatedBy2"
    IsNotNull="true"
    PrecisionRule="true"
    EntityAttrName="CreatedBy"
    EntityUsage="ProductTranslationEO"
    AliasName="CREATED_BY2"/>
  <ViewAttribute
    Name="CreationDate2"
    IsUpdateable="false"
    IsNotNull="true"
    PrecisionRule="true"
    EntityAttrName="CreationDate"
    EntityUsage="ProductTranslationEO"
    AliasName="CREATION_DATE2"/>
  <ViewAttribute
    Name="LastUpdatedBy2"
    IsNotNull="true"
    PrecisionRule="true"
    EntityAttrName="LastUpdatedBy"
    EntityUsage="ProductTranslationEO"
    AliasName="LAST_UPDATED_BY2"/>
  <ViewAttribute
    Name="LastUpdateDate2"
    IsUpdateable="false"
    IsNotNull="true"
    PrecisionRule="true"
    EntityAttrName="LastUpdateDate"
    EntityUsage="ProductTranslationEO"
    AliasName="LAST_UPDATE_DATE2"/>
  <ViewAttribute
    Name="ObjectVersionId2"
    IsUpdateable="false"
    IsNotNull="true"
    PrecisionRule="true"
    EntityAttrName="ObjectVersionId"
    EntityUsage="ProductTranslationEO"
    AliasName="OBJECT_VERSION_ID2"/>
  <ViewAttribute
    Name="CategoryId1"
    IsNotNull="true"
    PrecisionRule="true"
    EntityAttrName="CategoryId"
    EntityUsage="CategoryTranslationEO"
    AliasName="CATEGORY_ID1"/>
  <ViewAttribute
    Name="CategoryName"
    IsNotNull="true"
    PrecisionRule="true"
    EntityAttrName="CategoryName"
    EntityUsage="CategoryTranslationEO"
    AliasName="CATEGORY_NAME"/>
  <ViewAttribute
    Name="CategoryDescription"
    PrecisionRule="true"
    EntityAttrName="CategoryDescription"
    EntityUsage="CategoryTranslationEO"
    AliasName="CATEGORY_DESCRIPTION"/>
  <ViewAttribute
    Name="Language1"
    IsNotNull="true"
    PrecisionRule="true"
    EntityAttrName="Language"
    EntityUsage="CategoryTranslationEO"
    AliasName="LANGUAGE1"/>
  <ViewAttribute
    Name="ProductImageId"
    IsPersistent="false"
    IsNotNull="true"
    PrecisionRule="true"
    Type="oracle.jbo.domain.Number"
    ColumnType="$none$"
    AliasName="PRODUCT_IMAGE_ID"
    SQLType="VARCHAR"
    IsSelected="false">
    <ListValidationBean
      xmlns="http://xmlns.oracle.com/adfm/validation"
      Name="ProductImageId_Rule_0"
      ResId="ImageId_Rule_0"
      Severity="Warning"
      OnAttribute="ProductImageId"
      OperandType="SQL"
      Inverse="false"
      ListValue="select distinct product_image_id from product_images"/>
    <Properties>
      <SchemaBasedProperties>
        <LABEL
          ResId="ProductImageId_LABEL"/>
      </SchemaBasedProperties>
    </Properties>
  </ViewAttribute>
  <ViewAttribute
    Name="ProductId3"
    IsPersistent="false"
    IsNotNull="true"
    PrecisionRule="true"
    Type="oracle.jbo.domain.Number"
    ColumnType="$none$"
    AliasName="PRODUCT_ID3"
    SQLType="VARCHAR">
    <Properties>
      <SchemaBasedProperties>
        <LABEL
          ResId="ProductId3_LABEL"/>
      </SchemaBasedProperties>
    </Properties>
  </ViewAttribute>
  <ViewAttribute
    Name="DefaultViewFlag"
    IsPersistent="false"
    IsNotNull="true"
    PrecisionRule="true"
    Type="java.lang.String"
    ColumnType="$none$"
    AliasName="DEFAULT_VIEW_FLAG"
    SQLType="VARCHAR">
    <Properties>
      <SchemaBasedProperties>
        <LABEL
          ResId="DefaultViewFlag_LABEL"/>
      </SchemaBasedProperties>
    </Properties>
  </ViewAttribute>
  <ViewAttribute
    Name="DetailImageId"
    IsPersistent="false"
    PrecisionRule="true"
    Type="oracle.jbo.domain.Number"
    ColumnType="$none$"
    AliasName="DETAIL_IMAGE_ID"
    SQLType="VARCHAR">
    <Properties>
      <SchemaBasedProperties>
        <LABEL
          ResId="DetailImageId_LABEL"/>
      </SchemaBasedProperties>
    </Properties>
  </ViewAttribute>
  <ViewAttribute
    Name="ShippingCost"
    IsPersistent="false"
    PrecisionRule="true"
    IsSelected="false"
    EntityAttrName="ShippingCost"
    EntityUsage="OrderItemEO">
    <DesignTime>
      <Attr Name="_DisplaySize" Value="22"/>
    </DesignTime>
    <RecalcCondition>
      <![CDATA[true]]>
    </RecalcCondition>
    <TransientExpression>
      <![CDATA[if( ProductBase != null && Order != null && Order.ShippingOptionBase != null
&& ProductBase.ShippingClassCode != null){
if( ProductBase.ShippingClassCode == 'CLASS1') {   return   Order.ShippingOptionBase.CostPerClass1Item;  } else if( ProductBase.ShippingClassCode == 'CLASS2') {    return Order.ShippingOptionBase.CostPerClass2Item;  } else if( ProductBase.ShippingClassCode == 'CLASS3') {    return Order.ShippingOptionBase.CostPerClass3Item;  } else {  return 0; }
}]]>
    </TransientExpression>
  </ViewAttribute>
  <ViewAttribute
    Name="LineItemTotal"
    IsQueriable="false"
    IsPersistent="false"
    PrecisionRule="true"
    EntityAttrName="LineItemTotal"
    EntityUsage="OrderItemEO">
    <RecalcCondition>
      <![CDATA[true]]>
    </RecalcCondition>
    <TransientExpression>
      <![CDATA[((Quantity == null) ? 0 : Quantity) * ((UnitPrice == null) ? 0 : UnitPrice)]]>
    </TransientExpression>
  </ViewAttribute>
  <ViewAttribute
    Name="ListPrice"
    IsQueriable="false"
    IsPersistent="false"
    PrecisionRule="true"
    EntityAttrName="ListPrice"
    EntityUsage="OrderItemEO">
    <RecalcCondition>
      <![CDATA[true]]>
    </RecalcCondition>
    <TransientExpression>
      <![CDATA[ProductsBase.ListPrice]]>
    </TransientExpression>
  </ViewAttribute>
  <ViewAttribute
    Name="QuantityOnHand"
    IsQueriable="false"
    IsPersistent="false"
    PrecisionRule="true"
    EntityAttrName="QuantityOnHand"
    EntityUsage="ProductBaseEO"
    IsUpdateable="false"
    IsSelected="false"
    AliasName="QUANTITYONHAND">
    <RecalcCondition>
      <![CDATA[true]]>
    </RecalcCondition>
    <TransientExpression>
      <![CDATA[if(WarehouseStockLevelEO != null){ return WarehouseStockLevelEO.sum("QuantityOnHand"); } else { return 0; }]]>
    </TransientExpression>
  </ViewAttribute>
  <ViewCriteria
    Name="findByOrderIdAndProductId"
    ViewObjectName="oracle.fodemo.storefront.store.queries.OrderItemsVO"
    Conjunction="AND">
    <Properties>
      <CustomProperties>
        <Property
          Name="autoExecute"
          Value="false"/>
        <Property
          Name="showInList"
          Value="true"/>
        <Property
          Name="mode"
          Value="Basic"/>
      </CustomProperties>
    </Properties>
    <ViewCriteriaRow
      Name="vcrow140"
      UpperColumns="1">
      <ViewCriteriaItem
        Name="OrderItemsVOCriteria_vcrow140_OrderId"
        ViewAttribute="OrderId"
        Operator="="
        Conjunction="AND"
        Value=":bvOrderId"
        IsBindVarValue="true"
        Required="Optional"/>
      <ViewCriteriaItem
        Name="ProductId"
        ViewAttribute="ProductId"
        Operator="="
        Conjunction="AND"
        Required="Optional"
        Value=":bvProductId"
        IsBindVarValue="true"/>
    </ViewCriteriaRow>
  </ViewCriteria>
  <ViewCriteria
    Name="findByOrderId"
    ViewObjectName="oracle.fodemo.storefront.store.queries.OrderItemsVO"
    Conjunction="AND">
    <Properties>
      <CustomProperties>
        <Property
          Name="mode"
          Value="Basic"/>
        <Property
          Name="showInList"
          Value="true"/>
        <Property
          Name="autoExecute"
          Value="false"/>
      </CustomProperties>
    </Properties>
    <ViewCriteriaRow
      Name="vcrow77"
      UpperColumns="1">
      <ViewCriteriaItem
        Name="OrderItemsVOCriteria_vcrow77_OrderId"
        ViewAttribute="OrderId"
        Operator="="
        Conjunction="AND"
        Value=":bvOrderId"
        IsBindVarValue="true"
        Required="Optional"/>
      <ViewCriteriaItem
        Name="Language"
        ViewAttribute="Language"
        Operator="="
        Conjunction="AND"
        Value=":bv_Language"
        IsBindVarValue="true"
        Required="Required"/>
    </ViewCriteriaRow>
  </ViewCriteria>
  <ViewKey
    Name="OrderId_ProductId_AltKey">
    <AttrArray Name="EntityKeys">
      <Item Value="OrderId_ProductId_AltKey"/>
      <Item Value=""/>
      <Item Value=""/>
      <Item Value=""/>
      <Item Value=""/>
    </AttrArray>
  </ViewKey>
  <ClientInterface>
    <Method
      Name="setQuantityForCurrentRow">
      <Return
        Type="void"/>
      <Parameter
        Name="newQuantity"
        Type="java.lang.Integer"/>
    </Method>
    <Method
      Name="deleteCurrentItem">
      <Return
        Type="void"/>
    </Method>
    <Method
      Name="showOrderItemsForOrderId">
      <Return
        Type="void"/>
      <Parameter
        Name="orderId"
        Type="java.lang.Long"/>
    </Method>
  </ClientInterface>
  <ResourceBundle>
    <PropertiesBundle
      PropertiesFile="oracle.fodemo.storefront.store.queries.common.OrderItemsVOMsgBundle"/>
  </ResourceBundle>
</ViewObject>
