<?xml version="1.0" encoding="windows-1252" ?>
<!DOCTYPE ViewObject SYSTEM "jbo_03_01.dtd">
<!---->
<ViewObject
  xmlns="http://xmlns.oracle.com/bc4j"
  Name="ProductCategoriesVO"
  SelectList="ProductCategoryBaseEO.CATEGORY_ID, 
       ProductCategoryBaseEO.PARENT_CATEGORY_ID, 
       ProductCategoryBaseEO.CATEGORY_LOCKED_FLAG, 
       ProductCategoryBaseEO.REPRESENTATIVE_PRODUCT_ID, 
       CategoryTranslationEO.CATEGORY_ID AS CATEGORY_ID1, 
       CategoryTranslationEO.CATEGORY_NAME, 
       CategoryTranslationEO.CATEGORY_DESCRIPTION, 
       CategoryTranslationEO.LANGUAGE"
  FromList="PRODUCT_CATEGORIES_BASE ProductCategoryBaseEO, CATEGORY_TRANSLATIONS CategoryTranslationEO"
  Where="ProductCategoryBaseEO.CATEGORY_ID =  CategoryTranslationEO.CATEGORY_ID AND CategoryTranslationEO.LANGUAGE = SYS_CONTEXT('userenv','LANG')"
  OrderBy="CATEGORY_NAME"
  BindingStyle="OracleName"
  CustomQuery="false"
  PageIterMode="Full"
  UseGlueCode="false"
  Version="11.1.1.51.47"
  FetchMode="FETCH_AS_NEEDED"
  FetchSize="26">
  <DesignTime>
    <Attr Name="_codeGenFlag2" Value="Access|VarAccess"/>
  </DesignTime>
  <EntityUsage
    Name="ProductCategoryBaseEO"
    Entity="oracle.fodemo.storefront.entities.ProductCategoryBaseEO"
    JoinType="INNER JOIN"/>
  <EntityUsage
    Name="CategoryTranslationEO"
    Entity="oracle.fodemo.storefront.entities.CategoryTranslationEO"
    SourceUsage="oracle.fodemo.storefront.store.queries.ProductCategoriesVO.ProductCategoryBaseEO"
    ReadOnly="true"
    Reference="true"
    DeleteParticipant="false"
    JoinType="INNER JOIN"/>
  <ViewAttribute
    Name="CategoryId"
    IsNotNull="true"
    PrecisionRule="true"
    EntityAttrName="CategoryId"
    EntityUsage="ProductCategoryBaseEO"
    AliasName="CATEGORY_ID"/>
  <ViewAttribute
    Name="ParentCategoryId"
    PrecisionRule="true"
    EntityAttrName="ParentCategoryId"
    EntityUsage="ProductCategoryBaseEO"
    AliasName="PARENT_CATEGORY_ID"/>
  <ViewAttribute
    Name="CategoryLockedFlag"
    IsNotNull="true"
    PrecisionRule="true"
    EntityAttrName="CategoryLockedFlag"
    EntityUsage="ProductCategoryBaseEO"
    AliasName="CATEGORY_LOCKED_FLAG"/>
  <ViewAttribute
    Name="RepresentativeProductId"
    PrecisionRule="true"
    EntityAttrName="RepresentativeProductId"
    EntityUsage="ProductCategoryBaseEO"
    AliasName="REPRESENTATIVE_PRODUCT_ID"/>
  <ViewAttribute
    Name="CategoryId1"
    IsNotNull="true"
    PrecisionRule="true"
    EntityAttrName="CategoryId"
    EntityUsage="CategoryTranslationEO"
    AliasName="CATEGORY_ID1"/>
  <ViewAttribute
    Name="CategoryName"
    IsNotNull="true"
    PrecisionRule="true"
    EntityAttrName="CategoryName"
    EntityUsage="CategoryTranslationEO"
    AliasName="CATEGORY_NAME"/>
  <ViewAttribute
    Name="CategoryDescription"
    PrecisionRule="true"
    EntityAttrName="CategoryDescription"
    EntityUsage="CategoryTranslationEO"
    AliasName="CATEGORY_DESCRIPTION"/>
  <ViewAttribute
    Name="Language"
    IsNotNull="true"
    PrecisionRule="true"
    EntityAttrName="Language"
    EntityUsage="CategoryTranslationEO"
    AliasName="LANGUAGE"/>
  <ViewCriteria
    Name="ParentProductCategoriesCriteria"
    ViewObjectName="oracle.fodemo.storefront.store.queries.ProductCategoriesVO"
    Conjunction="AND">
    <Properties>
      <CustomProperties>
        <Property
          Name="autoExecute"
          Value="false"/>
        <Property
          Name="showInList"
          Value="true"/>
        <Property
          Name="mode"
          Value="Basic"/>
      </CustomProperties>
    </Properties>
    <ViewCriteriaRow
      Name="vcrow21">
      <ViewCriteriaItem
        Name="ParentCategoryId"
        ViewAttribute="ParentCategoryId"
        Operator="ISBLANK"
        Conjunction="AND"
        Value="null"
        Required="Required"/>
    </ViewCriteriaRow>
  </ViewCriteria>
  <ViewLinkAccessor
    Name="ProductCategoriesVO"
    ViewLink="oracle.fodemo.storefront.store.queries.links.ParentProductCategoriesToProductCategories"
    Type="oracle.jbo.RowIterator"
    IsUpdateable="false"/>
  <ViewLinkAccessor
    Name="ParentCategoryIdProductCategoriesVO"
    ViewLink="oracle.fodemo.storefront.store.queries.links.ParentProductCategoriesToProductCategories"
    Type="oracle.jbo.Row"
    Reversed="true"
    IsUpdateable="false"/>
</ViewObject>
