<?xml version="1.0" encoding="windows-1252" ?>
<!DOCTYPE ViewObject SYSTEM "jbo_03_01.dtd">
<!---->
<ViewObject
  xmlns="http://xmlns.oracle.com/bc4j"
  Name="ShoppingCartTransientVO"
  BindingStyle="OracleName"
  CustomQuery="true"
  ComponentClass="oracle.fodemo.storefront.store.queries.ShoppingCartTransientVOImpl"
  PageIterMode="Full"
  UseGlueCode="false"
  FetchMode="FETCH_ALL"
  RowClass="oracle.fodemo.storefront.store.queries.ShoppingCartTransientVORowImpl"
  Version="11.1.1.51.47"
  xmlns:validation="http://xmlns.oracle.com/adfm/validation">
  <DesignTime>
    <Attr Name="_codeGenFlag2" Value="Access|Coll|Prog|VarAccess"/>
    <Attr Name="_isCodegen" Value="true"/>
  </DesignTime>
   <Properties >
      <CustomProperties>
      <Property
        Name="Recalc_LineItemTotal"
        Value="LineItemsSubTotal"/>
    </CustomProperties>
   </Properties>
  <ViewAttribute
    Name="ProductId"
    IsPersistent="false"
    PrecisionRule="true"
    Type="oracle.jbo.domain.Number"
    ColumnType="$none$"
    AliasName="PRODUCTID"
    SQLType="VARCHAR"
    Passivate="true">
    <Properties>
      <SchemaBasedProperties>
        <LABEL
          ResId="ProductId_LABEL"/>
      </SchemaBasedProperties>
    </Properties>
  </ViewAttribute>
  <ViewAttribute
    Name="ListPrice"
    IsSelected="false"
    IsPersistent="false"
    PrecisionRule="true"
    Type="oracle.jbo.domain.Number"
    ColumnType="NUMBER"
    AliasName="VIEW_ATTR"
    SQLType="NUMERIC"
    Passivate="true">
    <Properties>
      <SchemaBasedProperties>
        <LABEL
          ResId="ListPrice_LABEL"/>
      </SchemaBasedProperties>
    </Properties>
  </ViewAttribute>
  <ViewAttribute
    Name="Description"
    IsSelected="false"
    IsPersistent="false"
    PrecisionRule="true"
    Type="java.lang.String"
    ColumnType="$none$"
    AliasName="DESCRIPTION"
    SQLType="VARCHAR"
    Passivate="true">
    <Properties>
      <SchemaBasedProperties>
        <LABEL
          ResId="Description_LABEL"/>
      </SchemaBasedProperties>
    </Properties>
  </ViewAttribute>
  <ViewAttribute
    Name="AdditionalInformation"
    IsSelected="false"
    IsPersistent="false"
    PrecisionRule="true"
    Type="java.lang.String"
    ColumnType="$none$"
    AliasName="ADDITIONALINFORMATION"
    SQLType="VARCHAR"
    Passivate="true">
    <Properties>
      <SchemaBasedProperties>
        <LABEL
          ResId="AdditionalInformation_LABEL"/>
      </SchemaBasedProperties>
    </Properties>
  </ViewAttribute>
  <ViewAttribute
    Name="Quantity"
    IsSelected="false"
    IsPersistent="false"
    PrecisionRule="true"
    Type="java.lang.Integer"
    ColumnType="INTEGER"
    AliasName="QUANTITY"
    SQLType="INTEGER"
    Passivate="true">
    <Properties>
      <SchemaBasedProperties>
        <LABEL
          ResId="Quantity_LABEL"/>
      </SchemaBasedProperties>
    </Properties>
    <validation:RangeValidationBean
      Name="Quantity_Rule_0"
      ResId="Quantity_Validator_Error"
      OnAttribute="Quantity"
      OperandType="LITERAL"
      Inverse="false"
      MinValue="0"
      MaxValue="1000"/>
  </ViewAttribute>
  <ViewAttribute
    Name="CategoryName"
    IsPersistent="false"
    PrecisionRule="true"
    Type="java.lang.String"
    ColumnType="VARCHAR2"
    AliasName="VIEW_ATTR"
    SQLType="VARCHAR"
    Passivate="true">
    <Properties>
      <SchemaBasedProperties>
        <LABEL
          ResId="CategoryName_LABEL"/>
      </SchemaBasedProperties>
    </Properties>
  </ViewAttribute>
  <ViewAttribute
    Name="ShippingCost"
    IsPersistent="false"
    PrecisionRule="true"
    Type="oracle.jbo.domain.Number"
    ColumnType="NUMBER"
    AliasName="VIEW_ATTR"
    SQLType="NUMERIC"
    Passivate="true">
    <Properties>
      <SchemaBasedProperties>
        <LABEL
          ResId="ShippingCost_LABEL"/>
      </SchemaBasedProperties>
    </Properties>
  </ViewAttribute>
  <ViewAttribute
    Name="ProductName"
    IsPersistent="false"
    PrecisionRule="true"
    Type="java.lang.String"
    ColumnType="VARCHAR2"
    AliasName="VIEW_ATTR"
    SQLType="VARCHAR"
    Passivate="true">
    <Properties>
      <SchemaBasedProperties>
        <LABEL
          ResId="ProductName_LABEL"/>
      </SchemaBasedProperties>
    </Properties>
  </ViewAttribute>
  <ViewAttribute
    Name="LineItemTotal"
    IsPersistent="false"
    PrecisionRule="true"
    Type="oracle.jbo.domain.Number"
    ColumnType="$none$"
    AliasName="LINEITEMTOTAL"
    SQLType="VARCHAR">
    <RecalcCondition>
      <![CDATA[true]]>
    </RecalcCondition>
    <TransientExpression>
      <![CDATA[ListPrice*Quantity]]>
    </TransientExpression>
    <Properties>
      <SchemaBasedProperties>
        <LABEL
          ResId="LineItemTotal_LABEL"/>
      </SchemaBasedProperties>
    </Properties>
  </ViewAttribute>
  <ViewAttribute
    Name="LineItemsSubtotal"
    IsPersistent="false"
    PrecisionRule="true"
    Type="oracle.jbo.domain.Number"
    ColumnType="$none$"
    AliasName="LINEITEMSSUBTOTAL"
    SQLType="VARCHAR"
    IsSelected="false"
    DefaultValue="0">
    <Properties>
      <SchemaBasedProperties>
        <FMT_FORMATTER
          ResId="LineItemsSubtotal_FMT_FORMATTER"/>
        <FMT_FORMAT
          ResId="LineItemsSubtotal_FMT_FORMAT"/>
        <LABEL
          ResId="LineItemsSubtotal_LABEL"/>
      </SchemaBasedProperties>
    </Properties>
  </ViewAttribute>
  <AttrArray Name="KeyAttributes">
    <Item Value="ProductId"/>
  </AttrArray>
  <ResourceBundle>
    <PropertiesBundle
      PropertiesFile="oracle.fodemo.storefront.store.queries.common.ShoppingCartTransientVOMsgBundle"/>
  </ResourceBundle>
</ViewObject>
