<?xml version="1.0" encoding="windows-1252" ?>
<!DOCTYPE ViewObject SYSTEM "jbo_03_01.dtd">
<!---->
<ViewObject
  xmlns="http://xmlns.oracle.com/bc4j"
  Name="WarehouseStockLevelsVO"
  SelectList="WarehouseStockLevelEO.PRODUCT_ID, 
       WarehouseStockLevelEO.WAREHOUSE_ID, 
       WarehouseStockLevelEO.QUANTITY_ON_HAND, 
       WarehouseEO.WAREHOUSE_ID AS WAREHOUSE_ID1, 
       WarehouseEO.ADDRESS_ID, 
       WarehouseEO.WAREHOUSE_NAME, 
       AddressEO.ADDRESS_ID AS ADDRESS_ID1, 
       AddressEO.ADDRESS1, 
       AddressEO.ADDRESS2, 
       AddressEO.CITY, 
       AddressEO.POSTAL_CODE, 
       AddressEO.STATE_PROVINCE, 
       AddressEO.COUNTRY_ID, 
       AddressEO.LONGITUDE, 
       AddressEO.LATITUDE, 
       ProductBaseEO.PRODUCT_ID AS PRODUCT_ID1, 
       ProductBaseEO.SUPPLIER_ID, 
       ProductBaseEO.CATEGORY_ID, 
       ProductBaseEO.PRODUCT_NAME, 
       ProductBaseEO.COST_PRICE, 
       ProductBaseEO.LIST_PRICE, 
       ProductBaseEO.MIN_PRICE, 
       ProductBaseEO.WARRANTY_PERIOD_MONTHS, 
       ProductBaseEO.SHIPPING_CLASS_CODE"
  FromList="WAREHOUSE_STOCK_LEVELS WarehouseStockLevelEO, WAREHOUSES WarehouseEO, ADDRESSES AddressEO, PRODUCTS_BASE ProductBaseEO"
  Where="WarehouseStockLevelEO.WAREHOUSE_ID = WarehouseEO.WAREHOUSE_ID AND WarehouseStockLevelEO.PRODUCT_ID = ProductBaseEO.PRODUCT_ID AND AddressEO.ADDRESS_ID = WarehouseEO.ADDRESS_ID"
  BindingStyle="OracleName"
  CustomQuery="false"
  PageIterMode="Full"
  UseGlueCode="false">
  <DesignTime>
    <Attr Name="_codeGenFlag2" Value="Access|VarAccess"/>
    <Attr Name="_version" Value="11.1.1.45.12"/>
  </DesignTime>
  <EntityUsage
    Name="WarehouseStockLevelEO"
    Entity="oracle.fodemo.storefront.entities.WarehouseStockLevelEO"
    ReadOnly="false"
    Reference="false"
    DeleteParticipant="true"
    EntireObjectTable="false"
    JoinType="INNER JOIN">
    <DesignTime>
      <Attr Name="_queryWhere"
        Value="WarehouseStockLevelEO.WAREHOUSE_ID = WarehouseEO.WAREHOUSE_ID AND WarehouseStockLevelEO.PRODUCT_ID = ProductBaseEO.PRODUCT_ID AND AddressEO.ADDRESS_ID = WarehouseEO.ADDRESS_ID"/>
      <Attr Name="_queryClause" Value="true"/>
    </DesignTime>
  </EntityUsage>
  <EntityUsage
    Name="WarehouseEO"
    Entity="oracle.fodemo.storefront.entities.WarehouseEO"
    SourceUsage="oracle.fodemo.storefront.store.queries.WarehouseStockLevelsVO.WarehouseStockLevelEO"
    ReadOnly="true"
    Reference="true"
    DeleteParticipant="false"
    EntireObjectTable="false"
    JoinType="INNER JOIN">
    <DesignTime>
      <Attr Name="_queryClause" Value="false"/>
    </DesignTime>
  </EntityUsage>
  <EntityUsage
    Name="AddressEO"
    Entity="oracle.fodemo.storefront.entities.AddressEO"
    SourceUsage="oracle.fodemo.storefront.store.queries.WarehouseStockLevelsVO.WarehouseEO"
    ReadOnly="true"
    Reference="true"
    DeleteParticipant="false"
    EntireObjectTable="false"
    JoinType="INNER JOIN">
    <DesignTime>
      <Attr Name="_queryClause" Value="false"/>
    </DesignTime>
  </EntityUsage>
  <EntityUsage
    Name="ProductBaseEO"
    Entity="oracle.fodemo.storefront.entities.ProductBaseEO"
    SourceUsage="oracle.fodemo.storefront.store.queries.WarehouseStockLevelsVO.AddressEO"
    ReadOnly="true"
    Reference="true"
    DeleteParticipant="false"
    EntireObjectTable="false"
    JoinType="INNER JOIN">
    <DesignTime>
      <Attr Name="_queryClause" Value="false"/>
    </DesignTime>
  </EntityUsage>
  <ViewAttribute
    Name="ProductId"
    IsUpdateable="true"
    IsNotNull="true"
    PrecisionRule="true"
    EntityAttrName="ProductId"
    EntityUsage="WarehouseStockLevelEO"
    AliasName="PRODUCT_ID"/>
  <ViewAttribute
    Name="WarehouseId"
    IsUpdateable="true"
    IsNotNull="true"
    PrecisionRule="true"
    EntityAttrName="WarehouseId"
    EntityUsage="WarehouseStockLevelEO"
    AliasName="WAREHOUSE_ID"/>
  <ViewAttribute
    Name="QuantityOnHand"
    IsUpdateable="true"
    IsNotNull="true"
    PrecisionRule="true"
    EntityAttrName="QuantityOnHand"
    EntityUsage="WarehouseStockLevelEO"
    AliasName="QUANTITY_ON_HAND"/>
  <ViewAttribute
    Name="WarehouseId1"
    IsUpdateable="true"
    IsNotNull="true"
    PrecisionRule="true"
    EntityAttrName="WarehouseId"
    EntityUsage="WarehouseEO"
    AliasName="WAREHOUSE_ID1"/>
  <ViewAttribute
    Name="AddressId"
    IsUpdateable="true"
    IsNotNull="true"
    PrecisionRule="true"
    EntityAttrName="AddressId"
    EntityUsage="WarehouseEO"
    AliasName="ADDRESS_ID"/>
  <ViewAttribute
    Name="WarehouseName"
    IsUpdateable="true"
    IsNotNull="true"
    PrecisionRule="true"
    EntityAttrName="WarehouseName"
    EntityUsage="WarehouseEO"
    AliasName="WAREHOUSE_NAME"/>
  <ViewAttribute
    Name="AddressId1"
    IsUpdateable="while_insert"
    PrecisionRule="true"
    EntityAttrName="AddressId"
    EntityUsage="AddressEO"
    AliasName="ADDRESS_ID1">
    <TransientExpression>
      <![CDATA[0]]>
    </TransientExpression>
  </ViewAttribute>
  <ViewAttribute
    Name="Address1"
    IsUpdateable="true"
    IsNotNull="true"
    PrecisionRule="true"
    EntityAttrName="Address1"
    EntityUsage="AddressEO"
    AliasName="ADDRESS1"/>
  <ViewAttribute
    Name="Address2"
    IsUpdateable="true"
    PrecisionRule="true"
    EntityAttrName="Address2"
    EntityUsage="AddressEO"
    AliasName="ADDRESS2"/>
  <ViewAttribute
    Name="City"
    IsUpdateable="true"
    IsNotNull="true"
    PrecisionRule="true"
    EntityAttrName="City"
    EntityUsage="AddressEO"
    AliasName="CITY"/>
  <ViewAttribute
    Name="PostalCode"
    IsUpdateable="true"
    PrecisionRule="true"
    EntityAttrName="PostalCode"
    EntityUsage="AddressEO"
    AliasName="POSTAL_CODE"/>
  <ViewAttribute
    Name="StateProvince"
    IsUpdateable="true"
    IsNotNull="true"
    PrecisionRule="true"
    EntityAttrName="StateProvince"
    EntityUsage="AddressEO"
    AliasName="STATE_PROVINCE"/>
  <ViewAttribute
    Name="CountryId"
    IsUpdateable="true"
    IsNotNull="true"
    PrecisionRule="true"
    EntityAttrName="CountryId"
    EntityUsage="AddressEO"
    AliasName="COUNTRY_ID"/>
  <ViewAttribute
    Name="Longitude"
    IsUpdateable="true"
    PrecisionRule="true"
    EntityAttrName="Longitude"
    EntityUsage="AddressEO"
    AliasName="LONGITUDE"/>
  <ViewAttribute
    Name="Latitude"
    IsUpdateable="true"
    PrecisionRule="true"
    EntityAttrName="Latitude"
    EntityUsage="AddressEO"
    AliasName="LATITUDE"/>
  <ViewAttribute
    Name="ProductId1"
    IsUpdateable="true"
    IsNotNull="true"
    PrecisionRule="true"
    EntityAttrName="ProductId"
    EntityUsage="ProductBaseEO"
    AliasName="PRODUCT_ID1"/>
  <ViewAttribute
    Name="SupplierId"
    IsUpdateable="true"
    IsNotNull="true"
    PrecisionRule="true"
    EntityAttrName="SupplierId"
    EntityUsage="ProductBaseEO"
    AliasName="SUPPLIER_ID"/>
  <ViewAttribute
    Name="CategoryId"
    IsUpdateable="true"
    IsNotNull="true"
    PrecisionRule="true"
    EntityAttrName="CategoryId"
    EntityUsage="ProductBaseEO"
    AliasName="CATEGORY_ID"/>
  <ViewAttribute
    Name="ProductName"
    IsUpdateable="true"
    PrecisionRule="true"
    EntityAttrName="ProductName"
    EntityUsage="ProductBaseEO"
    AliasName="PRODUCT_NAME"/>
  <ViewAttribute
    Name="CostPrice"
    IsUpdateable="true"
    PrecisionRule="true"
    EntityAttrName="CostPrice"
    EntityUsage="ProductBaseEO"
    AliasName="COST_PRICE"/>
  <ViewAttribute
    Name="ListPrice"
    IsUpdateable="true"
    IsNotNull="true"
    PrecisionRule="true"
    EntityAttrName="ListPrice"
    EntityUsage="ProductBaseEO"
    AliasName="LIST_PRICE"/>
  <ViewAttribute
    Name="MinPrice"
    IsUpdateable="true"
    IsNotNull="true"
    PrecisionRule="true"
    EntityAttrName="MinPrice"
    EntityUsage="ProductBaseEO"
    AliasName="MIN_PRICE"/>
  <ViewAttribute
    Name="WarrantyPeriodMonths"
    IsUpdateable="true"
    PrecisionRule="true"
    EntityAttrName="WarrantyPeriodMonths"
    EntityUsage="ProductBaseEO"
    AliasName="WARRANTY_PERIOD_MONTHS"/>
  <ViewAttribute
    Name="ShippingClassCode"
    IsUpdateable="true"
    IsNotNull="true"
    PrecisionRule="true"
    EntityAttrName="ShippingClassCode"
    EntityUsage="ProductBaseEO"
    AliasName="SHIPPING_CLASS_CODE"/>
</ViewObject>
