<?xml version="1.0" encoding="windows-1252" ?>
<!DOCTYPE Entity SYSTEM "jbo_03_01.dtd">
<!---->
<Entity
  xmlns="http://xmlns.oracle.com/bc4j"
  Name="CategoryTranslationEO"
  DBObjectType="table"
  DBObjectName="CATEGORY_TRANSLATIONS"
  AliasName="CategoryTranslationEO"
  BindingStyle="OracleName"
  UseGlueCode="false"
  Version="11.1.1.48.80">
  <DesignTime>
    <AttrArray Name="_publishEvents"/>
    <Attr Name="_codeGenFlag2" Value="Access"/>
  </DesignTime>
  <Attribute
    Name="CategoryName"
    IsNotNull="true"
    Precision="50"
    ColumnName="CATEGORY_NAME"
    Type="java.lang.String"
    ColumnType="VARCHAR2"
    SQLType="VARCHAR"
    TableName="CATEGORY_TRANSLATIONS">
    <DesignTime>
      <Attr Name="_DisplaySize" Value="50"/>
    </DesignTime>
    <Properties>
      <SchemaBasedProperties>
        <LABEL
          ResId="CategoryName_LABEL"/>
      </SchemaBasedProperties>
    </Properties>
  </Attribute>
  <Attribute
    Name="CategoryDescription"
    Precision="1000"
    ColumnName="CATEGORY_DESCRIPTION"
    Type="java.lang.String"
    ColumnType="VARCHAR2"
    SQLType="VARCHAR"
    TableName="CATEGORY_TRANSLATIONS">
    <DesignTime>
      <Attr Name="_DisplaySize" Value="1000"/>
    </DesignTime>
    <Properties>
      <SchemaBasedProperties>
        <LABEL
          ResId="CategoryDescription_LABEL"/>
      </SchemaBasedProperties>
    </Properties>
  </Attribute>
  <Attribute
    Name="Language"
    IsNotNull="true"
    Precision="30"
    ColumnName="LANGUAGE"
    Type="java.lang.String"
    ColumnType="VARCHAR2"
    SQLType="VARCHAR"
    TableName="CATEGORY_TRANSLATIONS"
    PrimaryKey="true">
    <DesignTime>
      <Attr Name="_DisplaySize" Value="30"/>
    </DesignTime>
    <Properties>
      <SchemaBasedProperties>
        <LABEL
          ResId="Language_LABEL"/>
      </SchemaBasedProperties>
    </Properties>
  </Attribute>
  <Attribute
    Name="SourceLang"
    Precision="30"
    ColumnName="SOURCE_LANG"
    Type="java.lang.String"
    ColumnType="VARCHAR2"
    SQLType="VARCHAR"
    TableName="CATEGORY_TRANSLATIONS">
    <DesignTime>
      <Attr Name="_DisplaySize" Value="30"/>
    </DesignTime>
    <Properties>
      <SchemaBasedProperties>
        <LABEL
          ResId="SourceLang_LABEL"/>
      </SchemaBasedProperties>
    </Properties>
  </Attribute>
  <Attribute
    Name="CategoryId"
    IsNotNull="true"
    Precision="15"
    Scale="0"
    ColumnName="CATEGORY_ID"
    Type="oracle.jbo.domain.Number"
    ColumnType="NUMBER"
    SQLType="NUMERIC"
    TableName="CATEGORY_TRANSLATIONS"
    PrimaryKey="true">
    <DesignTime>
      <Attr Name="_DisplaySize" Value="22"/>
    </DesignTime>
    <Properties>
      <SchemaBasedProperties>
        <LABEL
          ResId="CategoryId_LABEL"/>
      </SchemaBasedProperties>
    </Properties>
  </Attribute>
  <Attribute
    Name="CreatedBy"
    IsUpdateable="while_insert"
    IsNotNull="true"
    DefaultValue="FOD"
    Precision="60"
    ColumnName="CREATED_BY"
    Type="java.lang.String"
    ColumnType="VARCHAR2"
    SQLType="VARCHAR"
    TableName="CATEGORY_TRANSLATIONS">
    <DesignTime>
      <Attr Name="_DisplaySize" Value="60"/>
    </DesignTime>
  </Attribute>
  <Attribute
    Name="CreationDate"
    IsUpdateable="while_insert"
    IsNotNull="true"
    ColumnName="CREATION_DATE"
    Type="oracle.jbo.domain.Date"
    ColumnType="DATE"
    SQLType="DATE"
    TableName="CATEGORY_TRANSLATIONS"
    HistoryColumn="DateHistory">
    <DesignTime>
      <Attr Name="_DisplaySize" Value="7"/>
    </DesignTime>
  </Attribute>
  <Attribute
    Name="LastUpdatedBy"
    IsNotNull="true"
    DefaultValue="FOD"
    Precision="60"
    ColumnName="LAST_UPDATED_BY"
    Type="java.lang.String"
    ColumnType="VARCHAR2"
    SQLType="VARCHAR"
    TableName="CATEGORY_TRANSLATIONS">
    <DesignTime>
      <Attr Name="_DisplaySize" Value="60"/>
    </DesignTime>
  </Attribute>
  <Attribute
    Name="LastUpdateDate"
    IsNotNull="true"
    ColumnName="LAST_UPDATE_DATE"
    Type="oracle.jbo.domain.Date"
    ColumnType="DATE"
    SQLType="DATE"
    TableName="CATEGORY_TRANSLATIONS"
    HistoryColumn="DateHistory">
    <DesignTime>
      <Attr Name="_DisplaySize" Value="7"/>
    </DesignTime>
  </Attribute>
  <Attribute
    Name="ObjectVersionId"
    IsNotNull="true"
    Precision="15"
    Scale="0"
    ColumnName="OBJECT_VERSION_ID"
    Type="oracle.jbo.domain.Number"
    ColumnType="NUMBER"
    SQLType="NUMERIC"
    TableName="CATEGORY_TRANSLATIONS"
    ChangeIndicator="true"
    HistoryColumn="VersionHistory">
    <DesignTime>
      <Attr Name="_DisplaySize" Value="22"/>
    </DesignTime>
  </Attribute>
  <AccessorAttribute
    Name="ProductCategoryBase"
    Association="oracle.fodemo.storefront.entities.associations.CategoryTranslationsFkAssoc"
    AssociationEnd="oracle.fodemo.storefront.entities.associations.CategoryTranslationsFkAssoc.ProductCategoryBase"
    AssociationOtherEnd="oracle.fodemo.storefront.entities.associations.CategoryTranslationsFkAssoc.CategoryTranslation"
    Type="oracle.jbo.server.EntityImpl"
    IsUpdateable="true"/>
  <AccessorAttribute
    Name="CustomerInterestEO"
    Association="oracle.fodemo.storefront.entities.associations.CategoryTranslationToCustomerInterests"
    AssociationEnd="oracle.fodemo.storefront.entities.associations.CategoryTranslationToCustomerInterests.CustomerInterestEO"
    AssociationOtherEnd="oracle.fodemo.storefront.entities.associations.CategoryTranslationToCustomerInterests.CategoryTranslationEO"
    Type="oracle.jbo.RowIterator"
    IsUpdateable="false"/>
  <Key
    Name="CategoryTranslationsPk"
    PrimaryKey="true">
    <DesignTime>
      <Attr Name="_DBObjectName" Value="CATEGORY_TRANSLATIONS_PK"/>
    </DesignTime>
    <AttrArray Name="Attributes">
      <Item
        Value="oracle.fodemo.storefront.entities.CategoryTranslationEO.CategoryId"/>
      <Item
        Value="oracle.fodemo.storefront.entities.CategoryTranslationEO.Language"/>
    </AttrArray>
  </Key>
  <Key
    Name="SysC0055325">
    <DesignTime>
      <Attr Name="_DBObjectName" Value="SYS_C0055325"/>
      <Attr Name="_isCheck" Value="true"/>
      <Attr Name="_checkCondition" Value='"CATEGORY_ID" IS NOT NULL'/>
    </DesignTime>
    <AttrArray Name="Attributes">
      <Item
        Value="oracle.fodemo.storefront.entities.CategoryTranslationEO.CategoryId"/>
    </AttrArray>
  </Key>
  <Key
    Name="SysC0055326">
    <DesignTime>
      <Attr Name="_DBObjectName" Value="SYS_C0055326"/>
      <Attr Name="_isCheck" Value="true"/>
      <Attr Name="_checkCondition" Value='"CATEGORY_NAME" IS NOT NULL'/>
    </DesignTime>
    <AttrArray Name="Attributes">
      <Item
        Value="oracle.fodemo.storefront.entities.CategoryTranslationEO.CategoryName"/>
    </AttrArray>
  </Key>
  <Key
    Name="SysC0055327">
    <DesignTime>
      <Attr Name="_DBObjectName" Value="SYS_C0055327"/>
      <Attr Name="_isCheck" Value="true"/>
      <Attr Name="_checkCondition" Value='"LANGUAGE" IS NOT NULL'/>
    </DesignTime>
    <AttrArray Name="Attributes">
      <Item
        Value="oracle.fodemo.storefront.entities.CategoryTranslationEO.Language"/>
    </AttrArray>
  </Key>
  <Key
    Name="SysC0055328">
    <DesignTime>
      <Attr Name="_DBObjectName" Value="SYS_C0055328"/>
      <Attr Name="_isCheck" Value="true"/>
      <Attr Name="_checkCondition" Value='"CREATED_BY" IS NOT NULL'/>
    </DesignTime>
    <AttrArray Name="Attributes">
      <Item
        Value="oracle.fodemo.storefront.entities.CategoryTranslationEO.CreatedBy"/>
    </AttrArray>
  </Key>
  <Key
    Name="SysC0055329">
    <DesignTime>
      <Attr Name="_DBObjectName" Value="SYS_C0055329"/>
      <Attr Name="_isCheck" Value="true"/>
      <Attr Name="_checkCondition" Value='"CREATION_DATE" IS NOT NULL'/>
    </DesignTime>
    <AttrArray Name="Attributes">
      <Item
        Value="oracle.fodemo.storefront.entities.CategoryTranslationEO.CreationDate"/>
    </AttrArray>
  </Key>
  <Key
    Name="SysC0055330">
    <DesignTime>
      <Attr Name="_DBObjectName" Value="SYS_C0055330"/>
      <Attr Name="_isCheck" Value="true"/>
      <Attr Name="_checkCondition" Value='"LAST_UPDATED_BY" IS NOT NULL'/>
    </DesignTime>
    <AttrArray Name="Attributes">
      <Item
        Value="oracle.fodemo.storefront.entities.CategoryTranslationEO.LastUpdatedBy"/>
    </AttrArray>
  </Key>
  <Key
    Name="SysC0055331">
    <DesignTime>
      <Attr Name="_DBObjectName" Value="SYS_C0055331"/>
      <Attr Name="_isCheck" Value="true"/>
      <Attr Name="_checkCondition" Value='"LAST_UPDATE_DATE" IS NOT NULL'/>
    </DesignTime>
    <AttrArray Name="Attributes">
      <Item
        Value="oracle.fodemo.storefront.entities.CategoryTranslationEO.LastUpdateDate"/>
    </AttrArray>
  </Key>
  <Key
    Name="SysC0055332">
    <DesignTime>
      <Attr Name="_DBObjectName" Value="SYS_C0055332"/>
      <Attr Name="_isCheck" Value="true"/>
      <Attr Name="_checkCondition" Value='"OBJECT_VERSION_ID" IS NOT NULL'/>
    </DesignTime>
    <AttrArray Name="Attributes">
      <Item
        Value="oracle.fodemo.storefront.entities.CategoryTranslationEO.ObjectVersionId"/>
    </AttrArray>
  </Key>
  <Key
    Name="CategoryTranslationsFk">
    <DesignTime>
      <Attr Name="_DBObjectName" Value="CATEGORY_TRANSLATIONS_FK"/>
      <Attr Name="_isForeign" Value="true"/>
      <Attr Name="_referencedKey" Value="PRODUCT_TAGS_PK"/>
    </DesignTime>
    <AttrArray Name="Attributes">
      <Item
        Value="oracle.fodemo.storefront.entities.CategoryTranslationEO.CategoryId"/>
    </AttrArray>
  </Key>
  <ResourceBundle>
    <PropertiesBundle
      PropertiesFile="oracle.fodemo.storefront.entities.common.CategoryTranslationEOMsgBundle"/>
  </ResourceBundle>
</Entity>
