<?xml version="1.0" encoding="windows-1252" ?>
<!DOCTYPE Entity SYSTEM "jbo_03_01.dtd">
<!---->
<Entity
  xmlns="http://xmlns.oracle.com/bc4j"
  Name="CouponUsageEO"
  DBObjectType="table"
  DBObjectName="COUPON_USAGES"
  AliasName="CouponUsageEO"
  BindingStyle="OracleName"
  UseGlueCode="false"
  Version="11.1.1.48.80">
  <DesignTime>
    <AttrArray Name="_publishEvents"/>
    <Attr Name="_codeGenFlag2" Value="Access"/>
  </DesignTime>
  <Attribute
    Name="CustomerId"
    IsNotNull="true"
    Precision="15"
    Scale="0"
    ColumnName="CUSTOMER_ID"
    Type="oracle.jbo.domain.Number"
    ColumnType="NUMBER"
    SQLType="NUMERIC"
    TableName="COUPON_USAGES"
    PrimaryKey="true">
    <DesignTime>
      <Attr Name="_DisplaySize" Value="22"/>
    </DesignTime>
    <Properties>
      <SchemaBasedProperties>
        <LABEL
          ResId="CustomerId_LABEL"/>
      </SchemaBasedProperties>
    </Properties>
  </Attribute>
  <Attribute
    Name="DiscountId"
    IsNotNull="true"
    Precision="15"
    Scale="0"
    ColumnName="DISCOUNT_ID"
    Type="oracle.jbo.domain.Number"
    ColumnType="NUMBER"
    SQLType="NUMERIC"
    TableName="COUPON_USAGES"
    PrimaryKey="true">
    <DesignTime>
      <Attr Name="_DisplaySize" Value="22"/>
    </DesignTime>
    <Properties>
      <SchemaBasedProperties>
        <LABEL
          ResId="DiscountId_LABEL"/>
      </SchemaBasedProperties>
    </Properties>
  </Attribute>
  <Attribute
    Name="AppliedDate"
    IsNotNull="true"
    ColumnName="APPLIED_DATE"
    Type="oracle.jbo.domain.Date"
    ColumnType="DATE"
    SQLType="DATE"
    TableName="COUPON_USAGES"
    IsEffectiveEndDate="true">
    <DesignTime>
      <Attr Name="_DisplaySize" Value="7"/>
    </DesignTime>
    <Properties>
      <SchemaBasedProperties>
        <LABEL
          ResId="AppliedDate_LABEL"/>
      </SchemaBasedProperties>
    </Properties>
  </Attribute>
  <Attribute
    Name="OrderId"
    IsNotNull="true"
    Precision="15"
    Scale="0"
    ColumnName="ORDER_ID"
    Type="oracle.jbo.domain.Number"
    ColumnType="NUMBER"
    SQLType="NUMERIC"
    TableName="COUPON_USAGES">
    <DesignTime>
      <Attr Name="_DisplaySize" Value="22"/>
    </DesignTime>
    <Properties>
      <SchemaBasedProperties>
        <LABEL
          ResId="OrderId_LABEL"/>
      </SchemaBasedProperties>
    </Properties>
  </Attribute>
  <Attribute
    Name="CreatedBy"
    IsUpdateable="while_insert"
    IsNotNull="true"
    DefaultValue="FOD"
    Precision="60"
    ColumnName="CREATED_BY"
    Type="java.lang.String"
    ColumnType="VARCHAR2"
    SQLType="VARCHAR"
    TableName="COUPON_USAGES">
    <DesignTime>
      <Attr Name="_DisplaySize" Value="60"/>
    </DesignTime>
  </Attribute>
  <Attribute
    Name="CreationDate"
    IsUpdateable="while_insert"
    IsNotNull="true"
    ColumnName="CREATION_DATE"
    Type="oracle.jbo.domain.Date"
    ColumnType="DATE"
    SQLType="DATE"
    TableName="COUPON_USAGES"
    HistoryColumn="DateHistory"
    IsEffectiveStartDate="true">
    <DesignTime>
      <Attr Name="_DisplaySize" Value="7"/>
    </DesignTime>
  </Attribute>
  <Attribute
    Name="LastUpdatedBy"
    IsNotNull="true"
    DefaultValue="FOD"
    Precision="60"
    ColumnName="LAST_UPDATED_BY"
    Type="java.lang.String"
    ColumnType="VARCHAR2"
    SQLType="VARCHAR"
    TableName="COUPON_USAGES">
    <DesignTime>
      <Attr Name="_DisplaySize" Value="60"/>
    </DesignTime>
  </Attribute>
  <Attribute
    Name="LastUpdateDate"
    IsNotNull="true"
    ColumnName="LAST_UPDATE_DATE"
    Type="oracle.jbo.domain.Date"
    ColumnType="DATE"
    SQLType="DATE"
    TableName="COUPON_USAGES"
    HistoryColumn="DateHistory">
    <DesignTime>
      <Attr Name="_DisplaySize" Value="7"/>
    </DesignTime>
  </Attribute>
  <Attribute
    Name="ObjectVersionId"
    IsNotNull="true"
    Precision="15"
    Scale="0"
    ColumnName="OBJECT_VERSION_ID"
    Type="oracle.jbo.domain.Number"
    ColumnType="NUMBER"
    SQLType="NUMERIC"
    TableName="COUPON_USAGES"
    ChangeIndicator="true">
    <DesignTime>
      <Attr Name="_DisplaySize" Value="22"/>
    </DesignTime>
  </Attribute>
  <AccessorAttribute
    Name="DiscountBase"
    Association="oracle.fodemo.storefront.entities.associations.CouponUsagesDiscountsFkAssoc"
    AssociationEnd="oracle.fodemo.storefront.entities.associations.CouponUsagesDiscountsFkAssoc.DiscountBase"
    AssociationOtherEnd="oracle.fodemo.storefront.entities.associations.CouponUsagesDiscountsFkAssoc.CouponUsage"
    Type="oracle.jbo.server.EntityImpl"
    IsUpdateable="true"/>
  <AccessorAttribute
    Name="Order"
    Association="oracle.fodemo.storefront.entities.associations.CouponUsagesOrdersFkAssoc"
    AssociationEnd="oracle.fodemo.storefront.entities.associations.CouponUsagesOrdersFkAssoc.Order"
    AssociationOtherEnd="oracle.fodemo.storefront.entities.associations.CouponUsagesOrdersFkAssoc.CouponUsage"
    Type="oracle.jbo.server.EntityImpl"
    IsUpdateable="true"/>
  <AccessorAttribute
    Name="Person"
    Association="oracle.fodemo.storefront.entities.associations.CouponUsagesPersonsFkAssoc"
    AssociationEnd="oracle.fodemo.storefront.entities.associations.CouponUsagesPersonsFkAssoc.Person"
    AssociationOtherEnd="oracle.fodemo.storefront.entities.associations.CouponUsagesPersonsFkAssoc.CouponUsage"
    Type="oracle.jbo.server.EntityImpl"
    IsUpdateable="true"/>
  <Key
    Name="CouponUsagesPk"
    PrimaryKey="true">
    <DesignTime>
      <Attr Name="_DBObjectName" Value="COUPON_USAGES_PK"/>
    </DesignTime>
    <AttrArray Name="Attributes">
      <Item Value="oracle.fodemo.storefront.entities.CouponUsageEO.CustomerId"/>
      <Item Value="oracle.fodemo.storefront.entities.CouponUsageEO.DiscountId"/>
    </AttrArray>
  </Key>
  <Key
    Name="SysC0055275">
    <DesignTime>
      <Attr Name="_DBObjectName" Value="SYS_C0055275"/>
      <Attr Name="_isCheck" Value="true"/>
      <Attr Name="_checkCondition" Value='"CUSTOMER_ID" IS NOT NULL'/>
    </DesignTime>
    <AttrArray Name="Attributes">
      <Item Value="oracle.fodemo.storefront.entities.CouponUsageEO.CustomerId"/>
    </AttrArray>
  </Key>
  <Key
    Name="SysC0055276">
    <DesignTime>
      <Attr Name="_DBObjectName" Value="SYS_C0055276"/>
      <Attr Name="_isCheck" Value="true"/>
      <Attr Name="_checkCondition" Value='"DISCOUNT_ID" IS NOT NULL'/>
    </DesignTime>
    <AttrArray Name="Attributes">
      <Item Value="oracle.fodemo.storefront.entities.CouponUsageEO.DiscountId"/>
    </AttrArray>
  </Key>
  <Key
    Name="SysC0055277">
    <DesignTime>
      <Attr Name="_DBObjectName" Value="SYS_C0055277"/>
      <Attr Name="_isCheck" Value="true"/>
      <Attr Name="_checkCondition" Value='"APPLIED_DATE" IS NOT NULL'/>
    </DesignTime>
    <AttrArray Name="Attributes">
      <Item
        Value="oracle.fodemo.storefront.entities.CouponUsageEO.AppliedDate"/>
    </AttrArray>
  </Key>
  <Key
    Name="SysC0055278">
    <DesignTime>
      <Attr Name="_DBObjectName" Value="SYS_C0055278"/>
      <Attr Name="_isCheck" Value="true"/>
      <Attr Name="_checkCondition" Value='"ORDER_ID" IS NOT NULL'/>
    </DesignTime>
    <AttrArray Name="Attributes">
      <Item Value="oracle.fodemo.storefront.entities.CouponUsageEO.OrderId"/>
    </AttrArray>
  </Key>
  <Key
    Name="SysC0055279">
    <DesignTime>
      <Attr Name="_DBObjectName" Value="SYS_C0055279"/>
      <Attr Name="_isCheck" Value="true"/>
      <Attr Name="_checkCondition" Value='"CREATED_BY" IS NOT NULL'/>
    </DesignTime>
    <AttrArray Name="Attributes">
      <Item Value="oracle.fodemo.storefront.entities.CouponUsageEO.CreatedBy"/>
    </AttrArray>
  </Key>
  <Key
    Name="SysC0055280">
    <DesignTime>
      <Attr Name="_DBObjectName" Value="SYS_C0055280"/>
      <Attr Name="_isCheck" Value="true"/>
      <Attr Name="_checkCondition" Value='"CREATION_DATE" IS NOT NULL'/>
    </DesignTime>
    <AttrArray Name="Attributes">
      <Item
        Value="oracle.fodemo.storefront.entities.CouponUsageEO.CreationDate"/>
    </AttrArray>
  </Key>
  <Key
    Name="SysC0055281">
    <DesignTime>
      <Attr Name="_DBObjectName" Value="SYS_C0055281"/>
      <Attr Name="_isCheck" Value="true"/>
      <Attr Name="_checkCondition" Value='"LAST_UPDATED_BY" IS NOT NULL'/>
    </DesignTime>
    <AttrArray Name="Attributes">
      <Item
        Value="oracle.fodemo.storefront.entities.CouponUsageEO.LastUpdatedBy"/>
    </AttrArray>
  </Key>
  <Key
    Name="SysC0055282">
    <DesignTime>
      <Attr Name="_DBObjectName" Value="SYS_C0055282"/>
      <Attr Name="_isCheck" Value="true"/>
      <Attr Name="_checkCondition" Value='"LAST_UPDATE_DATE" IS NOT NULL'/>
    </DesignTime>
    <AttrArray Name="Attributes">
      <Item
        Value="oracle.fodemo.storefront.entities.CouponUsageEO.LastUpdateDate"/>
    </AttrArray>
  </Key>
  <Key
    Name="SysC0055283">
    <DesignTime>
      <Attr Name="_DBObjectName" Value="SYS_C0055283"/>
      <Attr Name="_isCheck" Value="true"/>
      <Attr Name="_checkCondition" Value='"OBJECT_VERSION_ID" IS NOT NULL'/>
    </DesignTime>
    <AttrArray Name="Attributes">
      <Item
        Value="oracle.fodemo.storefront.entities.CouponUsageEO.ObjectVersionId"/>
    </AttrArray>
  </Key>
  <Key
    Name="CouponUsagesDiscountsFk">
    <DesignTime>
      <Attr Name="_DBObjectName" Value="COUPON_USAGES_DISCOUNTS_FK"/>
      <Attr Name="_isForeign" Value="true"/>
      <Attr Name="_referencedKey" Value="DISCOUNTS_PK"/>
    </DesignTime>
    <AttrArray Name="Attributes">
      <Item Value="oracle.fodemo.storefront.entities.CouponUsageEO.DiscountId"/>
    </AttrArray>
  </Key>
  <Key
    Name="CouponUsagesOrdersFk">
    <DesignTime>
      <Attr Name="_DBObjectName" Value="COUPON_USAGES_ORDERS_FK"/>
      <Attr Name="_isForeign" Value="true"/>
      <Attr Name="_referencedKey" Value="ORDERS_PK"/>
    </DesignTime>
    <AttrArray Name="Attributes">
      <Item Value="oracle.fodemo.storefront.entities.CouponUsageEO.OrderId"/>
    </AttrArray>
  </Key>
  <Key
    Name="CouponUsagesPersonsFk">
    <DesignTime>
      <Attr Name="_DBObjectName" Value="COUPON_USAGES_PERSONS_FK"/>
      <Attr Name="_isForeign" Value="true"/>
      <Attr Name="_referencedKey" Value="PERSONS_PK"/>
    </DesignTime>
    <AttrArray Name="Attributes">
      <Item Value="oracle.fodemo.storefront.entities.CouponUsageEO.CustomerId"/>
    </AttrArray>
  </Key>
  <ResourceBundle>
    <PropertiesBundle
      PropertiesFile="oracle.fodemo.storefront.entities.common.CouponUsageEOMsgBundle"/>
  </ResourceBundle>
</Entity>
