<?xml version="1.0" encoding="windows-1252" ?>
<!DOCTYPE Entity SYSTEM "jbo_03_01.dtd">
<!---->
<Entity
  xmlns="http://xmlns.oracle.com/bc4j"
  Name="CustomerIdentificationEO"
  DBObjectType="table"
  DBObjectName="CUSTOMER_IDENTIFICATIONS"
  AliasName="CustomerIdentificationEO"
  BindingStyle="OracleName"
  UseGlueCode="false"
  Version="11.1.1.48.80">
  <DesignTime>
    <AttrArray Name="_publishEvents"/>
    <Attr Name="_codeGenFlag2" Value="Access"/>
  </DesignTime>
  <Attribute
    Name="CustomerId"
    IsNotNull="true"
    Precision="15"
    Scale="0"
    ColumnName="CUSTOMER_ID"
    Type="oracle.jbo.domain.Number"
    ColumnType="NUMBER"
    SQLType="NUMERIC"
    TableName="CUSTOMER_IDENTIFICATIONS"
    PrimaryKey="true">
    <DesignTime>
      <Attr Name="_DisplaySize" Value="22"/>
    </DesignTime>
    <Properties>
      <SchemaBasedProperties>
        <LABEL
          ResId="CustomerId_LABEL"/>
      </SchemaBasedProperties>
    </Properties>
  </Attribute>
  <Attribute
    Name="IdTypeCode"
    IsNotNull="true"
    Precision="30"
    ColumnName="ID_TYPE_CODE"
    Type="java.lang.String"
    ColumnType="VARCHAR2"
    SQLType="VARCHAR"
    TableName="CUSTOMER_IDENTIFICATIONS">
    <DesignTime>
      <Attr Name="_DisplaySize" Value="30"/>
    </DesignTime>
    <Properties>
      <SchemaBasedProperties>
        <LABEL
          ResId="IdTypeCode_LABEL"/>
      </SchemaBasedProperties>
    </Properties>
  </Attribute>
  <Attribute
    Name="IdDetail"
    IsNotNull="true"
    Precision="20"
    ColumnName="ID_DETAIL"
    Type="java.lang.String"
    ColumnType="VARCHAR2"
    SQLType="VARCHAR"
    TableName="CUSTOMER_IDENTIFICATIONS">
    <DesignTime>
      <Attr Name="_DisplaySize" Value="20"/>
    </DesignTime>
    <Properties>
      <SchemaBasedProperties>
        <LABEL
          ResId="IdDetail_LABEL"/>
      </SchemaBasedProperties>
    </Properties>
  </Attribute>
  <Attribute
    Name="AdditionalInformation"
    Precision="1000"
    ColumnName="ADDITIONAL_INFORMATION"
    Type="java.lang.String"
    ColumnType="VARCHAR2"
    SQLType="VARCHAR"
    TableName="CUSTOMER_IDENTIFICATIONS">
    <DesignTime>
      <Attr Name="_DisplaySize" Value="1000"/>
    </DesignTime>
    <Properties>
      <SchemaBasedProperties>
        <LABEL
          ResId="AdditionalInformation_LABEL"/>
      </SchemaBasedProperties>
    </Properties>
  </Attribute>
  <Attribute
    Name="VerifiedFlag"
    IsNotNull="true"
    Precision="1"
    ColumnName="VERIFIED_FLAG"
    Type="java.lang.String"
    ColumnType="VARCHAR2"
    SQLType="VARCHAR"
    TableName="CUSTOMER_IDENTIFICATIONS">
    <DesignTime>
      <Attr Name="_DisplaySize" Value="1"/>
    </DesignTime>
    <Properties>
      <SchemaBasedProperties>
        <LABEL
          ResId="VerifiedFlag_LABEL"/>
      </SchemaBasedProperties>
    </Properties>
  </Attribute>
  <Attribute
    Name="VerifiedDate"
    ColumnName="VERIFIED_DATE"
    Type="oracle.jbo.domain.Date"
    ColumnType="DATE"
    SQLType="DATE"
    TableName="CUSTOMER_IDENTIFICATIONS">
    <DesignTime>
      <Attr Name="_DisplaySize" Value="7"/>
    </DesignTime>
    <Properties>
      <SchemaBasedProperties>
        <LABEL
          ResId="VerifiedDate_LABEL"/>
      </SchemaBasedProperties>
    </Properties>
  </Attribute>
  <Attribute
    Name="VerifiedBy"
    Precision="15"
    Scale="0"
    ColumnName="VERIFIED_BY"
    Type="oracle.jbo.domain.Number"
    ColumnType="NUMBER"
    SQLType="NUMERIC"
    TableName="CUSTOMER_IDENTIFICATIONS">
    <DesignTime>
      <Attr Name="_DisplaySize" Value="22"/>
    </DesignTime>
    <Properties>
      <SchemaBasedProperties>
        <LABEL
          ResId="VerifiedBy_LABEL"/>
      </SchemaBasedProperties>
    </Properties>
  </Attribute>
  <Attribute
    Name="VerificationMethodCode"
    Precision="30"
    ColumnName="VERIFICATION_METHOD_CODE"
    Type="java.lang.String"
    ColumnType="VARCHAR2"
    SQLType="VARCHAR"
    TableName="CUSTOMER_IDENTIFICATIONS">
    <DesignTime>
      <Attr Name="_DisplaySize" Value="30"/>
    </DesignTime>
    <Properties>
      <SchemaBasedProperties>
        <LABEL
          ResId="VerificationMethodCode_LABEL"/>
      </SchemaBasedProperties>
    </Properties>
  </Attribute>
  <Attribute
    Name="CreatedBy"
    IsUpdateable="while_insert"
    IsNotNull="true"
    DefaultValue="FOD"
    Precision="60"
    ColumnName="CREATED_BY"
    Type="java.lang.String"
    ColumnType="VARCHAR2"
    SQLType="VARCHAR"
    TableName="CUSTOMER_IDENTIFICATIONS">
    <DesignTime>
      <Attr Name="_DisplaySize" Value="60"/>
    </DesignTime>
  </Attribute>
  <Attribute
    Name="CreationDate"
    IsUpdateable="while_insert"
    IsNotNull="true"
    ColumnName="CREATION_DATE"
    Type="oracle.jbo.domain.Date"
    ColumnType="DATE"
    SQLType="DATE"
    TableName="CUSTOMER_IDENTIFICATIONS"
    HistoryColumn="DateHistory">
    <DesignTime>
      <Attr Name="_DisplaySize" Value="7"/>
    </DesignTime>
  </Attribute>
  <Attribute
    Name="LastUpdatedBy"
    IsNotNull="true"
    DefaultValue="FOD"
    Precision="60"
    ColumnName="LAST_UPDATED_BY"
    Type="java.lang.String"
    ColumnType="VARCHAR2"
    SQLType="VARCHAR"
    TableName="CUSTOMER_IDENTIFICATIONS">
    <DesignTime>
      <Attr Name="_DisplaySize" Value="60"/>
    </DesignTime>
  </Attribute>
  <Attribute
    Name="LastUpdateDate"
    IsNotNull="true"
    ColumnName="LAST_UPDATE_DATE"
    Type="oracle.jbo.domain.Date"
    ColumnType="DATE"
    SQLType="DATE"
    TableName="CUSTOMER_IDENTIFICATIONS"
    HistoryColumn="DateHistory">
    <DesignTime>
      <Attr Name="_DisplaySize" Value="7"/>
    </DesignTime>
  </Attribute>
  <Attribute
    Name="ObjectVersionId"
    IsNotNull="true"
    Precision="15"
    Scale="0"
    ColumnName="OBJECT_VERSION_ID"
    Type="oracle.jbo.domain.Number"
    ColumnType="NUMBER"
    SQLType="NUMERIC"
    TableName="CUSTOMER_IDENTIFICATIONS"
    ChangeIndicator="true"
    HistoryColumn="VersionHistory">
    <DesignTime>
      <Attr Name="_DisplaySize" Value="22"/>
    </DesignTime>
  </Attribute>
  <AccessorAttribute
    Name="Person"
    Association="oracle.fodemo.storefront.entities.associations.CustomerIdentificationsFkAssoc"
    AssociationEnd="oracle.fodemo.storefront.entities.associations.CustomerIdentificationsFkAssoc.Person"
    AssociationOtherEnd="oracle.fodemo.storefront.entities.associations.CustomerIdentificationsFkAssoc.CustomerIdentification"
    Type="oracle.jbo.server.EntityImpl"
    IsUpdateable="true"/>
  <AccessorAttribute
    Name="Person1"
    Association="oracle.fodemo.storefront.entities.associations.CustomerIdentificationsFk1Assoc"
    AssociationEnd="oracle.fodemo.storefront.entities.associations.CustomerIdentificationsFk1Assoc.Person1"
    AssociationOtherEnd="oracle.fodemo.storefront.entities.associations.CustomerIdentificationsFk1Assoc.CustomerIdentification1"
    Type="oracle.jbo.server.EntityImpl"
    IsUpdateable="true"/>
  <Key
    Name="CustomerIdVerifyChk">
    <DesignTime>
      <Attr Name="_DBObjectName" Value="CUSTOMER_ID_VERIFY_CHK"/>
      <Attr Name="_isCheck" Value="true"/>
      <Attr Name="_checkCondition" Value="VERIFIED_FLAG in ('Y','N')"/>
    </DesignTime>
    <AttrArray Name="Attributes">
      <Item
        Value="oracle.fodemo.storefront.entities.CustomerIdentificationEO.VerifiedFlag"/>
    </AttrArray>
  </Key>
  <Key
    Name="SysC0055154">
    <DesignTime>
      <Attr Name="_DBObjectName" Value="SYS_C0055154"/>
      <Attr Name="_isCheck" Value="true"/>
      <Attr Name="_checkCondition" Value='"CUSTOMER_ID" IS NOT NULL'/>
    </DesignTime>
    <AttrArray Name="Attributes">
      <Item
        Value="oracle.fodemo.storefront.entities.CustomerIdentificationEO.CustomerId"/>
    </AttrArray>
  </Key>
  <Key
    Name="SysC0055155">
    <DesignTime>
      <Attr Name="_DBObjectName" Value="SYS_C0055155"/>
      <Attr Name="_isCheck" Value="true"/>
      <Attr Name="_checkCondition" Value='"ID_TYPE_CODE" IS NOT NULL'/>
    </DesignTime>
    <AttrArray Name="Attributes">
      <Item
        Value="oracle.fodemo.storefront.entities.CustomerIdentificationEO.IdTypeCode"/>
    </AttrArray>
  </Key>
  <Key
    Name="SysC0055156">
    <DesignTime>
      <Attr Name="_DBObjectName" Value="SYS_C0055156"/>
      <Attr Name="_isCheck" Value="true"/>
      <Attr Name="_checkCondition" Value='"ID_DETAIL" IS NOT NULL'/>
    </DesignTime>
    <AttrArray Name="Attributes">
      <Item
        Value="oracle.fodemo.storefront.entities.CustomerIdentificationEO.IdDetail"/>
    </AttrArray>
  </Key>
  <Key
    Name="SysC0055157">
    <DesignTime>
      <Attr Name="_DBObjectName" Value="SYS_C0055157"/>
      <Attr Name="_isCheck" Value="true"/>
      <Attr Name="_checkCondition" Value='"VERIFIED_FLAG" IS NOT NULL'/>
    </DesignTime>
    <AttrArray Name="Attributes">
      <Item
        Value="oracle.fodemo.storefront.entities.CustomerIdentificationEO.VerifiedFlag"/>
    </AttrArray>
  </Key>
  <Key
    Name="SysC0055158">
    <DesignTime>
      <Attr Name="_DBObjectName" Value="SYS_C0055158"/>
      <Attr Name="_isCheck" Value="true"/>
      <Attr Name="_checkCondition" Value='"CREATED_BY" IS NOT NULL'/>
    </DesignTime>
    <AttrArray Name="Attributes">
      <Item
        Value="oracle.fodemo.storefront.entities.CustomerIdentificationEO.CreatedBy"/>
    </AttrArray>
  </Key>
  <Key
    Name="SysC0055159">
    <DesignTime>
      <Attr Name="_DBObjectName" Value="SYS_C0055159"/>
      <Attr Name="_isCheck" Value="true"/>
      <Attr Name="_checkCondition" Value='"CREATION_DATE" IS NOT NULL'/>
    </DesignTime>
    <AttrArray Name="Attributes">
      <Item
        Value="oracle.fodemo.storefront.entities.CustomerIdentificationEO.CreationDate"/>
    </AttrArray>
  </Key>
  <Key
    Name="SysC0055160">
    <DesignTime>
      <Attr Name="_DBObjectName" Value="SYS_C0055160"/>
      <Attr Name="_isCheck" Value="true"/>
      <Attr Name="_checkCondition" Value='"LAST_UPDATED_BY" IS NOT NULL'/>
    </DesignTime>
    <AttrArray Name="Attributes">
      <Item
        Value="oracle.fodemo.storefront.entities.CustomerIdentificationEO.LastUpdatedBy"/>
    </AttrArray>
  </Key>
  <Key
    Name="SysC0055161">
    <DesignTime>
      <Attr Name="_DBObjectName" Value="SYS_C0055161"/>
      <Attr Name="_isCheck" Value="true"/>
      <Attr Name="_checkCondition" Value='"LAST_UPDATE_DATE" IS NOT NULL'/>
    </DesignTime>
    <AttrArray Name="Attributes">
      <Item
        Value="oracle.fodemo.storefront.entities.CustomerIdentificationEO.LastUpdateDate"/>
    </AttrArray>
  </Key>
  <Key
    Name="SysC0055162">
    <DesignTime>
      <Attr Name="_DBObjectName" Value="SYS_C0055162"/>
      <Attr Name="_isCheck" Value="true"/>
      <Attr Name="_checkCondition" Value='"OBJECT_VERSION_ID" IS NOT NULL'/>
    </DesignTime>
    <AttrArray Name="Attributes">
      <Item
        Value="oracle.fodemo.storefront.entities.CustomerIdentificationEO.ObjectVersionId"/>
    </AttrArray>
  </Key>
  <Key
    Name="VerifiedIdPk"
    PrimaryKey="true">
    <DesignTime>
      <Attr Name="_DBObjectName" Value="VERIFIED_ID_PK"/>
    </DesignTime>
    <AttrArray Name="Attributes">
      <Item
        Value="oracle.fodemo.storefront.entities.CustomerIdentificationEO.CustomerId"/>
    </AttrArray>
  </Key>
  <Key
    Name="CustomerIdentificationsFk">
    <DesignTime>
      <Attr Name="_DBObjectName" Value="CUSTOMER_IDENTIFICATIONS_FK"/>
      <Attr Name="_isForeign" Value="true"/>
      <Attr Name="_referencedKey" Value="PERSONS_PK"/>
    </DesignTime>
    <AttrArray Name="Attributes">
      <Item
        Value="oracle.fodemo.storefront.entities.CustomerIdentificationEO.CustomerId"/>
    </AttrArray>
  </Key>
  <Key
    Name="CustomerIdentificationsFk1">
    <DesignTime>
      <Attr Name="_DBObjectName" Value="CUSTOMER_IDENTIFICATIONS__FK1"/>
      <Attr Name="_isForeign" Value="true"/>
      <Attr Name="_referencedKey" Value="PERSONS_PK"/>
    </DesignTime>
    <AttrArray Name="Attributes">
      <Item
        Value="oracle.fodemo.storefront.entities.CustomerIdentificationEO.VerifiedBy"/>
    </AttrArray>
  </Key>
  <ResourceBundle>
    <PropertiesBundle
      PropertiesFile="oracle.fodemo.storefront.entities.common.CustomerIdentificationEOMsgBundle"/>
  </ResourceBundle>
</Entity>
