<?xml version="1.0" encoding="windows-1252" ?>
<!DOCTYPE Entity SYSTEM "jbo_03_01.dtd">
<!---->
<Entity
  xmlns="http://xmlns.oracle.com/bc4j"
  Name="CustomerInterestEO"
  DBObjectType="table"
  DBObjectName="CUSTOMER_INTERESTS"
  AliasName="CustomerInterestEO"
  BindingStyle="OracleName"
  UseGlueCode="false"
  Version="11.1.1.48.80">
  <DesignTime>
    <AttrArray Name="_publishEvents"/>
    <Attr Name="_codeGenFlag2" Value="Access"/>
  </DesignTime>
  <Attribute
    Name="CustomerId"
    IsUnique="true"
    IsNotNull="true"
    Precision="15"
    Scale="0"
    ColumnName="CUSTOMER_ID"
    Type="oracle.jbo.domain.Number"
    ColumnType="NUMBER"
    SQLType="NUMERIC"
    TableName="CUSTOMER_INTERESTS">
    <DesignTime>
      <Attr Name="_DisplaySize" Value="22"/>
    </DesignTime>
    <Properties>
      <SchemaBasedProperties>
        <LABEL
          ResId="CustomerId_LABEL"/>
      </SchemaBasedProperties>
    </Properties>
  </Attribute>
  <Attribute
    Name="CustomerInterestsId"
    IsUpdateable="while_insert"
    DefaultValue="@0"
    Precision="15"
    Scale="0"
    ColumnName="CUSTOMER_INTERESTS_ID"
    Domain="oracle.jbo.domain.DBSequence"
    Type="oracle.jbo.domain.DBSequence"
    ColumnType="NUMBER"
    SQLType="NUMERIC"
    TableName="CUSTOMER_INTERESTS"
    PrimaryKey="true"
    RetrievedOnInsert="true">
    <DesignTime>
      <Attr Name="_DisplaySize" Value="22"/>
    </DesignTime>
    <Properties>
      <SchemaBasedProperties>
        <LABEL
          ResId="CustomerInterestsId_LABEL"/>
      </SchemaBasedProperties>
    </Properties>
  </Attribute>
  <Attribute
    Name="CategoryId"
    IsUnique="true"
    IsNotNull="true"
    Precision="15"
    Scale="0"
    ColumnName="CATEGORY_ID"
    Type="oracle.jbo.domain.Number"
    ColumnType="NUMBER"
    SQLType="NUMERIC"
    TableName="CUSTOMER_INTERESTS">
    <DesignTime>
      <Attr Name="_DisplaySize" Value="22"/>
    </DesignTime>
    <Properties>
      <SchemaBasedProperties>
        <LABEL
          ResId="CategoryId_LABEL"/>
      </SchemaBasedProperties>
    </Properties>
  </Attribute>
  <Attribute
    Name="CreatedBy"
    IsUpdateable="while_insert"
    IsNotNull="true"
    DefaultValue="FOD"
    Precision="60"
    ColumnName="CREATED_BY"
    Type="java.lang.String"
    ColumnType="VARCHAR2"
    SQLType="VARCHAR"
    TableName="CUSTOMER_INTERESTS">
    <DesignTime>
      <Attr Name="_DisplaySize" Value="60"/>
    </DesignTime>
  </Attribute>
  <Attribute
    Name="CreationDate"
    IsUpdateable="while_insert"
    IsNotNull="true"
    ColumnName="CREATION_DATE"
    Type="oracle.jbo.domain.Date"
    ColumnType="DATE"
    SQLType="DATE"
    TableName="CUSTOMER_INTERESTS"
    HistoryColumn="DateHistory">
    <DesignTime>
      <Attr Name="_DisplaySize" Value="7"/>
    </DesignTime>
  </Attribute>
  <Attribute
    Name="LastUpdatedBy"
    IsNotNull="true"
    DefaultValue="FOD"
    Precision="60"
    ColumnName="LAST_UPDATED_BY"
    Type="java.lang.String"
    ColumnType="VARCHAR2"
    SQLType="VARCHAR"
    TableName="CUSTOMER_INTERESTS">
    <DesignTime>
      <Attr Name="_DisplaySize" Value="60"/>
    </DesignTime>
  </Attribute>
  <Attribute
    Name="LastUpdateDate"
    IsNotNull="true"
    ColumnName="LAST_UPDATE_DATE"
    Type="oracle.jbo.domain.Date"
    ColumnType="DATE"
    SQLType="DATE"
    TableName="CUSTOMER_INTERESTS"
    HistoryColumn="DateHistory">
    <DesignTime>
      <Attr Name="_DisplaySize" Value="7"/>
    </DesignTime>
  </Attribute>
  <Attribute
    Name="ObjectVersionId"
    IsNotNull="true"
    Precision="15"
    Scale="0"
    ColumnName="OBJECT_VERSION_ID"
    Type="oracle.jbo.domain.Number"
    ColumnType="NUMBER"
    SQLType="NUMERIC"
    TableName="CUSTOMER_INTERESTS"
    ChangeIndicator="true"
    HistoryColumn="VersionHistory">
    <DesignTime>
      <Attr Name="_DisplaySize" Value="22"/>
    </DesignTime>
  </Attribute>
  <AccessorAttribute
    Name="Person"
    Association="oracle.fodemo.storefront.entities.associations.CustomerInterestsPersonFk1Assoc"
    AssociationEnd="oracle.fodemo.storefront.entities.associations.CustomerInterestsPersonFk1Assoc.Person"
    AssociationOtherEnd="oracle.fodemo.storefront.entities.associations.CustomerInterestsPersonFk1Assoc.CustomerInterest"
    Type="oracle.jbo.server.EntityImpl"
    IsUpdateable="true"/>
  <AccessorAttribute
    Name="ProductCategoryBase"
    Association="oracle.fodemo.storefront.entities.associations.CustomerInterestsFk1Assoc"
    AssociationEnd="oracle.fodemo.storefront.entities.associations.CustomerInterestsFk1Assoc.ProductCategoryBase"
    AssociationOtherEnd="oracle.fodemo.storefront.entities.associations.CustomerInterestsFk1Assoc.CustomerInterest"
    Type="oracle.jbo.server.EntityImpl"
    IsUpdateable="true"/>
  <AccessorAttribute
    Name="CategoryTranslationEO"
    Association="oracle.fodemo.storefront.entities.associations.CategoryTranslationToCustomerInterests"
    AssociationEnd="oracle.fodemo.storefront.entities.associations.CategoryTranslationToCustomerInterests.CategoryTranslationEO"
    AssociationOtherEnd="oracle.fodemo.storefront.entities.associations.CategoryTranslationToCustomerInterests.CustomerInterestEO"
    Type="oracle.jbo.server.EntityImpl"
    IsUpdateable="true"/>
  <Key
    Name="CustomerCategoryIdUnique">
    <DesignTime>
      <Attr Name="_isUnique" Value="true"/>
      <Attr Name="_DBObjectName" Value="CUSTOMER_CATEGORY_ID_UNIQUE"/>
    </DesignTime>
    <AttrArray Name="Attributes">
      <Item
        Value="oracle.fodemo.storefront.entities.CustomerInterestEO.CustomerId"/>
      <Item
        Value="oracle.fodemo.storefront.entities.CustomerInterestEO.CategoryId"/>
    </AttrArray>
  </Key>
  <Key
    Name="CustomerInterestsPk"
    PrimaryKey="true">
    <DesignTime>
      <Attr Name="_DBObjectName" Value="CUSTOMER_INTERESTS_PK"/>
    </DesignTime>
    <AttrArray Name="Attributes">
      <Item
        Value="oracle.fodemo.storefront.entities.CustomerInterestEO.CustomerInterestsId"/>
    </AttrArray>
  </Key>
  <Key
    Name="SysC0055317">
    <DesignTime>
      <Attr Name="_DBObjectName" Value="SYS_C0055317"/>
      <Attr Name="_isCheck" Value="true"/>
      <Attr Name="_checkCondition" Value='"CUSTOMER_ID" IS NOT NULL'/>
    </DesignTime>
    <AttrArray Name="Attributes">
      <Item
        Value="oracle.fodemo.storefront.entities.CustomerInterestEO.CustomerId"/>
    </AttrArray>
  </Key>
  <Key
    Name="SysC0055318">
    <DesignTime>
      <Attr Name="_DBObjectName" Value="SYS_C0055318"/>
      <Attr Name="_isCheck" Value="true"/>
      <Attr Name="_checkCondition" Value='"CUSTOMER_INTERESTS_ID" IS NOT NULL'/>
    </DesignTime>
  </Key>
  <Key
    Name="SysC0055319">
    <DesignTime>
      <Attr Name="_DBObjectName" Value="SYS_C0055319"/>
      <Attr Name="_isCheck" Value="true"/>
      <Attr Name="_checkCondition" Value='"CATEGORY_ID" IS NOT NULL'/>
    </DesignTime>
    <AttrArray Name="Attributes">
      <Item
        Value="oracle.fodemo.storefront.entities.CustomerInterestEO.CategoryId"/>
    </AttrArray>
  </Key>
  <Key
    Name="SysC0055320">
    <DesignTime>
      <Attr Name="_DBObjectName" Value="SYS_C0055320"/>
      <Attr Name="_isCheck" Value="true"/>
      <Attr Name="_checkCondition" Value='"CREATED_BY" IS NOT NULL'/>
    </DesignTime>
    <AttrArray Name="Attributes">
      <Item
        Value="oracle.fodemo.storefront.entities.CustomerInterestEO.CreatedBy"/>
    </AttrArray>
  </Key>
  <Key
    Name="SysC0055321">
    <DesignTime>
      <Attr Name="_DBObjectName" Value="SYS_C0055321"/>
      <Attr Name="_isCheck" Value="true"/>
      <Attr Name="_checkCondition" Value='"CREATION_DATE" IS NOT NULL'/>
    </DesignTime>
    <AttrArray Name="Attributes">
      <Item
        Value="oracle.fodemo.storefront.entities.CustomerInterestEO.CreationDate"/>
    </AttrArray>
  </Key>
  <Key
    Name="SysC0055322">
    <DesignTime>
      <Attr Name="_DBObjectName" Value="SYS_C0055322"/>
      <Attr Name="_isCheck" Value="true"/>
      <Attr Name="_checkCondition" Value='"LAST_UPDATED_BY" IS NOT NULL'/>
    </DesignTime>
    <AttrArray Name="Attributes">
      <Item
        Value="oracle.fodemo.storefront.entities.CustomerInterestEO.LastUpdatedBy"/>
    </AttrArray>
  </Key>
  <Key
    Name="SysC0055323">
    <DesignTime>
      <Attr Name="_DBObjectName" Value="SYS_C0055323"/>
      <Attr Name="_isCheck" Value="true"/>
      <Attr Name="_checkCondition" Value='"LAST_UPDATE_DATE" IS NOT NULL'/>
    </DesignTime>
    <AttrArray Name="Attributes">
      <Item
        Value="oracle.fodemo.storefront.entities.CustomerInterestEO.LastUpdateDate"/>
    </AttrArray>
  </Key>
  <Key
    Name="SysC0055324">
    <DesignTime>
      <Attr Name="_DBObjectName" Value="SYS_C0055324"/>
      <Attr Name="_isCheck" Value="true"/>
      <Attr Name="_checkCondition" Value='"OBJECT_VERSION_ID" IS NOT NULL'/>
    </DesignTime>
    <AttrArray Name="Attributes">
      <Item
        Value="oracle.fodemo.storefront.entities.CustomerInterestEO.ObjectVersionId"/>
    </AttrArray>
  </Key>
  <Key
    Name="CustomerInterestsFk1">
    <DesignTime>
      <Attr Name="_DBObjectName" Value="CUSTOMER_INTERESTS_FK1"/>
      <Attr Name="_isForeign" Value="true"/>
      <Attr Name="_referencedKey" Value="PRODUCT_TAGS_PK"/>
    </DesignTime>
    <AttrArray Name="Attributes">
      <Item
        Value="oracle.fodemo.storefront.entities.CustomerInterestEO.CategoryId"/>
    </AttrArray>
  </Key>
  <Key
    Name="CustomerInterestsPersonFk1">
    <DesignTime>
      <Attr Name="_DBObjectName" Value="CUSTOMER_INTERESTS_PERSON_FK1"/>
      <Attr Name="_isForeign" Value="true"/>
      <Attr Name="_referencedKey" Value="PERSONS_PK"/>
    </DesignTime>
    <AttrArray Name="Attributes">
      <Item
        Value="oracle.fodemo.storefront.entities.CustomerInterestEO.CustomerId"/>
    </AttrArray>
  </Key>
  <ResourceBundle>
    <PropertiesBundle
      PropertiesFile="oracle.fodemo.storefront.entities.common.CustomerInterestEOMsgBundle"/>
  </ResourceBundle>
</Entity>
