<?xml version="1.0" encoding="windows-1252" ?>
<!DOCTYPE Entity SYSTEM "jbo_03_01.dtd">
<!---->
<Entity
  xmlns="http://xmlns.oracle.com/bc4j"
  Name="DiscountTranslationEO"
  DBObjectType="table"
  DBObjectName="DISCOUNT_TRANSLATIONS"
  AliasName="DiscountTranslationEO"
  BindingStyle="OracleName"
  UseGlueCode="false"
  Version="11.1.1.48.80">
  <DesignTime>
    <AttrArray Name="_publishEvents"/>
    <Attr Name="_codeGenFlag2" Value="Access"/>
  </DesignTime>
  <Attribute
    Name="DiscountTranslationsId"
    IsNotNull="true"
    Precision="15"
    Scale="0"
    ColumnName="DISCOUNT_TRANSLATIONS_ID"
    Type="oracle.jbo.domain.Number"
    ColumnType="NUMBER"
    SQLType="NUMERIC"
    TableName="DISCOUNT_TRANSLATIONS"
    PrimaryKey="true">
    <DesignTime>
      <Attr Name="_DisplaySize" Value="22"/>
    </DesignTime>
    <Properties>
      <SchemaBasedProperties>
        <LABEL
          ResId="DiscountTranslationsId_LABEL"/>
      </SchemaBasedProperties>
    </Properties>
  </Attribute>
  <Attribute
    Name="DiscountId"
    IsNotNull="true"
    Precision="15"
    Scale="0"
    ColumnName="DISCOUNT_ID"
    Type="oracle.jbo.domain.Number"
    ColumnType="NUMBER"
    SQLType="NUMERIC"
    TableName="DISCOUNT_TRANSLATIONS">
    <DesignTime>
      <Attr Name="_DisplaySize" Value="22"/>
    </DesignTime>
    <Properties>
      <SchemaBasedProperties>
        <LABEL
          ResId="DiscountId_LABEL"/>
      </SchemaBasedProperties>
    </Properties>
  </Attribute>
  <Attribute
    Name="Description"
    IsNotNull="true"
    Precision="4000"
    ColumnName="DESCRIPTION"
    Type="java.lang.String"
    ColumnType="VARCHAR2"
    SQLType="VARCHAR"
    TableName="DISCOUNT_TRANSLATIONS">
    <DesignTime>
      <Attr Name="_DisplaySize" Value="4000"/>
    </DesignTime>
    <Properties>
      <SchemaBasedProperties>
        <LABEL
          ResId="Description_LABEL"/>
      </SchemaBasedProperties>
    </Properties>
  </Attribute>
  <Attribute
    Name="Language"
    IsNotNull="true"
    Precision="30"
    ColumnName="LANGUAGE"
    Type="java.lang.String"
    ColumnType="VARCHAR2"
    SQLType="VARCHAR"
    TableName="DISCOUNT_TRANSLATIONS">
    <DesignTime>
      <Attr Name="_DisplaySize" Value="30"/>
    </DesignTime>
    <Properties>
      <SchemaBasedProperties>
        <LABEL
          ResId="Language_LABEL"/>
      </SchemaBasedProperties>
    </Properties>
  </Attribute>
  <Attribute
    Name="SourceLanguage"
    IsNotNull="true"
    Precision="15"
    ColumnName="SOURCE_LANGUAGE"
    Type="java.lang.String"
    ColumnType="VARCHAR2"
    SQLType="VARCHAR"
    TableName="DISCOUNT_TRANSLATIONS">
    <DesignTime>
      <Attr Name="_DisplaySize" Value="15"/>
    </DesignTime>
    <Properties>
      <SchemaBasedProperties>
        <LABEL
          ResId="SourceLanguage_LABEL"/>
      </SchemaBasedProperties>
    </Properties>
  </Attribute>
  <Attribute
    Name="CreatedBy"
    IsUpdateable="while_insert"
    IsNotNull="true"
    DefaultValue="FOD"
    Precision="60"
    ColumnName="CREATED_BY"
    Type="java.lang.String"
    ColumnType="VARCHAR2"
    SQLType="VARCHAR"
    TableName="DISCOUNT_TRANSLATIONS">
    <DesignTime>
      <Attr Name="_DisplaySize" Value="60"/>
    </DesignTime>
  </Attribute>
  <Attribute
    Name="CreationDate"
    IsUpdateable="while_insert"
    IsNotNull="true"
    ColumnName="CREATION_DATE"
    Type="oracle.jbo.domain.Date"
    ColumnType="DATE"
    SQLType="DATE"
    TableName="DISCOUNT_TRANSLATIONS"
    HistoryColumn="DateHistory">
    <DesignTime>
      <Attr Name="_DisplaySize" Value="7"/>
    </DesignTime>
  </Attribute>
  <Attribute
    Name="LastUpdatedBy"
    IsNotNull="true"
    DefaultValue="FOD"
    Precision="60"
    ColumnName="LAST_UPDATED_BY"
    Type="java.lang.String"
    ColumnType="VARCHAR2"
    SQLType="VARCHAR"
    TableName="DISCOUNT_TRANSLATIONS">
    <DesignTime>
      <Attr Name="_DisplaySize" Value="60"/>
    </DesignTime>
  </Attribute>
  <Attribute
    Name="LastUpdateDate"
    IsNotNull="true"
    ColumnName="LAST_UPDATE_DATE"
    Type="oracle.jbo.domain.Date"
    ColumnType="DATE"
    SQLType="DATE"
    TableName="DISCOUNT_TRANSLATIONS"
    HistoryColumn="DateHistory">
    <DesignTime>
      <Attr Name="_DisplaySize" Value="7"/>
    </DesignTime>
  </Attribute>
  <Attribute
    Name="ObjectVersionId"
    IsNotNull="true"
    Precision="15"
    Scale="0"
    ColumnName="OBJECT_VERSION_ID"
    Type="oracle.jbo.domain.Number"
    ColumnType="NUMBER"
    SQLType="NUMERIC"
    TableName="DISCOUNT_TRANSLATIONS"
    ChangeIndicator="true"
    HistoryColumn="VersionHistory">
    <DesignTime>
      <Attr Name="_DisplaySize" Value="22"/>
    </DesignTime>
  </Attribute>
  <AccessorAttribute
    Name="DiscountBase"
    Association="oracle.fodemo.storefront.entities.associations.DiscountTranslationsFkAssoc"
    AssociationEnd="oracle.fodemo.storefront.entities.associations.DiscountTranslationsFkAssoc.DiscountBase"
    AssociationOtherEnd="oracle.fodemo.storefront.entities.associations.DiscountTranslationsFkAssoc.DiscountTranslation"
    Type="oracle.jbo.server.EntityImpl"
    IsUpdateable="true"/>
  <Key
    Name="DiscountTranslationsPk"
    PrimaryKey="true">
    <DesignTime>
      <Attr Name="_DBObjectName" Value="DISCOUNT_TRANSLATIONS_PK"/>
    </DesignTime>
    <AttrArray Name="Attributes">
      <Item
        Value="oracle.fodemo.storefront.entities.DiscountTranslationEO.DiscountTranslationsId"/>
    </AttrArray>
  </Key>
  <Key
    Name="SysC0055248">
    <DesignTime>
      <Attr Name="_DBObjectName" Value="SYS_C0055248"/>
      <Attr Name="_isCheck" Value="true"/>
      <Attr Name="_checkCondition"
        Value='"DISCOUNT_TRANSLATIONS_ID" IS NOT NULL'/>
    </DesignTime>
    <AttrArray Name="Attributes">
      <Item
        Value="oracle.fodemo.storefront.entities.DiscountTranslationEO.DiscountTranslationsId"/>
    </AttrArray>
  </Key>
  <Key
    Name="SysC0055249">
    <DesignTime>
      <Attr Name="_DBObjectName" Value="SYS_C0055249"/>
      <Attr Name="_isCheck" Value="true"/>
      <Attr Name="_checkCondition" Value='"DISCOUNT_ID" IS NOT NULL'/>
    </DesignTime>
    <AttrArray Name="Attributes">
      <Item
        Value="oracle.fodemo.storefront.entities.DiscountTranslationEO.DiscountId"/>
    </AttrArray>
  </Key>
  <Key
    Name="SysC0055250">
    <DesignTime>
      <Attr Name="_DBObjectName" Value="SYS_C0055250"/>
      <Attr Name="_isCheck" Value="true"/>
      <Attr Name="_checkCondition" Value='"DESCRIPTION" IS NOT NULL'/>
    </DesignTime>
    <AttrArray Name="Attributes">
      <Item
        Value="oracle.fodemo.storefront.entities.DiscountTranslationEO.Description"/>
    </AttrArray>
  </Key>
  <Key
    Name="SysC0055251">
    <DesignTime>
      <Attr Name="_DBObjectName" Value="SYS_C0055251"/>
      <Attr Name="_isCheck" Value="true"/>
      <Attr Name="_checkCondition" Value='"LANGUAGE" IS NOT NULL'/>
    </DesignTime>
    <AttrArray Name="Attributes">
      <Item
        Value="oracle.fodemo.storefront.entities.DiscountTranslationEO.Language"/>
    </AttrArray>
  </Key>
  <Key
    Name="SysC0055252">
    <DesignTime>
      <Attr Name="_DBObjectName" Value="SYS_C0055252"/>
      <Attr Name="_isCheck" Value="true"/>
      <Attr Name="_checkCondition" Value='"SOURCE_LANGUAGE" IS NOT NULL'/>
    </DesignTime>
    <AttrArray Name="Attributes">
      <Item
        Value="oracle.fodemo.storefront.entities.DiscountTranslationEO.SourceLanguage"/>
    </AttrArray>
  </Key>
  <Key
    Name="SysC0055253">
    <DesignTime>
      <Attr Name="_DBObjectName" Value="SYS_C0055253"/>
      <Attr Name="_isCheck" Value="true"/>
      <Attr Name="_checkCondition" Value='"CREATED_BY" IS NOT NULL'/>
    </DesignTime>
    <AttrArray Name="Attributes">
      <Item
        Value="oracle.fodemo.storefront.entities.DiscountTranslationEO.CreatedBy"/>
    </AttrArray>
  </Key>
  <Key
    Name="SysC0055254">
    <DesignTime>
      <Attr Name="_DBObjectName" Value="SYS_C0055254"/>
      <Attr Name="_isCheck" Value="true"/>
      <Attr Name="_checkCondition" Value='"CREATION_DATE" IS NOT NULL'/>
    </DesignTime>
    <AttrArray Name="Attributes">
      <Item
        Value="oracle.fodemo.storefront.entities.DiscountTranslationEO.CreationDate"/>
    </AttrArray>
  </Key>
  <Key
    Name="SysC0055255">
    <DesignTime>
      <Attr Name="_DBObjectName" Value="SYS_C0055255"/>
      <Attr Name="_isCheck" Value="true"/>
      <Attr Name="_checkCondition" Value='"LAST_UPDATED_BY" IS NOT NULL'/>
    </DesignTime>
    <AttrArray Name="Attributes">
      <Item
        Value="oracle.fodemo.storefront.entities.DiscountTranslationEO.LastUpdatedBy"/>
    </AttrArray>
  </Key>
  <Key
    Name="SysC0055256">
    <DesignTime>
      <Attr Name="_DBObjectName" Value="SYS_C0055256"/>
      <Attr Name="_isCheck" Value="true"/>
      <Attr Name="_checkCondition" Value='"LAST_UPDATE_DATE" IS NOT NULL'/>
    </DesignTime>
    <AttrArray Name="Attributes">
      <Item
        Value="oracle.fodemo.storefront.entities.DiscountTranslationEO.LastUpdateDate"/>
    </AttrArray>
  </Key>
  <Key
    Name="SysC0055257">
    <DesignTime>
      <Attr Name="_DBObjectName" Value="SYS_C0055257"/>
      <Attr Name="_isCheck" Value="true"/>
      <Attr Name="_checkCondition" Value='"OBJECT_VERSION_ID" IS NOT NULL'/>
    </DesignTime>
    <AttrArray Name="Attributes">
      <Item
        Value="oracle.fodemo.storefront.entities.DiscountTranslationEO.ObjectVersionId"/>
    </AttrArray>
  </Key>
  <Key
    Name="DiscountTranslationsFk">
    <DesignTime>
      <Attr Name="_DBObjectName" Value="DISCOUNT_TRANSLATIONS_FK"/>
      <Attr Name="_isForeign" Value="true"/>
      <Attr Name="_referencedKey" Value="DISCOUNTS_PK"/>
    </DesignTime>
    <AttrArray Name="Attributes">
      <Item
        Value="oracle.fodemo.storefront.entities.DiscountTranslationEO.DiscountId"/>
    </AttrArray>
  </Key>
  <ResourceBundle>
    <PropertiesBundle
      PropertiesFile="oracle.fodemo.storefront.entities.common.DiscountTranslationEOMsgBundle"/>
  </ResourceBundle>
</Entity>
