<?xml version="1.0" encoding="windows-1252" ?>
<!DOCTYPE Entity SYSTEM "jbo_03_01.dtd">
<!---->
<Entity
  xmlns="http://xmlns.oracle.com/bc4j"
  Name="MembershipBaseEO"
  DBObjectType="table"
  DBObjectName="MEMBERSHIPS_BASE"
  AliasName="MembershipBaseEO"
  BindingStyle="OracleName"
  UseGlueCode="false"
  Version="11.1.1.48.80">
  <DesignTime>
    <AttrArray Name="_publishEvents"/>
    <Attr Name="_codeGenFlag2" Value="Access"/>
  </DesignTime>
  <Attribute
    Name="MembershipId"
    IsNotNull="true"
    Precision="15"
    Scale="0"
    ColumnName="MEMBERSHIP_ID"
    Type="oracle.jbo.domain.Number"
    ColumnType="NUMBER"
    SQLType="NUMERIC"
    TableName="MEMBERSHIPS_BASE"
    PrimaryKey="true">
    <DesignTime>
      <Attr Name="_DisplaySize" Value="22"/>
    </DesignTime>
    <Properties>
      <SchemaBasedProperties>
        <LABEL
          ResId="MembershipId_LABEL"/>
      </SchemaBasedProperties>
    </Properties>
  </Attribute>
  <Attribute
    Name="MembershipTypeCode"
    IsNotNull="true"
    Precision="30"
    ColumnName="MEMBERSHIP_TYPE_CODE"
    Type="java.lang.String"
    ColumnType="VARCHAR2"
    SQLType="VARCHAR"
    TableName="MEMBERSHIPS_BASE">
    <DesignTime>
      <Attr Name="_DisplaySize" Value="30"/>
    </DesignTime>
    <Properties>
      <SchemaBasedProperties>
        <LABEL
          ResId="MembershipTypeCode_LABEL"/>
      </SchemaBasedProperties>
    </Properties>
  </Attribute>
  <Attribute
    Name="ContactId"
    IsNotNull="true"
    Precision="15"
    Scale="0"
    ColumnName="CONTACT_ID"
    Type="oracle.jbo.domain.Number"
    ColumnType="NUMBER"
    SQLType="NUMERIC"
    TableName="MEMBERSHIPS_BASE">
    <DesignTime>
      <Attr Name="_DisplaySize" Value="22"/>
    </DesignTime>
    <Properties>
      <SchemaBasedProperties>
        <LABEL
          ResId="ContactId_LABEL"/>
      </SchemaBasedProperties>
    </Properties>
  </Attribute>
  <Attribute
    Name="CreatedBy"
    IsUpdateable="while_insert"
    IsNotNull="true"
    DefaultValue="FOD"
    Precision="60"
    ColumnName="CREATED_BY"
    Type="java.lang.String"
    ColumnType="VARCHAR2"
    SQLType="VARCHAR"
    TableName="MEMBERSHIPS_BASE">
    <DesignTime>
      <Attr Name="_DisplaySize" Value="60"/>
    </DesignTime>
  </Attribute>
  <Attribute
    Name="CreationDate"
    IsUpdateable="while_insert"
    IsNotNull="true"
    ColumnName="CREATION_DATE"
    Type="oracle.jbo.domain.Date"
    ColumnType="DATE"
    SQLType="DATE"
    TableName="MEMBERSHIPS_BASE"
    HistoryColumn="DateHistory">
    <DesignTime>
      <Attr Name="_DisplaySize" Value="7"/>
    </DesignTime>
  </Attribute>
  <Attribute
    Name="LastUpdatedBy"
    IsNotNull="true"
    DefaultValue="FOD"
    Precision="60"
    ColumnName="LAST_UPDATED_BY"
    Type="java.lang.String"
    ColumnType="VARCHAR2"
    SQLType="VARCHAR"
    TableName="MEMBERSHIPS_BASE">
    <DesignTime>
      <Attr Name="_DisplaySize" Value="60"/>
    </DesignTime>
  </Attribute>
  <Attribute
    Name="LastUpdateDate"
    IsNotNull="true"
    ColumnName="LAST_UPDATE_DATE"
    Type="oracle.jbo.domain.Date"
    ColumnType="DATE"
    SQLType="DATE"
    TableName="MEMBERSHIPS_BASE"
    HistoryColumn="DateHistory">
    <DesignTime>
      <Attr Name="_DisplaySize" Value="7"/>
    </DesignTime>
  </Attribute>
  <Attribute
    Name="ObjectVersionId"
    IsNotNull="true"
    Precision="15"
    Scale="0"
    ColumnName="OBJECT_VERSION_ID"
    Type="oracle.jbo.domain.Number"
    ColumnType="NUMBER"
    SQLType="NUMERIC"
    TableName="MEMBERSHIPS_BASE"
    ChangeIndicator="true"
    HistoryColumn="VersionHistory">
    <DesignTime>
      <Attr Name="_DisplaySize" Value="22"/>
    </DesignTime>
  </Attribute>
  <AccessorAttribute
    Name="EligibleDiscount"
    Association="oracle.fodemo.storefront.entities.associations.EligibleDiscountsFkAssoc"
    AssociationEnd="oracle.fodemo.storefront.entities.associations.EligibleDiscountsFkAssoc.EligibleDiscount"
    AssociationOtherEnd="oracle.fodemo.storefront.entities.associations.EligibleDiscountsFkAssoc.MembershipBase"
    Type="oracle.jbo.RowIterator"
    IsUpdateable="false"/>
  <AccessorAttribute
    Name="MembershipTranslation"
    Association="oracle.fodemo.storefront.entities.associations.MembershipTranslationsFkAssoc"
    AssociationEnd="oracle.fodemo.storefront.entities.associations.MembershipTranslationsFkAssoc.MembershipTranslation"
    AssociationOtherEnd="oracle.fodemo.storefront.entities.associations.MembershipTranslationsFkAssoc.MembershipBase"
    Type="oracle.jbo.RowIterator"
    IsUpdateable="false"/>
  <AccessorAttribute
    Name="Person"
    Association="oracle.fodemo.storefront.entities.associations.PersonsMembershipsBaseFkAssoc"
    AssociationEnd="oracle.fodemo.storefront.entities.associations.PersonsMembershipsBaseFkAssoc.Person"
    AssociationOtherEnd="oracle.fodemo.storefront.entities.associations.PersonsMembershipsBaseFkAssoc.MembershipBase"
    Type="oracle.jbo.RowIterator"
    IsUpdateable="false"/>
  <Key
    Name="MembershipsBasePk"
    PrimaryKey="true">
    <DesignTime>
      <Attr Name="_DBObjectName" Value="MEMBERSHIPS_BASE_PK"/>
    </DesignTime>
    <AttrArray Name="Attributes">
      <Item
        Value="oracle.fodemo.storefront.entities.MembershipBaseEO.MembershipId"/>
    </AttrArray>
  </Key>
  <Key
    Name="SysC0055267">
    <DesignTime>
      <Attr Name="_DBObjectName" Value="SYS_C0055267"/>
      <Attr Name="_isCheck" Value="true"/>
      <Attr Name="_checkCondition" Value='"MEMBERSHIP_ID" IS NOT NULL'/>
    </DesignTime>
    <AttrArray Name="Attributes">
      <Item
        Value="oracle.fodemo.storefront.entities.MembershipBaseEO.MembershipId"/>
    </AttrArray>
  </Key>
  <Key
    Name="SysC0055268">
    <DesignTime>
      <Attr Name="_DBObjectName" Value="SYS_C0055268"/>
      <Attr Name="_isCheck" Value="true"/>
      <Attr Name="_checkCondition" Value='"MEMBERSHIP_TYPE_CODE" IS NOT NULL'/>
    </DesignTime>
    <AttrArray Name="Attributes">
      <Item
        Value="oracle.fodemo.storefront.entities.MembershipBaseEO.MembershipTypeCode"/>
    </AttrArray>
  </Key>
  <Key
    Name="SysC0055269">
    <DesignTime>
      <Attr Name="_DBObjectName" Value="SYS_C0055269"/>
      <Attr Name="_isCheck" Value="true"/>
      <Attr Name="_checkCondition" Value='"CONTACT_ID" IS NOT NULL'/>
    </DesignTime>
    <AttrArray Name="Attributes">
      <Item
        Value="oracle.fodemo.storefront.entities.MembershipBaseEO.ContactId"/>
    </AttrArray>
  </Key>
  <Key
    Name="SysC0055270">
    <DesignTime>
      <Attr Name="_DBObjectName" Value="SYS_C0055270"/>
      <Attr Name="_isCheck" Value="true"/>
      <Attr Name="_checkCondition" Value='"CREATED_BY" IS NOT NULL'/>
    </DesignTime>
    <AttrArray Name="Attributes">
      <Item
        Value="oracle.fodemo.storefront.entities.MembershipBaseEO.CreatedBy"/>
    </AttrArray>
  </Key>
  <Key
    Name="SysC0055271">
    <DesignTime>
      <Attr Name="_DBObjectName" Value="SYS_C0055271"/>
      <Attr Name="_isCheck" Value="true"/>
      <Attr Name="_checkCondition" Value='"CREATION_DATE" IS NOT NULL'/>
    </DesignTime>
    <AttrArray Name="Attributes">
      <Item
        Value="oracle.fodemo.storefront.entities.MembershipBaseEO.CreationDate"/>
    </AttrArray>
  </Key>
  <Key
    Name="SysC0055272">
    <DesignTime>
      <Attr Name="_DBObjectName" Value="SYS_C0055272"/>
      <Attr Name="_isCheck" Value="true"/>
      <Attr Name="_checkCondition" Value='"LAST_UPDATED_BY" IS NOT NULL'/>
    </DesignTime>
    <AttrArray Name="Attributes">
      <Item
        Value="oracle.fodemo.storefront.entities.MembershipBaseEO.LastUpdatedBy"/>
    </AttrArray>
  </Key>
  <Key
    Name="SysC0055273">
    <DesignTime>
      <Attr Name="_DBObjectName" Value="SYS_C0055273"/>
      <Attr Name="_isCheck" Value="true"/>
      <Attr Name="_checkCondition" Value='"LAST_UPDATE_DATE" IS NOT NULL'/>
    </DesignTime>
    <AttrArray Name="Attributes">
      <Item
        Value="oracle.fodemo.storefront.entities.MembershipBaseEO.LastUpdateDate"/>
    </AttrArray>
  </Key>
  <Key
    Name="SysC0055274">
    <DesignTime>
      <Attr Name="_DBObjectName" Value="SYS_C0055274"/>
      <Attr Name="_isCheck" Value="true"/>
      <Attr Name="_checkCondition" Value='"OBJECT_VERSION_ID" IS NOT NULL'/>
    </DesignTime>
    <AttrArray Name="Attributes">
      <Item
        Value="oracle.fodemo.storefront.entities.MembershipBaseEO.ObjectVersionId"/>
    </AttrArray>
  </Key>
  <ResourceBundle>
    <PropertiesBundle
      PropertiesFile="oracle.fodemo.storefront.entities.common.MembershipBaseEOMsgBundle"/>
  </ResourceBundle>
</Entity>
