<?xml version="1.0" encoding="windows-1252" ?>
<!DOCTYPE Entity SYSTEM "jbo_03_01.dtd">
<!---->
<Entity
  xmlns="http://xmlns.oracle.com/bc4j"
  Name="OrderItemEO"
  DBObjectType="table"
  DBObjectName="ORDER_ITEMS"
  AliasName="OrderItemEO"
  BindingStyle="OracleName"
  UseGlueCode="false"
  RowClass="oracle.fodemo.storefront.entities.OrderItemEOImpl"
  Version="11.1.1.51.47">
  <DesignTime>
    <Attr Name="_codeGenFlag2" Value="Access"/>
    <AttrArray Name="_publishEvents"/>
    <Attr Name="_isCodegen" Value="true"/>
  </DesignTime>
  <ViewAccessor
    Name="ProductQuantitiesVO"
    ViewObjectName="oracle.fodemo.storefront.store.queries.ProductQuantitiesVO">
    <ParameterMap>
      <PIMap Variable="paramProductId">
        <TransientExpression>
          <![CDATA[



ProductId
            
            
            
            ]]>
        </TransientExpression>
      </PIMap>
      <PIMap Variable="paramQuantity">
        <TransientExpression>
          <![CDATA[



Quantity
            
            
            
            ]]>
        </TransientExpression>
      </PIMap>
    </ParameterMap>
  </ViewAccessor>
  <Attribute
    Name="OrderId"
    IsNotNull="true"
    Precision="15"
    Scale="0"
    ColumnName="ORDER_ID"
    Type="oracle.jbo.domain.Number"
    ColumnType="NUMBER"
    SQLType="NUMERIC"
    TableName="ORDER_ITEMS"
    PrimaryKey="true">
    <DesignTime>
      <Attr Name="_DisplaySize" Value="22"/>
    </DesignTime>
    <Properties>
      <SchemaBasedProperties>
        <LABEL
          ResId="OrderId_LABEL"/>
      </SchemaBasedProperties>
    </Properties>
  </Attribute>
  <Attribute
    Name="LineItemId"
    IsUpdateable="while_insert"
    IsUnique="true"
    DefaultValue="@0"
    Precision="3"
    Scale="0"
    ColumnName="LINE_ITEM_ID"
    Type="oracle.jbo.domain.DBSequence"
    ColumnType="NUMBER"
    SQLType="NUMERIC"
    TableName="ORDER_ITEMS"
    PrimaryKey="true"
    RetrievedOnInsert="true">
    <DesignTime>
      <Attr Name="_DisplaySize" Value="22"/>
    </DesignTime>
    <Properties>
      <SchemaBasedProperties>
        <LABEL
          ResId="LineItemId_LABEL"/>
      </SchemaBasedProperties>
    </Properties>
  </Attribute>
  <Attribute
    Name="ProductId"
    IsNotNull="true"
    Precision="15"
    Scale="0"
    ColumnName="PRODUCT_ID"
    Type="oracle.jbo.domain.Number"
    ColumnType="NUMBER"
    SQLType="NUMERIC"
    TableName="ORDER_ITEMS"
    PrimaryKey="true">
    <DesignTime>
      <Attr Name="_DisplaySize" Value="22"/>
    </DesignTime>
    <Properties>
      <SchemaBasedProperties>
        <LABEL
          ResId="ProductId_LABEL"/>
      </SchemaBasedProperties>
    </Properties>
  </Attribute>
  <Attribute
    Name="Quantity"
    IsNotNull="true"
    ColumnName="QUANTITY"
    Type="java.lang.Integer"
    ColumnType="INTEGER"
    SQLType="NUMERIC"
    TableName="ORDER_ITEMS"
    DefaultValue="1">
    <DesignTime>
      <Attr Name="_DisplaySize" Value="22"/>
    </DesignTime>
    <CompareValidationBean
      xmlns="http://xmlns.oracle.com/adfm/validation"
      Name="Quantity_Rule_0"
      ResId="Quantity_Rule_0"
      Severity="Warning"
      OnAttribute="Quantity"
      OperandType="VO_USAGE"
      Inverse="false"
      CompareType="LESSTHANEQUALTO"
      ViewAccAttrName="Quantity"
      ViewAccName="ProductQuantitiesVO">
      <ResExpressions>
        <Expression
          Name="quantityValue"><![CDATA[
newValue
         ]]></Expression>
      </ResExpressions>
    </CompareValidationBean>
    <Properties>
      <SchemaBasedProperties>
        <LABEL
          ResId="Quantity_LABEL"/>
      </SchemaBasedProperties>
    </Properties>
  </Attribute>
  <Attribute
    Name="UnitPrice"
    IsNotNull="true"
    Precision="8"
    Scale="2"
    ColumnName="UNIT_PRICE"
    Type="oracle.jbo.domain.Number"
    ColumnType="NUMBER"
    SQLType="NUMERIC"
    TableName="ORDER_ITEMS">
    <DesignTime>
      <Attr Name="_DisplaySize" Value="22"/>
    </DesignTime>
    <Properties>
      <SchemaBasedProperties>
        <LABEL
          ResId="UnitPrice_LABEL"/>
      </SchemaBasedProperties>
    </Properties>
  </Attribute>
  <Attribute
    Name="CreatedBy"
    IsNotNull="true"
    DefaultValue="FOD"
    Precision="60"
    ColumnName="CREATED_BY"
    Type="java.lang.String"
    ColumnType="VARCHAR2"
    SQLType="VARCHAR"
    TableName="ORDER_ITEMS">
    <DesignTime>
      <Attr Name="_DisplaySize" Value="60"/>
    </DesignTime>
  </Attribute>
  <Attribute
    Name="CreationDate"
    IsUpdateable="while_insert"
    IsNotNull="true"
    ColumnName="CREATION_DATE"
    Type="oracle.jbo.domain.Date"
    ColumnType="DATE"
    SQLType="DATE"
    TableName="ORDER_ITEMS"
    HistoryColumn="DateHistory">
    <DesignTime>
      <Attr Name="_DisplaySize" Value="7"/>
    </DesignTime>
  </Attribute>
  <Attribute
    Name="LastUpdatedBy"
    IsNotNull="true"
    DefaultValue="FOD"
    Precision="60"
    ColumnName="LAST_UPDATED_BY"
    Type="java.lang.String"
    ColumnType="VARCHAR2"
    SQLType="VARCHAR"
    TableName="ORDER_ITEMS">
    <DesignTime>
      <Attr Name="_DisplaySize" Value="60"/>
    </DesignTime>
  </Attribute>
  <Attribute
    Name="LastUpdateDate"
    IsNotNull="true"
    ColumnName="LAST_UPDATE_DATE"
    Type="oracle.jbo.domain.Date"
    ColumnType="DATE"
    SQLType="DATE"
    TableName="ORDER_ITEMS"
    HistoryColumn="DateHistory">
    <DesignTime>
      <Attr Name="_DisplaySize" Value="7"/>
    </DesignTime>
  </Attribute>
  <Attribute
    Name="ObjectVersionId"
    IsNotNull="true"
    Precision="15"
    Scale="0"
    ColumnName="OBJECT_VERSION_ID"
    Type="oracle.jbo.domain.Number"
    ColumnType="NUMBER"
    SQLType="NUMERIC"
    TableName="ORDER_ITEMS"
    ChangeIndicator="true"
    HistoryColumn="VersionHistory">
    <DesignTime>
      <Attr Name="_DisplaySize" Value="22"/>
    </DesignTime>
  </Attribute>
  <Attribute
    Name="LineItemTotal"
    IsQueriable="false"
    IsPersistent="false"
    ColumnName="$none$"
    Type="oracle.jbo.domain.Number"
    ColumnType="$none$"
    SQLType="VARCHAR">
    <RecalcCondition>
      <![CDATA[true]]>
    </RecalcCondition>
    <TransientExpression>
      <![CDATA[((Quantity == null) ? 0 : Quantity) * ((UnitPrice == null) ? 0 : UnitPrice)]]>
    </TransientExpression>
    <Properties>
      <SchemaBasedProperties>
        <LABEL
          ResId="LineItemTotal_LABEL"/>
      </SchemaBasedProperties>
    </Properties>
  </Attribute>
  <Attribute
    Name="ListPrice"
    IsQueriable="false"
    IsPersistent="false"
    ColumnName="$none$"
    Type="oracle.jbo.domain.Number"
    ColumnType="$none$"
    SQLType="VARCHAR">
    <RecalcCondition>
      <![CDATA[true]]>
    </RecalcCondition>
    <TransientExpression>
      <![CDATA[if(ProductBase != null){ 			 			 return ProductBase.ListPrice; 	 }else { 			 			return 0;}]]>
    </TransientExpression>
    <Properties>
      <SchemaBasedProperties>
        <LABEL
          ResId="ListPrice_LABEL"/>
      </SchemaBasedProperties>
    </Properties>
  </Attribute>
  <Attribute
    Name="ShippingCost"
    IsQueriable="false"
    IsPersistent="false"
    ColumnName="$none$"
    Type="oracle.jbo.domain.Number"
    ColumnType="$none$"
    SQLType="NUMERIC">
    <TransientExpression>
      <![CDATA[if( ProductBase != null && Order != null && Order.ShippingOptionBase != null
&& ProductBase.ShippingClassCode != null){
if( ProductBase.ShippingClassCode == 'CLASS1') {   return   Order.ShippingOptionBase.CostPerClass1Item;  } else if( ProductBase.ShippingClassCode == 'CLASS2') {    return Order.ShippingOptionBase.CostPerClass2Item;  } else if( ProductBase.ShippingClassCode == 'CLASS3') {    return Order.ShippingOptionBase.CostPerClass3Item;  } else {  return 0; }
}]]>
    </TransientExpression>
    <Properties>
      <SchemaBasedProperties>
        <LABEL
          ResId="ShippingCost_LABEL"/>
      </SchemaBasedProperties>
    </Properties>
  </Attribute>
  <AccessorAttribute
    Name="Order"
    Association="oracle.fodemo.storefront.entities.associations.OrderItemsOrdersFkAssoc"
    AssociationEnd="oracle.fodemo.storefront.entities.associations.OrderItemsOrdersFkAssoc.Order"
    AssociationOtherEnd="oracle.fodemo.storefront.entities.associations.OrderItemsOrdersFkAssoc.OrderItem"
    Type="oracle.jbo.server.EntityImpl"
    IsUpdateable="true"/>
  <AccessorAttribute
    Name="ProductBase"
    Association="oracle.fodemo.storefront.entities.associations.OrderItemsProductsFkAssoc"
    AssociationEnd="oracle.fodemo.storefront.entities.associations.OrderItemsProductsFkAssoc.ProductBase"
    AssociationOtherEnd="oracle.fodemo.storefront.entities.associations.OrderItemsProductsFkAssoc.OrderItem"
    Type="oracle.jbo.server.EntityImpl"
    IsUpdateable="true"/>
  <Key
    Name="OrderId_ProductId_AltKey"
    AltKey="true">
    <DesignTime>
      <Attr Name="_isUnique" Value="true"/>
      <Attr Name="_DBObjectName" Value="ORDER_ITEMS"/>
    </DesignTime>
    <AttrArray Name="Attributes">
      <Item Value="oracle.fodemo.storefront.entities.OrderItemEO.OrderId"/>
      <Item Value="oracle.fodemo.storefront.entities.OrderItemEO.ProductId"/>
    </AttrArray>
  </Key>
  <Key
    Name="OrderItemsPk"
    PrimaryKey="true">
    <DesignTime>
      <Attr Name="_DBObjectName" Value="ORDER_ITEMS_PK"/>
    </DesignTime>
    <AttrArray Name="Attributes">
      <Item Value="oracle.fodemo.storefront.entities.OrderItemEO.OrderId"/>
      <Item Value="oracle.fodemo.storefront.entities.OrderItemEO.LineItemId"/>
      <Item Value="oracle.fodemo.storefront.entities.OrderItemEO.ProductId"/>
    </AttrArray>
  </Key>
  <Key
    Name="SysC0055178">
    <DesignTime>
      <Attr Name="_DBObjectName" Value="SYS_C0055178"/>
      <Attr Name="_checkCondition" Value='"ORDER_ID" IS NOT NULL'/>
      <Attr Name="_isCheck" Value="true"/>
    </DesignTime>
    <AttrArray Name="Attributes">
      <Item Value="oracle.fodemo.storefront.entities.OrderItemEO.OrderId"/>
    </AttrArray>
  </Key>
  <Key
    Name="SysC0055180">
    <DesignTime>
      <Attr Name="_DBObjectName" Value="SYS_C0055180"/>
      <Attr Name="_checkCondition" Value='"PRODUCT_ID" IS NOT NULL'/>
      <Attr Name="_isCheck" Value="true"/>
    </DesignTime>
    <AttrArray Name="Attributes">
      <Item Value="oracle.fodemo.storefront.entities.OrderItemEO.ProductId"/>
    </AttrArray>
  </Key>
  <Key
    Name="SysC0055181">
    <DesignTime>
      <Attr Name="_DBObjectName" Value="SYS_C0055181"/>
      <Attr Name="_checkCondition" Value='"QUANTITY" IS NOT NULL'/>
      <Attr Name="_isCheck" Value="true"/>
    </DesignTime>
    <AttrArray Name="Attributes">
      <Item Value="oracle.fodemo.storefront.entities.OrderItemEO.Quantity"/>
    </AttrArray>
  </Key>
  <Key
    Name="SysC0055182">
    <DesignTime>
      <Attr Name="_DBObjectName" Value="SYS_C0055182"/>
      <Attr Name="_checkCondition" Value='"UNIT_PRICE" IS NOT NULL'/>
      <Attr Name="_isCheck" Value="true"/>
    </DesignTime>
    <AttrArray Name="Attributes">
      <Item Value="oracle.fodemo.storefront.entities.OrderItemEO.UnitPrice"/>
    </AttrArray>
  </Key>
  <Key
    Name="SysC0055183">
    <DesignTime>
      <Attr Name="_DBObjectName" Value="SYS_C0055183"/>
      <Attr Name="_checkCondition" Value='"CREATED_BY" IS NOT NULL'/>
      <Attr Name="_isCheck" Value="true"/>
    </DesignTime>
    <AttrArray Name="Attributes">
      <Item Value="oracle.fodemo.storefront.entities.OrderItemEO.CreatedBy"/>
    </AttrArray>
  </Key>
  <Key
    Name="SysC0055184">
    <DesignTime>
      <Attr Name="_DBObjectName" Value="SYS_C0055184"/>
      <Attr Name="_checkCondition" Value='"CREATION_DATE" IS NOT NULL'/>
      <Attr Name="_isCheck" Value="true"/>
    </DesignTime>
    <AttrArray Name="Attributes">
      <Item Value="oracle.fodemo.storefront.entities.OrderItemEO.CreationDate"/>
    </AttrArray>
  </Key>
  <Key
    Name="SysC0055185">
    <DesignTime>
      <Attr Name="_DBObjectName" Value="SYS_C0055185"/>
      <Attr Name="_checkCondition" Value='"LAST_UPDATED_BY" IS NOT NULL'/>
      <Attr Name="_isCheck" Value="true"/>
    </DesignTime>
    <AttrArray Name="Attributes">
      <Item
        Value="oracle.fodemo.storefront.entities.OrderItemEO.LastUpdatedBy"/>
    </AttrArray>
  </Key>
  <Key
    Name="SysC0055186">
    <DesignTime>
      <Attr Name="_DBObjectName" Value="SYS_C0055186"/>
      <Attr Name="_checkCondition" Value='"LAST_UPDATE_DATE" IS NOT NULL'/>
      <Attr Name="_isCheck" Value="true"/>
    </DesignTime>
    <AttrArray Name="Attributes">
      <Item
        Value="oracle.fodemo.storefront.entities.OrderItemEO.LastUpdateDate"/>
    </AttrArray>
  </Key>
  <Key
    Name="SysC0055187">
    <DesignTime>
      <Attr Name="_DBObjectName" Value="SYS_C0055187"/>
      <Attr Name="_checkCondition" Value='"OBJECT_VERSION_ID" IS NOT NULL'/>
      <Attr Name="_isCheck" Value="true"/>
    </DesignTime>
    <AttrArray Name="Attributes">
      <Item
        Value="oracle.fodemo.storefront.entities.OrderItemEO.ObjectVersionId"/>
    </AttrArray>
  </Key>
  <Key
    Name="SysC009919">
    <DesignTime>
      <Attr Name="_DBObjectName" Value="SYS_C009919"/>
      <Attr Name="_checkCondition" Value='"ORDER_ID" IS NOT NULL'/>
      <Attr Name="_isCheck" Value="true"/>
    </DesignTime>
    <AttrArray Name="Attributes">
      <Item Value="oracle.fodemo.storefront.entities.OrderItemEO.OrderId"/>
    </AttrArray>
  </Key>
  <Key
    Name="SysC009920">
    <DesignTime>
      <Attr Name="_DBObjectName" Value="SYS_C009920"/>
      <Attr Name="_checkCondition" Value='"LINE_ITEM_ID" IS NOT NULL'/>
      <Attr Name="_isCheck" Value="true"/>
    </DesignTime>
    <AttrArray Name="Attributes">
      <Item Value="oracle.fodemo.storefront.entities.OrderItemEO.LineItemId"/>
    </AttrArray>
  </Key>
  <Key
    Name="SysC009921">
    <DesignTime>
      <Attr Name="_DBObjectName" Value="SYS_C009921"/>
      <Attr Name="_checkCondition" Value='"PRODUCT_ID" IS NOT NULL'/>
      <Attr Name="_isCheck" Value="true"/>
    </DesignTime>
    <AttrArray Name="Attributes">
      <Item Value="oracle.fodemo.storefront.entities.OrderItemEO.ProductId"/>
    </AttrArray>
  </Key>
  <Key
    Name="SysC009922">
    <DesignTime>
      <Attr Name="_DBObjectName" Value="SYS_C009922"/>
      <Attr Name="_checkCondition" Value='"QUANTITY" IS NOT NULL'/>
      <Attr Name="_isCheck" Value="true"/>
    </DesignTime>
    <AttrArray Name="Attributes">
      <Item Value="oracle.fodemo.storefront.entities.OrderItemEO.Quantity"/>
    </AttrArray>
  </Key>
  <Key
    Name="SysC009923">
    <DesignTime>
      <Attr Name="_DBObjectName" Value="SYS_C009923"/>
      <Attr Name="_checkCondition" Value='"UNIT_PRICE" IS NOT NULL'/>
      <Attr Name="_isCheck" Value="true"/>
    </DesignTime>
    <AttrArray Name="Attributes">
      <Item Value="oracle.fodemo.storefront.entities.OrderItemEO.UnitPrice"/>
    </AttrArray>
  </Key>
  <Key
    Name="SysC009924">
    <DesignTime>
      <Attr Name="_DBObjectName" Value="SYS_C009924"/>
      <Attr Name="_checkCondition" Value='"CREATED_BY" IS NOT NULL'/>
      <Attr Name="_isCheck" Value="true"/>
    </DesignTime>
    <AttrArray Name="Attributes">
      <Item Value="oracle.fodemo.storefront.entities.OrderItemEO.CreatedBy"/>
    </AttrArray>
  </Key>
  <Key
    Name="SysC009925">
    <DesignTime>
      <Attr Name="_DBObjectName" Value="SYS_C009925"/>
      <Attr Name="_checkCondition" Value='"CREATION_DATE" IS NOT NULL'/>
      <Attr Name="_isCheck" Value="true"/>
    </DesignTime>
    <AttrArray Name="Attributes">
      <Item Value="oracle.fodemo.storefront.entities.OrderItemEO.CreationDate"/>
    </AttrArray>
  </Key>
  <Key
    Name="SysC009926">
    <DesignTime>
      <Attr Name="_DBObjectName" Value="SYS_C009926"/>
      <Attr Name="_checkCondition" Value='"LAST_UPDATED_BY" IS NOT NULL'/>
      <Attr Name="_isCheck" Value="true"/>
    </DesignTime>
    <AttrArray Name="Attributes">
      <Item
        Value="oracle.fodemo.storefront.entities.OrderItemEO.LastUpdatedBy"/>
    </AttrArray>
  </Key>
  <Key
    Name="SysC009927">
    <DesignTime>
      <Attr Name="_DBObjectName" Value="SYS_C009927"/>
      <Attr Name="_checkCondition" Value='"LAST_UPDATE_DATE" IS NOT NULL'/>
      <Attr Name="_isCheck" Value="true"/>
    </DesignTime>
    <AttrArray Name="Attributes">
      <Item
        Value="oracle.fodemo.storefront.entities.OrderItemEO.LastUpdateDate"/>
    </AttrArray>
  </Key>
  <Key
    Name="SysC009928">
    <DesignTime>
      <Attr Name="_DBObjectName" Value="SYS_C009928"/>
      <Attr Name="_checkCondition" Value='"OBJECT_VERSION_ID" IS NOT NULL'/>
      <Attr Name="_isCheck" Value="true"/>
    </DesignTime>
    <AttrArray Name="Attributes">
      <Item
        Value="oracle.fodemo.storefront.entities.OrderItemEO.ObjectVersionId"/>
    </AttrArray>
  </Key>
  <Key
    Name="OrderItemsOrdersFk">
    <DesignTime>
      <Attr Name="_referencedKey" Value="ORDERS_PK"/>
      <Attr Name="_isForeign" Value="true"/>
      <Attr Name="_DBObjectName" Value="ORDER_ITEMS_ORDERS_FK"/>
    </DesignTime>
    <AttrArray Name="Attributes">
      <Item Value="oracle.fodemo.storefront.entities.OrderItemEO.OrderId"/>
    </AttrArray>
  </Key>
  <Key
    Name="OrderItemsProductsFk">
    <DesignTime>
      <Attr Name="_referencedKey" Value="PRODUCTS_PK"/>
      <Attr Name="_isForeign" Value="true"/>
      <Attr Name="_DBObjectName" Value="ORDER_ITEMS_PRODUCTS_FK"/>
    </DesignTime>
    <AttrArray Name="Attributes">
      <Item Value="oracle.fodemo.storefront.entities.OrderItemEO.ProductId"/>
    </AttrArray>
  </Key>
  <UniqueKeyValidationBean
    xmlns="http://xmlns.oracle.com/adfm/validation"
    Name="OrderItemEO_Rule_0"
    ResId="OrderItemEO_Error_0"
    KeyName="OrderId_ProductId_AltKey">
    <OnAttributes>
      <Item Value="OrderId"/>
      <Item Value="ProductId"/>
    </OnAttributes>
  </UniqueKeyValidationBean>
  <ResourceBundle>
    <PropertiesBundle
      PropertiesFile="oracle.fodemo.storefront.entities.common.OrderItemEOMsgBundle"/>
  </ResourceBundle>
</Entity>
