<?xml version="1.0" encoding="windows-1252" ?>
<!DOCTYPE Entity SYSTEM "jbo_03_01.dtd">
<!---->
<Entity
  xmlns="http://xmlns.oracle.com/bc4j"
  Name="PaymentOptionEO"
  DBObjectType="table"
  DBObjectName="PAYMENT_OPTIONS"
  AliasName="PaymentOptionEO"
  BindingStyle="OracleName"
  UseGlueCode="false"
  Version="11.1.1.51.56"
  xmlns:validation="http://xmlns.oracle.com/adfm/validation"
  RowClass="oracle.fodemo.storefront.entities.PaymentOptionEOImpl">
  <DesignTime>
    <Attr Name="_codeGenFlag2" Value="Access"/>
    <AttrArray Name="_publishEvents"/>
    <Attr Name="_isCodegen" Value="true"/>
  </DesignTime>
  <ViewAccessor
    Name="PaymentTypesVA"
    ViewObjectName="oracle.fodemo.storefront.lookups.LookupsBaseVO"
    AMUsageName="SharedLookupService"
    ViewInstanceName="PaymentTypes"/>
  <ViewAccessor
    Name="CreditCardTypesVA"
    ViewObjectName="oracle.fodemo.storefront.lookups.LookupsBaseVO"
    AMUsageName="SharedLookupService"
    ViewInstanceName="CreditCardTypes"/>
  <Attribute
    Name="PaymentOptionId"
    IsUpdateable="while_insert"
    IsUnique="true"
    DefaultValue="@0"
    ColumnName="PAYMENT_OPTION_ID"
    Type="oracle.jbo.domain.DBSequence"
    ColumnType="NUMBER"
    SQLType="NUMERIC"
    TableName="PAYMENT_OPTIONS"
    PrimaryKey="true"
    RetrievedOnUpdate="true"
    RetrievedOnInsert="true">
    <DesignTime>
      <Attr Name="_DisplaySize" Value="22"/>
    </DesignTime>
    <Properties>
      <SchemaBasedProperties>
        <LABEL
          ResId="PaymentOptionId_LABEL"/>
      </SchemaBasedProperties>
    </Properties>
  </Attribute>
  <Attribute
    Name="CustomerId"
    Precision="15"
    Scale="0"
    ColumnName="CUSTOMER_ID"
    Type="oracle.jbo.domain.Number"
    ColumnType="NUMBER"
    SQLType="NUMERIC"
    TableName="PAYMENT_OPTIONS">
    <DesignTime>
      <Attr Name="_DisplaySize" Value="22"/>
    </DesignTime>
    <Properties>
      <SchemaBasedProperties>
        <LABEL
          ResId="CustomerId_LABEL"/>
      </SchemaBasedProperties>
    </Properties>
  </Attribute>
  <Attribute
    Name="PaymentTypeCode"
    IsNotNull="true"
    Precision="30"
    ColumnName="PAYMENT_TYPE_CODE"
    Type="java.lang.String"
    ColumnType="VARCHAR2"
    SQLType="VARCHAR"
    TableName="PAYMENT_OPTIONS">
    <DesignTime>
      <Attr Name="_DisplaySize" Value="30"/>
    </DesignTime>
    <ListValidationBean
      xmlns="http://xmlns.oracle.com/adfm/validation"
      Name="PaymentTypeCode_Rule_0"
      ResId="PaymentTypeCode_Rule_0"
      OnAttribute="PaymentTypeCode"
      OperandType="VO_USAGE"
      Inverse="false"
      ViewAccAttrName="Value"
      ViewAccName="PaymentTypesVA"/>
    <Properties>
      <SchemaBasedProperties>
        <LABEL
          ResId="PaymentTypeCode_LABEL"/>
      </SchemaBasedProperties>
    </Properties>
  </Attribute>
  <Attribute
    Name="BillingAddressId"
    Precision="38"
    Scale="0"
    ColumnName="BILLING_ADDRESS_ID"
    Type="oracle.jbo.domain.Number"
    ColumnType="NUMBER"
    SQLType="NUMERIC"
    TableName="PAYMENT_OPTIONS">
    <DesignTime>
      <Attr Name="_DisplaySize" Value="22"/>
    </DesignTime>
    <Properties>
      <SchemaBasedProperties>
        <LABEL
          ResId="BillingAddressId_LABEL"/>
      </SchemaBasedProperties>
    </Properties>
  </Attribute>
  <Attribute
    Name="AccountNumber"
    IsNotNull="true"
    Precision="19"
    Scale="0"
    ColumnName="ACCOUNT_NUMBER"
    Type="oracle.jbo.domain.Number"
    ColumnType="NUMBER"
    SQLType="NUMERIC"
    TableName="PAYMENT_OPTIONS">
    <DesignTime>
      <Attr Name="_DisplaySize" Value="22"/>
    </DesignTime>
    <ExpressionValidationBean
      xmlns="http://xmlns.oracle.com/adfm/validation"
      Name="AccountNumber_Rule_0"
      OperandType="EXPR"
      Inverse="false">
      <MsgIds>
        <Item
          Value="AccountNumber_Error_0"/>
      </MsgIds>
      <OnCondition>
        <![CDATA[PaymentTypeCode=='CC']]>
      </OnCondition>
      <TransientExpression>
        <![CDATA[
String acctnumber = newValue;
    sumofdigits = 0;
    digit = 0;
    addend = 0;
    timesTwo = false;
    range = acctnumber.length()-1..0
      range.each {i ->
      digit = Integer.parseInt (acctnumber.substring (i, i + 1));
      if (timesTwo) {
        addend = digit * 2;
        if (addend > 9) {
          addend -= 9;
        }
      }
      else {
        addend = digit;
      }
      sumofdigits += addend;
      timesTwo = !timesTwo;
    }
    modulus = sumofdigits % 10;
    return modulus == 0;
      ]]>
      </TransientExpression>
    </ExpressionValidationBean>
    <Properties>
      <SchemaBasedProperties>
        <LABEL
          ResId="AccountNumber_LABEL"/>
      </SchemaBasedProperties>
    </Properties>
  </Attribute>
  <Attribute
    Name="CardTypeCode"
    Precision="30"
    ColumnName="CARD_TYPE_CODE"
    Type="java.lang.String"
    ColumnType="VARCHAR2"
    SQLType="VARCHAR"
    TableName="PAYMENT_OPTIONS">
    <DesignTime>
      <Attr Name="_DisplaySize" Value="30"/>
    </DesignTime>
    <Properties>
      <SchemaBasedProperties>
        <LABEL
          ResId="CardTypeCode_LABEL"/>
      </SchemaBasedProperties>
    </Properties>
  </Attribute>
  <Attribute
    Name="ExpireDate"
    ColumnName="EXPIRE_DATE"
    Type="oracle.jbo.domain.Date"
    ColumnType="DATE"
    SQLType="DATE"
    TableName="PAYMENT_OPTIONS">
    <DesignTime>
      <Attr Name="_DisplaySize" Value="7"/>
    </DesignTime>
    <Properties>
      <SchemaBasedProperties>
        <FMT_FORMATTER
          ResId="ExpireDate_FMT_FORMATTER"/>
        <FMT_FORMAT
          ResId="ExpireDate_FMT_FORMAT"/>
        <LABEL
          ResId="ExpireDate_LABEL"/>
      </SchemaBasedProperties>
    </Properties>
  </Attribute>
  <Attribute
    Name="CheckDigits"
    Precision="4"
    Scale="0"
    ColumnName="CHECK_DIGITS"
    Type="oracle.jbo.domain.Number"
    ColumnType="NUMBER"
    SQLType="NUMERIC"
    TableName="PAYMENT_OPTIONS">
    <DesignTime>
      <Attr Name="_DisplaySize" Value="22"/>
    </DesignTime>
    <Properties>
      <SchemaBasedProperties>
        <LABEL
          ResId="CheckDigits_LABEL"/>
      </SchemaBasedProperties>
    </Properties>
  </Attribute>
  <Attribute
    Name="RoutingIdentifier"
    Precision="15"
    ColumnName="ROUTING_IDENTIFIER"
    Type="java.lang.String"
    ColumnType="VARCHAR2"
    SQLType="VARCHAR"
    TableName="PAYMENT_OPTIONS">
    <DesignTime>
      <Attr Name="_DisplaySize" Value="15"/>
    </DesignTime>
    <validation:LengthValidationBean
      Name="RoutingIdentifier_Rule_1"
      ResId="RoutingIdentifier_Rule_0"
      OnAttribute="RoutingIdentifier"
      CompareType="EQUALTO"
      DataType="CHARACTER"
      CompareLength="9"
      Inverse="false"/>
    <Properties>
      <SchemaBasedProperties>
        <LABEL
          ResId="RoutingIdentifier_LABEL"/>
      </SchemaBasedProperties>
    </Properties>
    <validation:ValidationBean
      Name="RoutingIdentifier_Rule_2"
      ResId="RoutingIdentifier_Rule_1"
      OnAttribute="RoutingIdentifier"
      Version="2"
      OperandType="LITERAL"
      Inverse="false"
      DisplayName="RoutingIdentifier_Validator"
      ValidationBeanClass="oracle.fodemo.storefront.entities.validators.RoutingValidator"/>
  </Attribute>
  <Attribute
    Name="InstitutionName"
    Precision="120"
    ColumnName="INSTITUTION_NAME"
    Type="java.lang.String"
    ColumnType="VARCHAR2"
    SQLType="VARCHAR"
    TableName="PAYMENT_OPTIONS">
    <DesignTime>
      <Attr Name="_DisplaySize" Value="120"/>
    </DesignTime>
    <Properties>
      <SchemaBasedProperties>
        <LABEL
          ResId="InstitutionName_LABEL"/>
      </SchemaBasedProperties>
    </Properties>
  </Attribute>
  <Attribute
    Name="ValidFromDate"
    ColumnName="VALID_FROM_DATE"
    Type="oracle.jbo.domain.Date"
    ColumnType="DATE"
    SQLType="DATE"
    TableName="PAYMENT_OPTIONS">
    <DesignTime>
      <Attr Name="_DisplaySize" Value="7"/>
    </DesignTime>
    <Properties>
      <SchemaBasedProperties>
        <LABEL
          ResId="ValidFromDate_LABEL"/>
      </SchemaBasedProperties>
    </Properties>
  </Attribute>
  <Attribute
    Name="ValidToDate"
    ColumnName="VALID_TO_DATE"
    Type="oracle.jbo.domain.Date"
    ColumnType="DATE"
    SQLType="DATE"
    TableName="PAYMENT_OPTIONS">
    <DesignTime>
      <Attr Name="_DisplaySize" Value="7"/>
    </DesignTime>
    <Properties>
      <SchemaBasedProperties>
        <LABEL
          ResId="ValidToDate_LABEL"/>
      </SchemaBasedProperties>
    </Properties>
  </Attribute>
  <Attribute
    Name="CreatedBy"
    IsNotNull="true"
    DefaultValue="FOD"
    Precision="60"
    ColumnName="CREATED_BY"
    Type="java.lang.String"
    ColumnType="VARCHAR2"
    SQLType="VARCHAR"
    TableName="PAYMENT_OPTIONS">
    <DesignTime>
      <Attr Name="_DisplaySize" Value="60"/>
    </DesignTime>
  </Attribute>
  <Attribute
    Name="CreationDate"
    IsUpdateable="while_insert"
    IsNotNull="true"
    ColumnName="CREATION_DATE"
    Type="oracle.jbo.domain.Date"
    ColumnType="DATE"
    SQLType="DATE"
    TableName="PAYMENT_OPTIONS"
    HistoryColumn="DateHistory">
    <DesignTime>
      <Attr Name="_DisplaySize" Value="7"/>
    </DesignTime>
  </Attribute>
  <Attribute
    Name="LastUpdatedBy"
    IsNotNull="true"
    DefaultValue="FOD"
    Precision="60"
    ColumnName="LAST_UPDATED_BY"
    Type="java.lang.String"
    ColumnType="VARCHAR2"
    SQLType="VARCHAR"
    TableName="PAYMENT_OPTIONS">
    <DesignTime>
      <Attr Name="_DisplaySize" Value="60"/>
    </DesignTime>
  </Attribute>
  <Attribute
    Name="LastUpdateDate"
    IsNotNull="true"
    ColumnName="LAST_UPDATE_DATE"
    Type="oracle.jbo.domain.Date"
    ColumnType="DATE"
    SQLType="DATE"
    TableName="PAYMENT_OPTIONS"
    HistoryColumn="DateHistory">
    <DesignTime>
      <Attr Name="_DisplaySize" Value="7"/>
    </DesignTime>
  </Attribute>
  <Attribute
    Name="ObjectVersionId"
    IsNotNull="true"
    Precision="15"
    Scale="0"
    ColumnName="OBJECT_VERSION_ID"
    Type="oracle.jbo.domain.Number"
    ColumnType="NUMBER"
    SQLType="NUMERIC"
    TableName="PAYMENT_OPTIONS"
    ChangeIndicator="true"
    HistoryColumn="VersionHistory">
    <DesignTime>
      <Attr Name="_DisplaySize" Value="22"/>
    </DesignTime>
  </Attribute>
  <AccessorAttribute
    Name="Order"
    Association="oracle.fodemo.storefront.entities.associations.OrdersPaymentOptionsFkAssoc"
    AssociationEnd="oracle.fodemo.storefront.entities.associations.OrdersPaymentOptionsFkAssoc.Order"
    AssociationOtherEnd="oracle.fodemo.storefront.entities.associations.OrdersPaymentOptionsFkAssoc.PaymentOption"
    Type="oracle.jbo.RowIterator"
    IsUpdateable="false"/>
  <AccessorAttribute
    Name="Person"
    Association="oracle.fodemo.storefront.entities.associations.PaymentOptionsPersonsFkAssoc"
    AssociationEnd="oracle.fodemo.storefront.entities.associations.PaymentOptionsPersonsFkAssoc.Person"
    AssociationOtherEnd="oracle.fodemo.storefront.entities.associations.PaymentOptionsPersonsFkAssoc.PaymentOption"
    Type="oracle.jbo.server.EntityImpl"
    IsUpdateable="true"/>
  <Key
    Name="PaymentOptionsPk"
    PrimaryKey="true">
    <DesignTime>
      <Attr Name="_DBObjectName" Value="PAYMENT_OPTIONS_PK"/>
    </DesignTime>
    <AttrArray Name="Attributes">
      <Item
        Value="oracle.fodemo.storefront.entities.PaymentOptionEO.PaymentOptionId"/>
    </AttrArray>
  </Key>
  <Key
    Name="SysC0030535">
    <DesignTime>
      <Attr Name="_DBObjectName" Value="SYS_C0030535"/>
      <Attr Name="_checkCondition" Value='"PAYMENT_OPTION_ID" IS NOT NULL'/>
      <Attr Name="_isCheck" Value="true"/>
    </DesignTime>
    <AttrArray Name="Attributes">
      <Item
        Value="oracle.fodemo.storefront.entities.PaymentOptionEO.PaymentOptionId"/>
    </AttrArray>
  </Key>
  <Key
    Name="SysC0030536">
    <DesignTime>
      <Attr Name="_DBObjectName" Value="SYS_C0030536"/>
      <Attr Name="_checkCondition" Value='"CUSTOMER_ID" IS NOT NULL'/>
      <Attr Name="_isCheck" Value="true"/>
    </DesignTime>
    <AttrArray Name="Attributes"/>
  </Key>
  <Key
    Name="SysC0030537">
    <DesignTime>
      <Attr Name="_DBObjectName" Value="SYS_C0030537"/>
      <Attr Name="_checkCondition" Value='"PAYMENT_TYPE_CODE" IS NOT NULL'/>
      <Attr Name="_isCheck" Value="true"/>
    </DesignTime>
    <AttrArray Name="Attributes">
      <Item
        Value="oracle.fodemo.storefront.entities.PaymentOptionEO.PaymentTypeCode"/>
    </AttrArray>
  </Key>
  <Key
    Name="SysC0030538">
    <DesignTime>
      <Attr Name="_DBObjectName" Value="SYS_C0030538"/>
      <Attr Name="_checkCondition" Value='"ACCOUNT_NUMBER" IS NOT NULL'/>
      <Attr Name="_isCheck" Value="true"/>
    </DesignTime>
    <AttrArray Name="Attributes">
      <Item
        Value="oracle.fodemo.storefront.entities.PaymentOptionEO.AccountNumber"/>
    </AttrArray>
  </Key>
  <Key
    Name="SysC0030539">
    <DesignTime>
      <Attr Name="_DBObjectName" Value="SYS_C0030539"/>
      <Attr Name="_checkCondition" Value='"CREATED_BY" IS NOT NULL'/>
      <Attr Name="_isCheck" Value="true"/>
    </DesignTime>
    <AttrArray Name="Attributes">
      <Item
        Value="oracle.fodemo.storefront.entities.PaymentOptionEO.CreatedBy"/>
    </AttrArray>
  </Key>
  <Key
    Name="SysC0030540">
    <DesignTime>
      <Attr Name="_DBObjectName" Value="SYS_C0030540"/>
      <Attr Name="_checkCondition" Value='"CREATION_DATE" IS NOT NULL'/>
      <Attr Name="_isCheck" Value="true"/>
    </DesignTime>
    <AttrArray Name="Attributes">
      <Item
        Value="oracle.fodemo.storefront.entities.PaymentOptionEO.CreationDate"/>
    </AttrArray>
  </Key>
  <Key
    Name="SysC0030541">
    <DesignTime>
      <Attr Name="_DBObjectName" Value="SYS_C0030541"/>
      <Attr Name="_checkCondition" Value='"LAST_UPDATED_BY" IS NOT NULL'/>
      <Attr Name="_isCheck" Value="true"/>
    </DesignTime>
    <AttrArray Name="Attributes">
      <Item
        Value="oracle.fodemo.storefront.entities.PaymentOptionEO.LastUpdatedBy"/>
    </AttrArray>
  </Key>
  <Key
    Name="SysC0030542">
    <DesignTime>
      <Attr Name="_DBObjectName" Value="SYS_C0030542"/>
      <Attr Name="_checkCondition" Value='"LAST_UPDATE_DATE" IS NOT NULL'/>
      <Attr Name="_isCheck" Value="true"/>
    </DesignTime>
    <AttrArray Name="Attributes">
      <Item
        Value="oracle.fodemo.storefront.entities.PaymentOptionEO.LastUpdateDate"/>
    </AttrArray>
  </Key>
  <Key
    Name="SysC0030543">
    <DesignTime>
      <Attr Name="_DBObjectName" Value="SYS_C0030543"/>
      <Attr Name="_checkCondition" Value='"OBJECT_VERSION_ID" IS NOT NULL'/>
      <Attr Name="_isCheck" Value="true"/>
    </DesignTime>
    <AttrArray Name="Attributes">
      <Item
        Value="oracle.fodemo.storefront.entities.PaymentOptionEO.ObjectVersionId"/>
    </AttrArray>
  </Key>
  <Key
    Name="SysC005019">
    <DesignTime>
      <Attr Name="_DBObjectName" Value="SYS_C005019"/>
      <Attr Name="_checkCondition" Value='"PAYMENT_OPTION_ID" IS NOT NULL'/>
      <Attr Name="_isCheck" Value="true"/>
    </DesignTime>
    <AttrArray Name="Attributes">
      <Item
        Value="oracle.fodemo.storefront.entities.PaymentOptionEO.PaymentOptionId"/>
    </AttrArray>
  </Key>
  <Key
    Name="SysC005020">
    <DesignTime>
      <Attr Name="_DBObjectName" Value="SYS_C005020"/>
      <Attr Name="_checkCondition" Value='"CUSTOMER_ID" IS NOT NULL'/>
      <Attr Name="_isCheck" Value="true"/>
    </DesignTime>
    <AttrArray Name="Attributes">
      <Item
        Value="oracle.fodemo.storefront.entities.PaymentOptionEO.CustomerId"/>
    </AttrArray>
  </Key>
  <Key
    Name="SysC005021">
    <DesignTime>
      <Attr Name="_DBObjectName" Value="SYS_C005021"/>
      <Attr Name="_checkCondition" Value='"PAYMENT_TYPE_CODE" IS NOT NULL'/>
      <Attr Name="_isCheck" Value="true"/>
    </DesignTime>
    <AttrArray Name="Attributes">
      <Item
        Value="oracle.fodemo.storefront.entities.PaymentOptionEO.PaymentTypeCode"/>
    </AttrArray>
  </Key>
  <Key
    Name="SysC005022">
    <DesignTime>
      <Attr Name="_DBObjectName" Value="SYS_C005022"/>
      <Attr Name="_checkCondition" Value='"ACCOUNT_NUMBER" IS NOT NULL'/>
      <Attr Name="_isCheck" Value="true"/>
    </DesignTime>
    <AttrArray Name="Attributes">
      <Item
        Value="oracle.fodemo.storefront.entities.PaymentOptionEO.AccountNumber"/>
    </AttrArray>
  </Key>
  <Key
    Name="SysC005023">
    <DesignTime>
      <Attr Name="_DBObjectName" Value="SYS_C005023"/>
      <Attr Name="_checkCondition" Value='"CREATED_BY" IS NOT NULL'/>
      <Attr Name="_isCheck" Value="true"/>
    </DesignTime>
    <AttrArray Name="Attributes">
      <Item
        Value="oracle.fodemo.storefront.entities.PaymentOptionEO.CreatedBy"/>
    </AttrArray>
  </Key>
  <Key
    Name="SysC005024">
    <DesignTime>
      <Attr Name="_DBObjectName" Value="SYS_C005024"/>
      <Attr Name="_checkCondition" Value='"CREATION_DATE" IS NOT NULL'/>
      <Attr Name="_isCheck" Value="true"/>
    </DesignTime>
    <AttrArray Name="Attributes">
      <Item
        Value="oracle.fodemo.storefront.entities.PaymentOptionEO.CreationDate"/>
    </AttrArray>
  </Key>
  <Key
    Name="SysC005025">
    <DesignTime>
      <Attr Name="_DBObjectName" Value="SYS_C005025"/>
      <Attr Name="_checkCondition" Value='"LAST_UPDATED_BY" IS NOT NULL'/>
      <Attr Name="_isCheck" Value="true"/>
    </DesignTime>
    <AttrArray Name="Attributes">
      <Item
        Value="oracle.fodemo.storefront.entities.PaymentOptionEO.LastUpdatedBy"/>
    </AttrArray>
  </Key>
  <Key
    Name="SysC005026">
    <DesignTime>
      <Attr Name="_DBObjectName" Value="SYS_C005026"/>
      <Attr Name="_checkCondition" Value='"LAST_UPDATE_DATE" IS NOT NULL'/>
      <Attr Name="_isCheck" Value="true"/>
    </DesignTime>
    <AttrArray Name="Attributes">
      <Item
        Value="oracle.fodemo.storefront.entities.PaymentOptionEO.LastUpdateDate"/>
    </AttrArray>
  </Key>
  <Key
    Name="SysC005027">
    <DesignTime>
      <Attr Name="_DBObjectName" Value="SYS_C005027"/>
      <Attr Name="_checkCondition" Value='"OBJECT_VERSION_ID" IS NOT NULL'/>
      <Attr Name="_isCheck" Value="true"/>
    </DesignTime>
    <AttrArray Name="Attributes">
      <Item
        Value="oracle.fodemo.storefront.entities.PaymentOptionEO.ObjectVersionId"/>
    </AttrArray>
  </Key>
  <Key
    Name="SysC0055145">
    <DesignTime>
      <Attr Name="_DBObjectName" Value="SYS_C0055145"/>
      <Attr Name="_checkCondition" Value='"PAYMENT_OPTION_ID" IS NOT NULL'/>
      <Attr Name="_isCheck" Value="true"/>
    </DesignTime>
    <AttrArray Name="Attributes">
      <Item
        Value="oracle.fodemo.storefront.entities.PaymentOptionEO.PaymentOptionId"/>
    </AttrArray>
  </Key>
  <Key
    Name="SysC0055146">
    <DesignTime>
      <Attr Name="_DBObjectName" Value="SYS_C0055146"/>
      <Attr Name="_checkCondition" Value='"CUSTOMER_ID" IS NOT NULL'/>
      <Attr Name="_isCheck" Value="true"/>
    </DesignTime>
    <AttrArray Name="Attributes">
      <Item
        Value="oracle.fodemo.storefront.entities.PaymentOptionEO.CustomerId"/>
    </AttrArray>
  </Key>
  <Key
    Name="SysC0055147">
    <DesignTime>
      <Attr Name="_DBObjectName" Value="SYS_C0055147"/>
      <Attr Name="_checkCondition" Value='"PAYMENT_TYPE_CODE" IS NOT NULL'/>
      <Attr Name="_isCheck" Value="true"/>
    </DesignTime>
    <AttrArray Name="Attributes">
      <Item
        Value="oracle.fodemo.storefront.entities.PaymentOptionEO.PaymentTypeCode"/>
    </AttrArray>
  </Key>
  <Key
    Name="SysC0055148">
    <DesignTime>
      <Attr Name="_DBObjectName" Value="SYS_C0055148"/>
      <Attr Name="_checkCondition" Value='"ACCOUNT_NUMBER" IS NOT NULL'/>
      <Attr Name="_isCheck" Value="true"/>
    </DesignTime>
    <AttrArray Name="Attributes">
      <Item
        Value="oracle.fodemo.storefront.entities.PaymentOptionEO.AccountNumber"/>
    </AttrArray>
  </Key>
  <Key
    Name="SysC0055149">
    <DesignTime>
      <Attr Name="_DBObjectName" Value="SYS_C0055149"/>
      <Attr Name="_checkCondition" Value='"CREATED_BY" IS NOT NULL'/>
      <Attr Name="_isCheck" Value="true"/>
    </DesignTime>
    <AttrArray Name="Attributes">
      <Item
        Value="oracle.fodemo.storefront.entities.PaymentOptionEO.CreatedBy"/>
    </AttrArray>
  </Key>
  <Key
    Name="SysC0055150">
    <DesignTime>
      <Attr Name="_DBObjectName" Value="SYS_C0055150"/>
      <Attr Name="_checkCondition" Value='"CREATION_DATE" IS NOT NULL'/>
      <Attr Name="_isCheck" Value="true"/>
    </DesignTime>
    <AttrArray Name="Attributes">
      <Item
        Value="oracle.fodemo.storefront.entities.PaymentOptionEO.CreationDate"/>
    </AttrArray>
  </Key>
  <Key
    Name="SysC0055151">
    <DesignTime>
      <Attr Name="_DBObjectName" Value="SYS_C0055151"/>
      <Attr Name="_checkCondition" Value='"LAST_UPDATED_BY" IS NOT NULL'/>
      <Attr Name="_isCheck" Value="true"/>
    </DesignTime>
    <AttrArray Name="Attributes">
      <Item
        Value="oracle.fodemo.storefront.entities.PaymentOptionEO.LastUpdatedBy"/>
    </AttrArray>
  </Key>
  <Key
    Name="SysC0055152">
    <DesignTime>
      <Attr Name="_DBObjectName" Value="SYS_C0055152"/>
      <Attr Name="_checkCondition" Value='"LAST_UPDATE_DATE" IS NOT NULL'/>
      <Attr Name="_isCheck" Value="true"/>
    </DesignTime>
    <AttrArray Name="Attributes">
      <Item
        Value="oracle.fodemo.storefront.entities.PaymentOptionEO.LastUpdateDate"/>
    </AttrArray>
  </Key>
  <Key
    Name="SysC0055153">
    <DesignTime>
      <Attr Name="_DBObjectName" Value="SYS_C0055153"/>
      <Attr Name="_checkCondition" Value='"OBJECT_VERSION_ID" IS NOT NULL'/>
      <Attr Name="_isCheck" Value="true"/>
    </DesignTime>
    <AttrArray Name="Attributes">
      <Item
        Value="oracle.fodemo.storefront.entities.PaymentOptionEO.ObjectVersionId"/>
    </AttrArray>
  </Key>
  <Key
    Name="PaymentOptionsPersonsFk">
    <DesignTime>
      <Attr Name="_referencedKey" Value="PERSONS_PK"/>
      <Attr Name="_isForeign" Value="true"/>
      <Attr Name="_DBObjectName" Value="PAYMENT_OPTIONS_PERSONS_FK"/>
    </DesignTime>
    <AttrArray Name="Attributes">
      <Item
        Value="oracle.fodemo.storefront.entities.PaymentOptionEO.CustomerId"/>
    </AttrArray>
  </Key>
  <ExpressionValidationBean
    xmlns="http://xmlns.oracle.com/adfm/validation"
    Name="PaymentOptionEO_Rule_0"
    OperandType="EXPR"
    Inverse="false">
    <OnAttributes>
      <Item Value="PaymentTypeCode"/>
    </OnAttributes>
    <OnCondition>
      <![CDATA[PaymentTypeCode == "IN"]]>
    </OnCondition>
    <ResExpressions>
      <Expression
        Name="1"><![CDATA[source.hints.ValidFromDate.label]]></Expression>
      <Expression
        Name="0"><![CDATA[source.hints.ValidToDate.label]]></Expression>
    </ResExpressions>
    <MsgIds>
      <Item
        Value="PaymentOptionEO_DateRange_Error_0"/>
    </MsgIds>
    <TransientExpression>
      <![CDATA[ValidFromDate < ValidToDate]]>
    </TransientExpression>
  </ExpressionValidationBean>
  <ResourceBundle>
    <PropertiesBundle
      PropertiesFile="oracle.fodemo.storefront.entities.common.PaymentOptionEOMsgBundle"/>
  </ResourceBundle>
</Entity>
