<?xml version="1.0" encoding="windows-1252" ?>
<!DOCTYPE Entity SYSTEM "jbo_03_01.dtd">
<!---->
<Entity
  xmlns="http://xmlns.oracle.com/bc4j"
  Name="SupplierEO"
  DBObjectType="table"
  DBObjectName="SUPPLIERS"
  AliasName="SupplierEO"
  BindingStyle="OracleName"
  UseGlueCode="false"
  Version="11.1.1.48.80">
  <DesignTime>
    <AttrArray Name="_publishEvents"/>
    <Attr Name="_codeGenFlag2" Value="Access"/>
  </DesignTime>
  <Attribute
    Name="SupplierId"
    IsNotNull="true"
    Precision="15"
    Scale="0"
    ColumnName="SUPPLIER_ID"
    Type="oracle.jbo.domain.Number"
    ColumnType="NUMBER"
    SQLType="NUMERIC"
    TableName="SUPPLIERS"
    PrimaryKey="true">
    <DesignTime>
      <Attr Name="_DisplaySize" Value="22"/>
    </DesignTime>
    <Properties>
      <SchemaBasedProperties>
        <LABEL
          ResId="SupplierId_LABEL"/>
      </SchemaBasedProperties>
    </Properties>
  </Attribute>
  <Attribute
    Name="SupplierName"
    Precision="120"
    ColumnName="SUPPLIER_NAME"
    Type="java.lang.String"
    ColumnType="VARCHAR2"
    SQLType="VARCHAR"
    TableName="SUPPLIERS"
    IsNotNull="true">
    <DesignTime>
      <Attr Name="_DisplaySize" Value="120"/>
    </DesignTime>
    <Properties>
      <SchemaBasedProperties>
        <LABEL
          ResId="SupplierName_LABEL"/>
      </SchemaBasedProperties>
    </Properties>
  </Attribute>
  <Attribute
    Name="SupplierStatus"
    IsNotNull="true"
    Precision="30"
    ColumnName="SUPPLIER_STATUS"
    Type="java.lang.String"
    ColumnType="VARCHAR2"
    SQLType="VARCHAR"
    TableName="SUPPLIERS">
    <DesignTime>
      <Attr Name="_DisplaySize" Value="30"/>
    </DesignTime>
    <Properties>
      <SchemaBasedProperties>
        <LABEL
          ResId="SupplierStatus_LABEL"/>
      </SchemaBasedProperties>
    </Properties>
  </Attribute>
  <Attribute
    Name="CreatedBy"
    IsNotNull="true"
    DefaultValue="FOD"
    Precision="60"
    ColumnName="CREATED_BY"
    Type="java.lang.String"
    ColumnType="VARCHAR2"
    SQLType="VARCHAR"
    TableName="SUPPLIERS">
    <DesignTime>
      <Attr Name="_DisplaySize" Value="60"/>
    </DesignTime>
  </Attribute>
  <Attribute
    Name="CreationDate"
    IsUpdateable="while_insert"
    IsNotNull="true"
    ColumnName="CREATION_DATE"
    Type="oracle.jbo.domain.Date"
    ColumnType="DATE"
    SQLType="DATE"
    TableName="SUPPLIERS"
    HistoryColumn="DateHistory">
    <DesignTime>
      <Attr Name="_DisplaySize" Value="7"/>
    </DesignTime>
  </Attribute>
  <Attribute
    Name="LastUpdatedBy"
    IsNotNull="true"
    DefaultValue="FOD"
    Precision="60"
    ColumnName="LAST_UPDATED_BY"
    Type="java.lang.String"
    ColumnType="VARCHAR2"
    SQLType="VARCHAR"
    TableName="SUPPLIERS">
    <DesignTime>
      <Attr Name="_DisplaySize" Value="60"/>
    </DesignTime>
  </Attribute>
  <Attribute
    Name="LastUpdateDate"
    IsNotNull="true"
    ColumnName="LAST_UPDATE_DATE"
    Type="oracle.jbo.domain.Date"
    ColumnType="DATE"
    SQLType="DATE"
    TableName="SUPPLIERS"
    HistoryColumn="DateHistory">
    <DesignTime>
      <Attr Name="_DisplaySize" Value="7"/>
    </DesignTime>
  </Attribute>
  <Attribute
    Name="ObjectVersionId"
    IsNotNull="true"
    Precision="15"
    Scale="0"
    ColumnName="OBJECT_VERSION_ID"
    Type="oracle.jbo.domain.Number"
    ColumnType="NUMBER"
    SQLType="NUMERIC"
    TableName="SUPPLIERS"
    ChangeIndicator="true"
    HistoryColumn="VersionHistory">
    <DesignTime>
      <Attr Name="_DisplaySize" Value="22"/>
    </DesignTime>
  </Attribute>
  <Attribute
    Name="PhoneNumber"
    Precision="20"
    ColumnName="PHONE_NUMBER"
    Type="java.lang.String"
    ColumnType="VARCHAR2"
    SQLType="VARCHAR"
    TableName="SUPPLIERS">
    <DesignTime>
      <Attr Name="_DisplaySize" Value="20"/>
    </DesignTime>
    <Properties>
      <SchemaBasedProperties>
        <LABEL
          ResId="PhoneNumber_LABEL"/>
      </SchemaBasedProperties>
    </Properties>
  </Attribute>
  <Attribute
    Name="Email"
    Precision="25"
    ColumnName="EMAIL"
    Type="java.lang.String"
    ColumnType="VARCHAR2"
    SQLType="VARCHAR"
    TableName="SUPPLIERS">
    <DesignTime>
      <Attr Name="_DisplaySize" Value="25"/>
    </DesignTime>
    <Properties>
      <SchemaBasedProperties>
        <LABEL
          ResId="Email_LABEL"/>
      </SchemaBasedProperties>
    </Properties>
  </Attribute>
  <Attribute
    Name="UiSkin"
    Precision="60"
    ColumnName="UI_SKIN"
    Type="java.lang.String"
    ColumnType="VARCHAR2"
    SQLType="VARCHAR"
    TableName="SUPPLIERS">
    <DesignTime>
      <Attr Name="_DisplaySize" Value="60"/>
    </DesignTime>
    <Properties>
      <SchemaBasedProperties>
        <LABEL
          ResId="UiSkin_LABEL"/>
      </SchemaBasedProperties>
    </Properties>
  </Attribute>
  <AccessorAttribute
    Name="AddressUsage"
    Association="oracle.fodemo.storefront.entities.associations.AddressUsagesSuppliersFkAssoc"
    AssociationEnd="oracle.fodemo.storefront.entities.associations.AddressUsagesSuppliersFkAssoc.AddressUsage"
    AssociationOtherEnd="oracle.fodemo.storefront.entities.associations.AddressUsagesSuppliersFkAssoc.Supplier"
    Type="oracle.jbo.RowIterator"
    IsUpdateable="false"/>
  <AccessorAttribute
    Name="ProductBase"
    Association="oracle.fodemo.storefront.entities.associations.ProductsSuppliersFkAssoc"
    AssociationEnd="oracle.fodemo.storefront.entities.associations.ProductsSuppliersFkAssoc.ProductBase"
    AssociationOtherEnd="oracle.fodemo.storefront.entities.associations.ProductsSuppliersFkAssoc.Supplier"
    Type="oracle.jbo.RowIterator"
    IsUpdateable="false"/>
  <AccessorAttribute
    Name="AddressUsageEO"
    Association="oracle.fodemo.storefront.entities.AddressUsagesSuppliersFkAssoc"
    AssociationEnd="oracle.fodemo.storefront.entities.AddressUsagesSuppliersFkAssoc.AddressUsageEO"
    AssociationOtherEnd="oracle.fodemo.storefront.entities.AddressUsagesSuppliersFkAssoc.SupplierEO"
    Type="oracle.jbo.RowIterator"
    IsUpdateable="false"/>
  <AccessorAttribute
    Name="ProductBaseEO"
    Association="oracle.fodemo.storefront.entities.ProductsSuppliersFkAssoc"
    AssociationEnd="oracle.fodemo.storefront.entities.ProductsSuppliersFkAssoc.ProductBaseEO"
    AssociationOtherEnd="oracle.fodemo.storefront.entities.ProductsSuppliersFkAssoc.SupplierEO"
    Type="oracle.jbo.RowIterator"
    IsUpdateable="false"/>
  <Key
    Name="SuppliersPk"
    PrimaryKey="true">
    <DesignTime>
      <Attr Name="_DBObjectName" Value="SUPPLIERS_PK"/>
    </DesignTime>
    <AttrArray Name="Attributes">
      <Item Value="oracle.fodemo.storefront.entities.SupplierEO.SupplierId"/>
    </AttrArray>
  </Key>
  <Key
    Name="SysC0064984">
    <DesignTime>
      <Attr Name="_DBObjectName" Value="SYS_C0064984"/>
      <Attr Name="_isCheck" Value="true"/>
      <Attr Name="_checkCondition" Value='"SUPPLIER_ID" IS NOT NULL'/>
    </DesignTime>
    <AttrArray Name="Attributes">
      <Item Value="oracle.fodemo.storefront.entities.SupplierEO.SupplierId"/>
    </AttrArray>
  </Key>
  <Key
    Name="SysC0064985">
    <DesignTime>
      <Attr Name="_DBObjectName" Value="SYS_C0064985"/>
      <Attr Name="_isCheck" Value="true"/>
      <Attr Name="_checkCondition" Value='"SUPPLIER_NAME" IS NOT NULL'/>
    </DesignTime>
    <AttrArray Name="Attributes">
      <Item Value="oracle.fodemo.storefront.entities.SupplierEO.SupplierName"/>
    </AttrArray>
  </Key>
  <Key
    Name="SysC0064986">
    <DesignTime>
      <Attr Name="_DBObjectName" Value="SYS_C0064986"/>
      <Attr Name="_isCheck" Value="true"/>
      <Attr Name="_checkCondition" Value='"SUPPLIER_STATUS" IS NOT NULL'/>
    </DesignTime>
    <AttrArray Name="Attributes">
      <Item
        Value="oracle.fodemo.storefront.entities.SupplierEO.SupplierStatus"/>
    </AttrArray>
  </Key>
  <Key
    Name="SysC0064987">
    <DesignTime>
      <Attr Name="_DBObjectName" Value="SYS_C0064987"/>
      <Attr Name="_isCheck" Value="true"/>
      <Attr Name="_checkCondition" Value='"CREATED_BY" IS NOT NULL'/>
    </DesignTime>
    <AttrArray Name="Attributes">
      <Item Value="oracle.fodemo.storefront.entities.SupplierEO.CreatedBy"/>
    </AttrArray>
  </Key>
  <Key
    Name="SysC0064988">
    <DesignTime>
      <Attr Name="_DBObjectName" Value="SYS_C0064988"/>
      <Attr Name="_isCheck" Value="true"/>
      <Attr Name="_checkCondition" Value='"CREATION_DATE" IS NOT NULL'/>
    </DesignTime>
    <AttrArray Name="Attributes">
      <Item Value="oracle.fodemo.storefront.entities.SupplierEO.CreationDate"/>
    </AttrArray>
  </Key>
  <Key
    Name="SysC0064989">
    <DesignTime>
      <Attr Name="_DBObjectName" Value="SYS_C0064989"/>
      <Attr Name="_isCheck" Value="true"/>
      <Attr Name="_checkCondition" Value='"LAST_UPDATED_BY" IS NOT NULL'/>
    </DesignTime>
    <AttrArray Name="Attributes">
      <Item Value="oracle.fodemo.storefront.entities.SupplierEO.LastUpdatedBy"/>
    </AttrArray>
  </Key>
  <Key
    Name="SysC0064990">
    <DesignTime>
      <Attr Name="_DBObjectName" Value="SYS_C0064990"/>
      <Attr Name="_isCheck" Value="true"/>
      <Attr Name="_checkCondition" Value='"LAST_UPDATE_DATE" IS NOT NULL'/>
    </DesignTime>
    <AttrArray Name="Attributes">
      <Item
        Value="oracle.fodemo.storefront.entities.SupplierEO.LastUpdateDate"/>
    </AttrArray>
  </Key>
  <Key
    Name="SysC0064991">
    <DesignTime>
      <Attr Name="_DBObjectName" Value="SYS_C0064991"/>
      <Attr Name="_isCheck" Value="true"/>
      <Attr Name="_checkCondition" Value='"OBJECT_VERSION_ID" IS NOT NULL'/>
    </DesignTime>
    <AttrArray Name="Attributes">
      <Item
        Value="oracle.fodemo.storefront.entities.SupplierEO.ObjectVersionId"/>
    </AttrArray>
  </Key>
  <ResourceBundle>
    <PropertiesBundle
      PropertiesFile="oracle.fodemo.storefront.entities.common.SupplierEOMsgBundle"/>
  </ResourceBundle>
</Entity>
