<?xml version="1.0" encoding="windows-1252" ?>
<!DOCTYPE ViewLink SYSTEM "jbo_03_01.dtd">
<!---->
<ViewLink
  xmlns="http://xmlns.oracle.com/bc4j"
  Name="OrdersPersonsFkLink"
  EntityAssociation="devguide.advanced.xml.entities.OrdersPersonsFkAssoc">
  <DesignTime>
    <Attr Name="_isCodegen" Value="true"/>
    <Attr Name="_version" Value="11.1.1.46.77"/>
  </DesignTime>
  <ViewLinkDefEnd
    Name="PersonsView"
    Cardinality="1"
    Owner="devguide.advanced.xml.queries.PersonsView"
    Source="true">
    <AttrArray Name="Attributes">
      <Item Value="devguide.advanced.xml.queries.PersonsView.PersonId"/>
    </AttrArray>
    <DesignTime>
      <Attr Name="_minCardinality" Value="1"/>
      <Attr Name="_isUpdateable" Value="true"/>
      <Attr Name="_finderName" Value="PersonsView"/>
    </DesignTime>
  </ViewLinkDefEnd>
  <ViewLinkDefEnd
    Name="OrdersView"
    Cardinality="-1"
    Owner="devguide.advanced.xml.queries.OrdersView">
    <AttrArray Name="Attributes">
      <Item Value="devguide.advanced.xml.queries.OrdersView.CustomerId"/>
    </AttrArray>
    <DesignTime>
      <Attr Name="_isUpdateable" Value="true"/>
      <Attr Name="_finderName" Value="OrdersView"/>
    </DesignTime>
  </ViewLinkDefEnd>
</ViewLink>
