<?xml version="1.0" encoding="windows-1252" ?>
<!DOCTYPE ViewLink SYSTEM "jbo_03_01.dtd">
<!---->
<ViewLink
  xmlns="http://xmlns.oracle.com/bc4j"
  Name="AddressUsagesAddressesFkLink"
  Version="11.1.1.48.45"
  EntityAssociation="devguige.model.eo.AddressUsagesAddressesFkAssoc">
  <DesignTime>
    <Attr Name="_isCodegen" Value="true"/>
  </DesignTime>
  <ViewLinkDefEnd
    Name="AddressesView"
    Cardinality="1"
    Owner="devguige.model.vo.AddressesView"
    Source="true">
    <DesignTime>
      <Attr Name="_minCardinality" Value="1"/>
      <Attr Name="_isUpdateable" Value="true"/>
      <Attr Name="_finderName" Value="AddressesView"/>
    </DesignTime>
    <AttrArray Name="Attributes">
      <Item Value="devguige.model.vo.AddressesView.AddressId"/>
    </AttrArray>
  </ViewLinkDefEnd>
  <ViewLinkDefEnd
    Name="AddressUsagesView"
    Cardinality="-1"
    Owner="devguige.model.vo.AddressUsagesView">
    <DesignTime>
      <Attr Name="_isUpdateable" Value="true"/>
      <Attr Name="_finderName" Value="AddressUsagesView"/>
    </DesignTime>
    <AttrArray Name="Attributes">
      <Item Value="devguige.model.vo.AddressUsagesView.AddressId"/>
    </AttrArray>
  </ViewLinkDefEnd>
</ViewLink>
