<?xml version="1.0" encoding="windows-1252" ?>
<!DOCTYPE ViewObject SYSTEM "jbo_03_01.dtd">
<!---->
<ViewObject
  xmlns="http://xmlns.oracle.com/bc4j"
  Name="FilterShipToAddress"
  Version="11.1.1.48.45"
  SelectList="AddressUsages.ADDRESS_ID, 
       AddressUsages.ADDRESS_USAGES_ID, 
       AddressUsages.ASSOCIATED_OWNER_ID"
  FromList="ADDRESS_USAGES AddressUsages"
  BindingStyle="OracleName"
  CustomQuery="false"
  PageIterMode="Full"
  UseGlueCode="false">
  <DesignTime>
    <Attr Name="_codeGenFlag2" Value=""/>
  </DesignTime>
  <Variable
    Name="cus_id"
    Kind="where"
    Type="oracle.jbo.domain.Number"/>
  <EntityUsage
    Name="AddressUsages"
    Entity="devguige.model.eo.AddressUsages"
    JoinType="INNER JOIN"/>
  <ViewAttribute
    Name="AddressId"
    IsNotNull="true"
    PrecisionRule="true"
    EntityAttrName="AddressId"
    EntityUsage="AddressUsages"
    AliasName="ADDRESS_ID"/>
  <ViewAttribute
    Name="AddressUsagesId"
    IsNotNull="true"
    PrecisionRule="true"
    EntityAttrName="AddressUsagesId"
    EntityUsage="AddressUsages"
    AliasName="ADDRESS_USAGES_ID"/>
  <ViewAttribute
    Name="AssociatedOwnerId"
    IsNotNull="true"
    PrecisionRule="true"
    EntityAttrName="AssociatedOwnerId"
    EntityUsage="AddressUsages"
    AliasName="ASSOCIATED_OWNER_ID"/>
  <ViewCriteria
    Name="FilterShipToAddressCriteria"
    ViewObjectName="devguige.model.vo.FilterShipToAddress"
    Conjunction="AND">
    <Properties>
      <CustomProperties>
        <Property
          Name="mode"
          Value="Basic"/>
        <Property
          Name="allowConjunctionOverride"
          Value="true"/>
        <Property
          Name="autoExecute"
          Value="false"/>
        <Property
          Name="showInList"
          Value="true"/>
        <Property
          Name="displayOperators"
          Value="InAdvancedMode"/>
      </CustomProperties>
    </Properties>
    <ViewCriteriaRow
      Name="vcrow2"
      UpperColumns="1">
      <ViewCriteriaItem
        Name="AssociatedOwnerId"
        ViewAttribute="AssociatedOwnerId"
        Operator="="
        Conjunction="AND"
        Value=":cus_id"
        IsBindVarValue="true"
        Required="Optional"/>
    </ViewCriteriaRow>
  </ViewCriteria>
</ViewObject>
