<?xml version="1.0" encoding="windows-1252" ?>
<!DOCTYPE ViewObject SYSTEM "jbo_03_01.dtd">
<!---->
<ViewObject
  xmlns="http://xmlns.oracle.com/bc4j"
  Name="OrdersShipppingVO"
  Version="11.1.1.48.45"
  BindingStyle="OracleName"
  CustomQuery="false"
  PageIterMode="Full"
  UseGlueCode="false"
  FetchMode="FETCH_AS_NEEDED"
  FromList="ORDERS Orders, ADDRESSES Addresses"
  Where="Orders.SHIP_TO_ADDRESS_ID = Addresses.ADDRESS_ID"
  SelectList="Orders.ORDER_ID, 
       Orders.ORDER_DATE, 
       Orders.ORDER_SHIPPED_DATE, 
       Orders.ORDER_STATUS_CODE, 
       Orders.ORDER_TOTAL, 
       Orders.CUSTOMER_ID, 
       Orders.SHIP_TO_NAME, 
       Orders.SHIP_TO_ADDRESS_ID, 
       Addresses.ADDRESS_ID, 
       Addresses.ADDRESS1, 
       Addresses.ADDRESS2, 
       Addresses.CITY, 
       Addresses.STATE_PROVINCE, 
       Addresses.POSTAL_CODE, 
       Addresses.COUNTRY_ID">
  <DesignTime>
    <Attr Name="_codeGenFlag2" Value=""/>
  </DesignTime>
  <ViewAccessor
    Name="FilterShipToAddress1"
    ViewObjectName="devguige.model.vo.FilterShipToAddress">
    <ViewCriteriaUsage
      Name="FilterShipToAddressCriteria"
      FullName="devguige.model.vo.FilterShipToAddress.FilterShipToAddressCriteria"/>
    <ParameterMap>
      <PIMap Variable="cus_id">
        <TransientExpression>
          <![CDATA[CustomerId]]>
        </TransientExpression>
      </PIMap>
    </ParameterMap>
  </ViewAccessor>
  <ListBinding
    Name="LOV_ShipToAddressId"
    ListVOName="FilterShipToAddress1"
    ListRangeSize="-1"
    NullValueId="LOV_ShipToAddressId_LOVUIHints_NullValueId"
    MRUCount="0"
    NullValueFlag="none">
    <AttrArray Name="AttrNames">
      <Item Value="ShipToAddressId"/>
    </AttrArray>
    <AttrArray Name="ListAttrNames">
      <Item Value="AddressId"/>
    </AttrArray>
  </ListBinding>
  <EntityUsage
    Name="Orders"
    Entity="devguige.model.eo.Orders"
    JoinType="INNER JOIN"/>
  <EntityUsage
    Name="Addresses"
    Entity="devguige.model.eo.Addresses"
    Association="devguige.model.eo.OrdersAddressesFkAssoc"
    AssociationEnd="devguige.model.eo.OrdersAddressesFkAssoc.Addresses"
    SourceUsage="devguige.model.vo.OrdersShipppingVO.Orders"
    ReadOnly="true"
    Reference="true"
    DeleteParticipant="false"
    JoinType="INNER JOIN">
    <DesignTime>
      <AttrArray Name="_srcAttributes">
        <Item Value="devguige.model.eo.Orders.ShipToAddressId"/>
      </AttrArray>
      <AttrArray Name="_dstAttributes">
        <Item Value="devguige.model.eo.Addresses.AddressId"/>
      </AttrArray>
    </DesignTime>
  </EntityUsage>
  <ViewAttribute
    Name="OrderId"
    IsNotNull="true"
    PrecisionRule="true"
    EntityAttrName="OrderId"
    EntityUsage="Orders"
    AliasName="ORDER_ID"/>
  <ViewAttribute
    Name="OrderDate"
    IsNotNull="true"
    PrecisionRule="true"
    EntityAttrName="OrderDate"
    EntityUsage="Orders"
    AliasName="ORDER_DATE"/>
  <ViewAttribute
    Name="OrderShippedDate"
    PrecisionRule="true"
    EntityAttrName="OrderShippedDate"
    EntityUsage="Orders"
    AliasName="ORDER_SHIPPED_DATE"/>
  <ViewAttribute
    Name="OrderStatusCode"
    IsNotNull="true"
    PrecisionRule="true"
    EntityAttrName="OrderStatusCode"
    EntityUsage="Orders"
    AliasName="ORDER_STATUS_CODE"/>
  <ViewAttribute
    Name="OrderTotal"
    IsNotNull="true"
    PrecisionRule="true"
    EntityAttrName="OrderTotal"
    EntityUsage="Orders"
    AliasName="ORDER_TOTAL"/>
  <ViewAttribute
    Name="CustomerId"
    IsNotNull="true"
    PrecisionRule="true"
    EntityAttrName="CustomerId"
    EntityUsage="Orders"
    AliasName="CUSTOMER_ID"/>
  <ViewAttribute
    Name="ShipToName"
    PrecisionRule="true"
    EntityAttrName="ShipToName"
    EntityUsage="Orders"
    AliasName="SHIP_TO_NAME"/>
  <ViewAttribute
    Name="ShipToAddressId"
    IsNotNull="true"
    PrecisionRule="true"
    EntityAttrName="ShipToAddressId"
    EntityUsage="Orders"
    AliasName="SHIP_TO_ADDRESS_ID"
    LOVName="LOV_ShipToAddressId">
    <Properties>
      <SchemaBasedProperties>
        <CONTROLTYPE
          Value="choice"/>
      </SchemaBasedProperties>
    </Properties>
  </ViewAttribute>
  <ViewAttribute
    Name="AddressId"
    IsNotNull="true"
    PrecisionRule="true"
    EntityAttrName="AddressId"
    EntityUsage="Addresses"
    AliasName="ADDRESS_ID"
    IsUpdateable="false">
    <Properties>
      <SchemaBasedProperties>
        <DISPLAYHINT
          Value="Hide"/>
      </SchemaBasedProperties>
    </Properties>
  </ViewAttribute>
  <ViewAttribute
    Name="Address1"
    IsNotNull="true"
    PrecisionRule="true"
    EntityAttrName="Address1"
    EntityUsage="Addresses"
    AliasName="ADDRESS1"/>
  <ViewAttribute
    Name="Address2"
    PrecisionRule="true"
    EntityAttrName="Address2"
    EntityUsage="Addresses"
    AliasName="ADDRESS2"/>
  <ViewAttribute
    Name="City"
    IsNotNull="true"
    PrecisionRule="true"
    EntityAttrName="City"
    EntityUsage="Addresses"
    AliasName="CITY"/>
  <ViewAttribute
    Name="StateProvince"
    IsNotNull="true"
    PrecisionRule="true"
    EntityAttrName="StateProvince"
    EntityUsage="Addresses"
    AliasName="STATE_PROVINCE"/>
  <ViewAttribute
    Name="PostalCode"
    PrecisionRule="true"
    EntityAttrName="PostalCode"
    EntityUsage="Addresses"
    AliasName="POSTAL_CODE"/>
  <ViewAttribute
    Name="CountryId"
    IsNotNull="true"
    PrecisionRule="true"
    EntityAttrName="CountryId"
    EntityUsage="Addresses"
    AliasName="COUNTRY_ID"/>
  <ResourceBundle>
    <PropertiesBundle
      PropertiesFile="devguige.model.ModelBundle"/>
  </ResourceBundle>
</ViewObject>
