<?xml version = '1.0' encoding = 'UTF-8'?>
<jazn-data>
   <jazn-realm default="jazn.com">
      <realm>
         <name>jazn.com</name>
         <users>
            <user>
               <name>sking</name>
               <guid>09FC5C61F68111DCAF1DB790A6B3BAC5</guid>
               <credentials>{903}A0VQ5ozADte7EKIJzcTi6xMZ7YDpRXY5</credentials>
            </user>
            <user>
               <name>ahunold</name>
               <guid>09FEA650F68111DCAF1DB790A6B3BAC5</guid>
               <credentials>{903}/SQSrKZYCLW068VJpHaodILd48mJI47w</credentials>
            </user>
            <user>
               <name>fdaviet</name>
               <guid>0A011750F68111DCAF1DB790A6B3BAC5</guid>
               <credentials>{903}yEBQt3Bn4Cz8+PsRF6GCdEujLyCkEUBj</credentials>
            </user>
            <user>
               <name>ngreenbe</name>
               <guid>0A038850F68111DCAF1DB790A6B3BAC5</guid>
               <credentials>{903}vMkvNJEw++5wxf20sP+ENiUevOZ2/rf+</credentials>
            </user>
         </users>
         <roles>
            <role>
               <name>fod-users</name>
               <guid>0A084340F68111DCAF1DB790A6B3BAC5</guid>
               <members>
                  <member>
                     <type>user</type>
                     <name>sking</name>
                  </member>
                  <member>
                     <type>user</type>
                     <name>ahunold</name>
                  </member>
                  <member>
                     <type>user</type>
                     <name>fdaviet</name>
                  </member>
                  <member>
                     <type>user</type>
                     <name>ngreenbe</name>
                  </member>
               </members>
            </role>
            <role>
               <name>fod-admin</name>
               <guid>0A0CFE30F68111DCAF1DB790A6B3BAC5</guid>
               <members>
                  <member>
                     <type>user</type>
                     <name>sking</name>
                  </member>
                  <member>
                     <type>user</type>
                     <name>ahunold</name>
                  </member>
               </members>
            </role>
         </roles>
      </realm>
   </jazn-realm>
   <policy-store>
      <applications>
         <application>
            <name>StoreFrontModule</name>
            <app-roles>
               <app-role>
                  <name>fod-users</name>
                  <display-name>FOD Users</display-name>
                  <class>oracle.security.jps.service.policystore.ApplicationRole</class>
                  <members>
                     <member>
                        <class>oracle.security.jps.internal.core.principals.JpsXmlUserImpl</class>
                        <name>sking</name>
                     </member>
                     <member>
                        <class>oracle.security.jps.internal.core.principals.JpsXmlUserImpl</class>
                        <name>ahunold</name>
                     </member>
                     <member>
                        <class>oracle.security.jps.internal.core.principals.JpsXmlUserImpl</class>
                        <name>fdaviet</name>
                     </member>
                     <member>
                        <class>oracle.security.jps.internal.core.principals.JpsXmlUserImpl</class>
                        <name>ngreenbe</name>
                     </member>
                  </members>
               </app-role>
            </app-roles>
            <jazn-policy>
               <grant>
                  <grantee>
                     <principals>
                        <principal>
                           <class>oracle.security.jps.service.policystore.ApplicationRole</class>
                           <name>fod-users</name>
                        </principal>
                     </principals>
                  </grantee>
                  <permissions>
                     <permission>
                        <class>oracle.adf.controller.security.TaskFlowPermission</class>
                        <name>/WEB-INF/checkout-task-flow.xml#checkout-task-flow</name>
                        <actions>view</actions>
                     </permission>
                     <permission>
                        <class>oracle.adf.controller.security.TaskFlowPermission</class>
                        <name>/WEB-INF/customer-registration-task-flow.xml#customer-registration-task-flow</name>
                        <actions>view</actions>
                     </permission>
                     <permission>
                        <class>oracle.adf.controller.security.TaskFlowPermission</class>
                        <name>/WEB-INF/employee-registration-task-flow.xml#employee-registration-task-flow</name>
                        <actions>view</actions>
                     </permission>
                     <permission>
                        <class>oracle.adf.controller.security.TaskFlowPermission</class>
                        <name>/WEB-INF/user-registration-task-flow.xml#user-registration-task-flow</name>
                        <actions>view</actions>
                     </permission>
                     <permission>
                        <class>oracle.adf.share.security.authorization.RegionPermission</class>
                        <name>oracle.fodemo.storefront.pageDefs.homePageDef</name>
                        <actions>view</actions>
                     </permission>
                     <permission>
                        <class>oracle.adf.share.security.authorization.RegionPermission</class>
                        <name>oracle.fodemo.storefront.pageDefs.loginPageDef</name>
                        <actions>view</actions>
                     </permission>
                     <permission>
                        <class>oracle.adf.share.security.authorization.RegionPermission</class>
                        <name>oracle.fodemo.storefront.pageDefs.registerUserPageDef</name>
                        <actions>view</actions>
                     </permission>
                     <permission>
                        <class>oracle.adf.share.security.authorization.RegionPermission</class>
                        <name>oracle.fodemo.storefront.pageDefs.account_updateUserInfoPageDef</name>
                        <actions>view</actions>
                     </permission>
                     <permission>
                        <class>oracle.adf.share.security.authorization.RegionPermission</class>
                        <name>oracle.fodemo.storefront.pageDefs.templates_StoreFrontMasterDetailTemplatePageDef</name>
                        <actions>view</actions>
                     </permission>
                     <permission>
                        <class>oracle.adf.share.security.authorization.RegionPermission</class>
                        <name>oracle.fodemo.storefront.pageDefs.myOrdersPageDef</name>
                        <actions>view</actions>
                     </permission>
                    <!-- <permission>
                        <class>oracle.adf.share.security.authorization.RegionPermission</class>
                        <name>fod-secure</name>
                        <actions>view</actions>
                     </permission> -->
                  </permissions>
               </grant>
               <grant>
                  <grantee>
                     <principals>
                        <principal>
                           <class>oracle.security.jps.internal.core.principals.JpsAuthenticatedRoleImpl</class>
                           <name>authenticated-role</name>
                        </principal>
                     </principals>
                  </grantee>
                  <permissions>
                     <permission>
                        <class>oracle.adf.controller.security.TaskFlowPermission</class>
                        <name>/WEB-INF/customer-registration-task-flow.xml#customer-registration-task-flow</name>
                        <actions>view</actions>
                     </permission>
                     <permission>
                        <class>oracle.adf.controller.security.TaskFlowPermission</class>
                        <name>/WEB-INF/employee-registration-task-flow.xml#employee-registration-task-flow</name>
                        <actions>view</actions>
                     </permission>
                     <permission>
                        <class>oracle.adf.controller.security.TaskFlowPermission</class>
                        <name>/WEB-INF/user-registration-task-flow.xml#user-registration-task-flow</name>
                        <actions>view</actions>
                     </permission>
                     <permission>
                        <class>oracle.adf.share.security.authorization.RegionPermission</class>
                        <name>oracle.fodemo.storefront.pageDefs.homePageDef</name>
                        <actions>view</actions>
                     </permission>
                     <permission>
                        <class>oracle.adf.share.security.authorization.RegionPermission</class>
                        <name>oracle.fodemo.storefront.pageDefs.loginPageDef</name>
                        <actions>view</actions>
                     </permission>
                     <permission>
                        <class>oracle.adf.share.security.authorization.RegionPermission</class>
                        <name>oracle.fodemo.storefront.pageDefs.registerUserPageDef</name>
                        <actions>view</actions>
                     </permission>
                     <permission>
                        <class>oracle.adf.share.security.authorization.RegionPermission</class>
                        <name>oracle.fodemo.storefront.pageDefs.templates_StoreFrontMasterDetailTemplatePageDef</name>
                        <actions>view</actions>
                     </permission>
                     <permission>
                        <class>oracle.adf.share.security.authorization.RegionPermission</class>
                        <name>oracle.fodemo.storefront.pageDefs.myOrdersPageDef</name>
                        <actions>view</actions>
                     </permission>
                     <permission>
                        <class>oracle.adf.controller.security.TaskFlowPermission</class>
                        <name>/WEB-INF/checkout-task-flow.xml#checkout-task-flow</name>
                        <actions>view</actions>
                     </permission>
                  <!--   <permission>
                        <class>oracle.adf.share.security.authorization.RegionPermission</class>
                        <name>fod-secure</name>
                        <actions>view</actions>
                     </permission> -->
                  </permissions>
               </grant>
               <grant>
                  <grantee>
                     <principals>
                        <principal>
                           <class>oracle.security.jps.internal.core.principals.JpsAnonymousRoleImpl</class>
                           <name>anonymous-role</name>
                        </principal>
                     </principals>
                  </grantee>
                  <permissions>
                     <permission>
                        <class>oracle.adf.controller.security.TaskFlowPermission</class>
                        <name>/WEB-INF/customer-registration-task-flow.xml#customer-registration-task-flow</name>
                        <actions>view</actions>
                     </permission>
                     <permission>
                        <class>oracle.adf.controller.security.TaskFlowPermission</class>
                        <name>/WEB-INF/employee-registration-task-flow.xml#employee-registration-task-flow</name>
                        <actions>view</actions>
                     </permission>
                     <permission>
                        <class>oracle.adf.controller.security.TaskFlowPermission</class>
                        <name>/WEB-INF/user-registration-task-flow.xml#user-registration-task-flow</name>
                        <actions>view</actions>
                     </permission>
                     <permission>
                        <class>oracle.adf.share.security.authorization.RegionPermission</class>
                        <name>oracle.fodemo.storefront.pageDefs.homePageDef</name>
                        <actions>view</actions>
                     </permission>
                     <permission>
                        <class>oracle.adf.share.security.authorization.RegionPermission</class>
                        <name>oracle.fodemo.storefront.pageDefs.loginPageDef</name>
                        <actions>view</actions>
                     </permission>
                     <permission>
                        <class>oracle.adf.share.security.authorization.RegionPermission</class>
                        <name>oracle.fodemo.storefront.pageDefs.registerUserPageDef</name>
                        <actions>view</actions>
                     </permission>
                     <permission>
                        <class>oracle.adf.share.security.authorization.RegionPermission</class>
                        <name>oracle.fodemo.storefront.pageDefs.templates_StoreFrontMasterDetailTemplatePageDef</name>
                        <actions>view</actions>
                     </permission>
                  </permissions>
               </grant>
            </jazn-policy>
         </application>
      </applications>
   </policy-store>
</jazn-data>