<?xml version = '1.0' encoding = 'UTF-8'?>
<jazn-data>
   <jazn-realm default="jazn.com">
      <realm>
         <name>jazn.com</name>
      </realm>
   </jazn-realm>
   <policy-store>
      <applications>
         <application>
            <name>StoreFrontModule</name>
            <app-roles>
               <app-role>
                  <name>fod-users</name>
                  <display-name>FOD Users</display-name>
                  <class>oracle.security.jps.service.policystore.ApplicationRole</class>
                  <members>
                     <member>
                        <class>oracle.security.jps.internal.core.principals.JpsXmlUserImpl</class>
                        <name>sking</name>
                     </member>
                     <member>
                        <class>oracle.security.jps.internal.core.principals.JpsXmlUserImpl</class>
                        <name>ahunold</name>
                     </member>
                     <member>
                        <class>oracle.security.jps.internal.core.principals.JpsXmlUserImpl</class>
                        <name>fdaviet</name>
                     </member>
                     <member>
                        <class>oracle.security.jps.internal.core.principals.JpsXmlUserImpl</class>
                        <name>ngreenbe</name>
                     </member>
                  </members>
               </app-role>
            </app-roles>
            <jazn-policy>
               <grant>
                  <grantee>
                     <principals>
                        <principal>
                           <class>oracle.security.jps.service.policystore.ApplicationRole</class>
                           <name>fod-users</name>
                        </principal>
                     </principals>
                  </grantee>
                  <permissions>
                     <permission>
                        <class>oracle.adf.controller.security.TaskFlowPermission</class>
                        <name>/WEB-INF/checkout-task-flow.xml#checkout-task-flow</name>
                        <actions>view</actions>
                     </permission>
                     <permission>
                        <class>oracle.adf.controller.security.TaskFlowPermission</class>
                        <name>/WEB-INF/customer-registration-task-flow.xml#customer-registration-task-flow</name>
                        <actions>view</actions>
                     </permission>
                     <permission>
                        <class>oracle.adf.controller.security.TaskFlowPermission</class>
                        <name>/WEB-INF/employee-registration-task-flow.xml#employee-registration-task-flow</name>
                        <actions>view</actions>
                     </permission>
                     <permission>
                        <class>oracle.adf.controller.security.TaskFlowPermission</class>
                        <name>/WEB-INF/user-registration-task-flow.xml#user-registration-task-flow</name>
                        <actions>view</actions>
                     </permission>
                     <permission>
                        <class>oracle.adf.share.security.authorization.RegionPermission</class>
                        <name>oracle.fodemo.storefront.pageDefs.homePageDef</name>
                        <actions>view</actions>
                     </permission>
                     <permission>
                        <class>oracle.adf.share.security.authorization.RegionPermission</class>
                        <name>oracle.fodemo.storefront.pageDefs.loginPageDef</name>
                        <actions>view</actions>
                     </permission>
                     <permission>
                        <class>oracle.adf.share.security.authorization.RegionPermission</class>
                        <name>oracle.fodemo.storefront.pageDefs.registerUserPageDef</name>
                        <actions>view</actions>
                     </permission>
                     <permission>
                        <class>oracle.adf.share.security.authorization.RegionPermission</class>
                        <name>oracle.fodemo.storefront.pageDefs.account_updateUserInfoPageDef</name>
                        <actions>view</actions>
                     </permission>
                     <permission>
                        <class>oracle.adf.share.security.authorization.RegionPermission</class>
                        <name>oracle.fodemo.storefront.pageDefs.templates_StoreFrontMasterDetailTemplatePageDef</name>
                        <actions>view</actions>
                     </permission>
                     <permission>
                        <class>oracle.adf.share.security.authorization.RegionPermission</class>
                        <name>oracle.fodemo.storefront.pageDefs.myOrdersPageDef</name>
                        <actions>view</actions>
                     </permission>
                  </permissions>
               </grant>
               <grant>
                  <grantee>
                     <principals>
                        <principal>
                           <class>oracle.security.jps.internal.core.principals.JpsAuthenticatedRoleImpl</class>
                           <name>authenticated-role</name>
                        </principal>
                     </principals>
                  </grantee>
                  <permissions>
                     <permission>
                        <class>oracle.adf.controller.security.TaskFlowPermission</class>
                        <name>/WEB-INF/customer-registration-task-flow.xml#customer-registration-task-flow</name>
                        <actions>view</actions>
                     </permission>
                     <permission>
                        <class>oracle.adf.controller.security.TaskFlowPermission</class>
                        <name>/WEB-INF/employee-registration-task-flow.xml#employee-registration-task-flow</name>
                        <actions>view</actions>
                     </permission>
                     <permission>
                        <class>oracle.adf.controller.security.TaskFlowPermission</class>
                        <name>/WEB-INF/user-registration-task-flow.xml#user-registration-task-flow</name>
                        <actions>view</actions>
                     </permission>
                     <permission>
                        <class>oracle.adf.share.security.authorization.RegionPermission</class>
                        <name>oracle.fodemo.storefront.pageDefs.homePageDef</name>
                        <actions>view</actions>
                     </permission>
                     <permission>
                        <class>oracle.adf.share.security.authorization.RegionPermission</class>
                        <name>oracle.fodemo.storefront.pageDefs.loginPageDef</name>
                        <actions>view</actions>
                     </permission>
                     <permission>
                        <class>oracle.adf.share.security.authorization.RegionPermission</class>
                        <name>oracle.fodemo.storefront.pageDefs.registerUserPageDef</name>
                        <actions>view</actions>
                     </permission>
                     <permission>
                        <class>oracle.adf.share.security.authorization.RegionPermission</class>
                        <name>oracle.fodemo.storefront.pageDefs.templates_StoreFrontMasterDetailTemplatePageDef</name>
                        <actions>view</actions>
                     </permission>
                     <permission>
                        <class>oracle.adf.share.security.authorization.RegionPermission</class>
                        <name>oracle.fodemo.storefront.pageDefs.myOrdersPageDef</name>
                        <actions>view</actions>
                     </permission>
                     <permission>
                        <class>oracle.adf.controller.security.TaskFlowPermission</class>
                        <name>/WEB-INF/checkout-task-flow.xml#checkout-task-flow</name>
                        <actions>view</actions>
                     </permission>
                  </permissions>
               </grant>
               <grant>
                  <grantee>
                     <principals>
                        <principal>
                           <class>oracle.security.jps.internal.core.principals.JpsAnonymousRoleImpl</class>
                           <name>anonymous-role</name>
                        </principal>
                     </principals>
                  </grantee>
                  <permissions>
                     <permission>
                        <class>oracle.adf.controller.security.TaskFlowPermission</class>
                        <name>/WEB-INF/customer-registration-task-flow.xml#customer-registration-task-flow</name>
                        <actions>view</actions>
                     </permission>
                     <permission>
                        <class>oracle.adf.controller.security.TaskFlowPermission</class>
                        <name>/WEB-INF/employee-registration-task-flow.xml#employee-registration-task-flow</name>
                        <actions>view</actions>
                     </permission>
                     <permission>
                        <class>oracle.adf.controller.security.TaskFlowPermission</class>
                        <name>/WEB-INF/user-registration-task-flow.xml#user-registration-task-flow</name>
                        <actions>view</actions>
                     </permission>
                     <permission>
                        <class>oracle.adf.share.security.authorization.RegionPermission</class>
                        <name>oracle.fodemo.storefront.pageDefs.homePageDef</name>
                        <actions>view</actions>
                     </permission>
                     <permission>
                        <class>oracle.adf.share.security.authorization.RegionPermission</class>
                        <name>oracle.fodemo.storefront.pageDefs.loginPageDef</name>
                        <actions>view</actions>
                     </permission>
                     <permission>
                        <class>oracle.adf.share.security.authorization.RegionPermission</class>
                        <name>oracle.fodemo.storefront.pageDefs.registerUserPageDef</name>
                        <actions>view</actions>
                     </permission>
                     <permission>
                        <class>oracle.adf.share.security.authorization.RegionPermission</class>
                        <name>oracle.fodemo.storefront.pageDefs.templates_StoreFrontMasterDetailTemplatePageDef</name>
                        <actions>view</actions>
                     </permission>
                  </permissions>
               </grant>
            </jazn-policy>
         </application>
      </applications>
   </policy-store>
   <jazn-policy>
      <grant>
         <grantee>
            <principals>
               <principal>
                  <class>oracle.security.jps.internal.core.principals.JpsXmlEnterpriseRoleImpl</class>
                  <name>Administrators</name>
               </principal>
            </principals>
         </grantee>
         <permissions>
            <permission>
               <class>oracle.security.jps.service.credstore.CredentialAccessPermission</class>
               <name>context=SYSTEM,mapName=*,keyName=*</name>
               <actions>*</actions>
            </permission>
         </permissions>
      </grant>
      <grant>
         <grantee>
            <codesource>
               <url>file:${domain.home}/lib/jps-api.jar</url>
            </codesource>
         </grantee>
         <permissions>
            <permission>
               <class>java.security.AllPermission</class>
            </permission>
         </permissions>
      </grant>
      <grant>
         <grantee>
            <codesource>
               <url>file:${domain.home}/lib/jps-unsupported-api.jar</url>
            </codesource>
         </grantee>
         <permissions>
            <permission>
               <class>java.security.AllPermission</class>
            </permission>
         </permissions>
      </grant>
      <grant>
         <grantee>
            <codesource>
               <url>file:${domain.home}/lib/jps-common.jar</url>
            </codesource>
         </grantee>
         <permissions>
            <permission>
               <class>java.security.AllPermission</class>
            </permission>
         </permissions>
      </grant>
      <grant>
         <grantee>
            <codesource>
               <url>file:${domain.home}/lib/jps-internal.jar</url>
            </codesource>
         </grantee>
         <permissions>
            <permission>
               <class>java.security.AllPermission</class>
            </permission>
         </permissions>
      </grant>
      <grant>
         <grantee>
            <codesource>
               <url>file:${domain.home}/lib/jps-wls.jar</url>
            </codesource>
         </grantee>
         <permissions>
            <permission>
               <class>java.security.AllPermission</class>
            </permission>
         </permissions>
      </grant>
      <grant>
         <grantee>
            <codesource>
               <url>file:${domain.home}/lib/jps-ee.jar</url>
            </codesource>
         </grantee>
         <permissions>
            <permission>
               <class>java.security.AllPermission</class>
            </permission>
         </permissions>
      </grant>
      <grant>
         <grantee>
            <codesource>
               <url>file:${oracle.home}/modules/oracle.jps_11.1.1/jps-api.jar</url>
            </codesource>
         </grantee>
         <permissions>
            <permission>
               <class>java.security.AllPermission</class>
            </permission>
         </permissions>
      </grant>
      <grant>
         <grantee>
            <codesource>
               <url>file:${oracle.home}/modules/oracle.jps_11.1.1/jps-unsupported-api.jar</url>
            </codesource>
         </grantee>
         <permissions>
            <permission>
               <class>java.security.AllPermission</class>
            </permission>
         </permissions>
      </grant>
      <grant>
         <grantee>
            <codesource>
               <url>file:${oracle.home}/modules/oracle.jps_11.1.1/jps-common.jar</url>
            </codesource>
         </grantee>
         <permissions>
            <permission>
               <class>java.security.AllPermission</class>
            </permission>
         </permissions>
      </grant>
      <grant>
         <grantee>
            <codesource>
               <url>file:${oracle.home}/modules/oracle.jps_11.1.1/jps-internal.jar</url>
            </codesource>
         </grantee>
         <permissions>
            <permission>
               <class>java.security.AllPermission</class>
            </permission>
         </permissions>
      </grant>
      <grant>
         <grantee>
            <codesource>
               <url>file:${oracle.home}/modules/oracle.jps_11.1.1/jps-wls.jar</url>
            </codesource>
         </grantee>
         <permissions>
            <permission>
               <class>java.security.AllPermission</class>
            </permission>
         </permissions>
      </grant>
      <grant>
         <grantee>
            <codesource>
               <url>file:${oracle.home}/modules/oracle.jps_11.1.1/jps-ee.jar</url>
            </codesource>
         </grantee>
         <permissions>
            <permission>
               <class>java.security.AllPermission</class>
            </permission>
         </permissions>
      </grant>
      <grant>
         <grantee>
            <codesource>
               <url>file:${oracle.home}/modules/oracle.adf.share_11.1.1/adf-share-support.jar</url>
            </codesource>
         </grantee>
         <permissions>
            <permission>
               <class>oracle.security.jps.service.credstore.CredentialAccessPermission</class>
               <name>context=SYSTEM,mapName=*,keyName=*</name>
               <actions>*</actions>
            </permission>
         </permissions>
      </grant>
      <grant>
         <grantee>
            <codesource>
               <url>file:${domain.home}/servers/${weblogic.Name}/-</url>
            </codesource>
         </grantee>
         <permissions>
            <permission>
               <class>oracle.security.jps.service.credstore.CredentialAccessPermission</class>
               <name>context=SYSTEM,mapName=default,keyName=*</name>
               <actions>read,write</actions>
            </permission>
            <permission>
               <class>oracle.security.jps.service.policystore.PolicyStoreAccessPermission</class>
               <name>context=SYSTEM</name>
               <actions>getConfiguredApplications</actions>
            </permission>
            <permission>
               <class>oracle.security.jps.service.policystore.PolicyStoreAccessPermission</class>
               <name>context=APPLICATION,name=*</name>
               <actions>getApplicationPolicy</actions>
            </permission>
         </permissions>
      </grant>
   </jazn-policy>
</jazn-data>